ISO-10303-21;
HEADER;
/* Generated by software containing ST-Developer
 * from STEP Tools, Inc. (www.steptools.com) 
 */

FILE_DESCRIPTION(
/* description */ (''),
/* implementation_level */ '2;1');

FILE_NAME(
/* name */ 'MGF0918A.step',
/* time_stamp */ '2026-08-04T16:54:02+03:00',
/* author */ (''),
/* organization */ (''),
/* preprocessor_version */ 'ST-DEVELOPER v20.1',
/* originating_system */ 'Autodesk Translation Framework v15.8.0.0',
/* authorisation */ '');

FILE_SCHEMA (('AUTOMOTIVE_DESIGN { 1 0 10303 214 3 1 1 }'));
ENDSEC;

DATA;
#10=MECHANICAL_DESIGN_GEOMETRIC_PRESENTATION_REPRESENTATION('',(#13),#3170);
#11=SHAPE_REPRESENTATION_RELATIONSHIP('SRR','None',#3177,#12);
#12=ADVANCED_BREP_SHAPE_REPRESENTATION('',(#14),#3169);
#13=STYLED_ITEM('',(#3186),#14);
#14=MANIFOLD_SOLID_BREP('Body1',#1898);
#15=FACE_BOUND('',#191,.T.);
#16=FACE_BOUND('',#192,.T.);
#17=ELLIPSE('',#1917,0.424264068711929,0.3);
#18=ELLIPSE('',#1918,0.424264068711928,0.3);
#19=ELLIPSE('',#1920,0.424264068711929,0.3);
#20=ELLIPSE('',#1947,0.424264068711929,0.3);
#21=PLANE('',#1915);
#22=PLANE('',#1921);
#23=PLANE('',#1949);
#24=PLANE('',#1950);
#25=PLANE('',#1951);
#26=PLANE('',#1953);
#27=PLANE('',#1954);
#28=PLANE('',#1955);
#29=PLANE('',#1956);
#30=PLANE('',#1957);
#31=PLANE('',#1958);
#32=PLANE('',#1959);
#33=PLANE('',#1960);
#34=PLANE('',#1961);
#35=PLANE('',#1962);
#36=PLANE('',#1963);
#37=PLANE('',#1964);
#38=PLANE('',#1965);
#39=PLANE('',#1966);
#40=PLANE('',#1967);
#41=PLANE('',#1972);
#42=PLANE('',#1973);
#43=PLANE('',#1974);
#44=PLANE('',#1975);
#45=PLANE('',#1976);
#46=PLANE('',#1977);
#47=PLANE('',#1978);
#48=PLANE('',#1979);
#49=PLANE('',#1980);
#50=PLANE('',#1981);
#51=PLANE('',#1982);
#52=PLANE('',#1987);
#53=PLANE('',#1988);
#54=PLANE('',#1989);
#55=PLANE('',#1991);
#56=PLANE('',#1992);
#57=PLANE('',#1993);
#58=PLANE('',#1995);
#59=PLANE('',#1996);
#60=PLANE('',#1997);
#61=PLANE('',#1999);
#62=PLANE('',#2004);
#63=PLANE('',#2007);
#64=PLANE('',#2010);
#65=PLANE('',#2034);
#66=PLANE('',#2035);
#67=PLANE('',#2036);
#68=PLANE('',#2037);
#69=PLANE('',#2038);
#70=PLANE('',#2040);
#71=PLANE('',#2043);
#72=PLANE('',#2047);
#73=PLANE('',#2050);
#74=PLANE('',#2053);
#75=PLANE('',#2056);
#76=PLANE('',#2059);
#77=PLANE('',#2062);
#78=PLANE('',#2064);
#79=PLANE('',#2065);
#80=PLANE('',#2066);
#81=PLANE('',#2067);
#82=PLANE('',#2068);
#83=PLANE('',#2069);
#84=PLANE('',#2070);
#85=PLANE('',#2071);
#86=PLANE('',#2072);
#87=PLANE('',#2073);
#88=PLANE('',#2074);
#89=FACE_OUTER_BOUND('',#186,.T.);
#90=FACE_OUTER_BOUND('',#187,.T.);
#91=FACE_OUTER_BOUND('',#188,.T.);
#92=FACE_OUTER_BOUND('',#189,.T.);
#93=FACE_OUTER_BOUND('',#190,.T.);
#94=FACE_OUTER_BOUND('',#193,.T.);
#95=FACE_OUTER_BOUND('',#194,.T.);
#96=FACE_OUTER_BOUND('',#195,.T.);
#97=FACE_OUTER_BOUND('',#196,.T.);
#98=FACE_OUTER_BOUND('',#197,.T.);
#99=FACE_OUTER_BOUND('',#198,.T.);
#100=FACE_OUTER_BOUND('',#199,.T.);
#101=FACE_OUTER_BOUND('',#200,.T.);
#102=FACE_OUTER_BOUND('',#201,.T.);
#103=FACE_OUTER_BOUND('',#202,.T.);
#104=FACE_OUTER_BOUND('',#203,.T.);
#105=FACE_OUTER_BOUND('',#204,.T.);
#106=FACE_OUTER_BOUND('',#205,.T.);
#107=FACE_OUTER_BOUND('',#206,.T.);
#108=FACE_OUTER_BOUND('',#207,.T.);
#109=FACE_OUTER_BOUND('',#208,.T.);
#110=FACE_OUTER_BOUND('',#209,.T.);
#111=FACE_OUTER_BOUND('',#210,.T.);
#112=FACE_OUTER_BOUND('',#211,.T.);
#113=FACE_OUTER_BOUND('',#212,.T.);
#114=FACE_OUTER_BOUND('',#213,.T.);
#115=FACE_OUTER_BOUND('',#214,.T.);
#116=FACE_OUTER_BOUND('',#215,.T.);
#117=FACE_OUTER_BOUND('',#216,.T.);
#118=FACE_OUTER_BOUND('',#217,.T.);
#119=FACE_OUTER_BOUND('',#218,.T.);
#120=FACE_OUTER_BOUND('',#219,.T.);
#121=FACE_OUTER_BOUND('',#220,.T.);
#122=FACE_OUTER_BOUND('',#221,.T.);
#123=FACE_OUTER_BOUND('',#222,.T.);
#124=FACE_OUTER_BOUND('',#223,.T.);
#125=FACE_OUTER_BOUND('',#224,.T.);
#126=FACE_OUTER_BOUND('',#225,.T.);
#127=FACE_OUTER_BOUND('',#226,.T.);
#128=FACE_OUTER_BOUND('',#227,.T.);
#129=FACE_OUTER_BOUND('',#228,.T.);
#130=FACE_OUTER_BOUND('',#229,.T.);
#131=FACE_OUTER_BOUND('',#230,.T.);
#132=FACE_OUTER_BOUND('',#231,.T.);
#133=FACE_OUTER_BOUND('',#232,.T.);
#134=FACE_OUTER_BOUND('',#233,.T.);
#135=FACE_OUTER_BOUND('',#234,.T.);
#136=FACE_OUTER_BOUND('',#235,.T.);
#137=FACE_OUTER_BOUND('',#236,.T.);
#138=FACE_OUTER_BOUND('',#237,.T.);
#139=FACE_OUTER_BOUND('',#238,.T.);
#140=FACE_OUTER_BOUND('',#239,.T.);
#141=FACE_OUTER_BOUND('',#240,.T.);
#142=FACE_OUTER_BOUND('',#241,.T.);
#143=FACE_OUTER_BOUND('',#242,.T.);
#144=FACE_OUTER_BOUND('',#243,.T.);
#145=FACE_OUTER_BOUND('',#244,.T.);
#146=FACE_OUTER_BOUND('',#245,.T.);
#147=FACE_OUTER_BOUND('',#246,.T.);
#148=FACE_OUTER_BOUND('',#247,.T.);
#149=FACE_OUTER_BOUND('',#248,.T.);
#150=FACE_OUTER_BOUND('',#249,.T.);
#151=FACE_OUTER_BOUND('',#250,.T.);
#152=FACE_OUTER_BOUND('',#251,.T.);
#153=FACE_OUTER_BOUND('',#252,.T.);
#154=FACE_OUTER_BOUND('',#253,.T.);
#155=FACE_OUTER_BOUND('',#254,.T.);
#156=FACE_OUTER_BOUND('',#255,.T.);
#157=FACE_OUTER_BOUND('',#256,.T.);
#158=FACE_OUTER_BOUND('',#257,.T.);
#159=FACE_OUTER_BOUND('',#258,.T.);
#160=FACE_OUTER_BOUND('',#259,.T.);
#161=FACE_OUTER_BOUND('',#260,.T.);
#162=FACE_OUTER_BOUND('',#261,.T.);
#163=FACE_OUTER_BOUND('',#262,.T.);
#164=FACE_OUTER_BOUND('',#263,.T.);
#165=FACE_OUTER_BOUND('',#264,.T.);
#166=FACE_OUTER_BOUND('',#265,.T.);
#167=FACE_OUTER_BOUND('',#266,.T.);
#168=FACE_OUTER_BOUND('',#267,.T.);
#169=FACE_OUTER_BOUND('',#268,.T.);
#170=FACE_OUTER_BOUND('',#269,.T.);
#171=FACE_OUTER_BOUND('',#270,.T.);
#172=FACE_OUTER_BOUND('',#271,.T.);
#173=FACE_OUTER_BOUND('',#272,.T.);
#174=FACE_OUTER_BOUND('',#273,.T.);
#175=FACE_OUTER_BOUND('',#274,.T.);
#176=FACE_OUTER_BOUND('',#275,.T.);
#177=FACE_OUTER_BOUND('',#276,.T.);
#178=FACE_OUTER_BOUND('',#277,.T.);
#179=FACE_OUTER_BOUND('',#278,.T.);
#180=FACE_OUTER_BOUND('',#279,.T.);
#181=FACE_OUTER_BOUND('',#280,.T.);
#182=FACE_OUTER_BOUND('',#281,.T.);
#183=FACE_OUTER_BOUND('',#282,.T.);
#184=FACE_OUTER_BOUND('',#283,.T.);
#185=FACE_OUTER_BOUND('',#284,.T.);
#186=EDGE_LOOP('',(#1222,#1223,#1224,#1225));
#187=EDGE_LOOP('',(#1226));
#188=EDGE_LOOP('',(#1227,#1228,#1229,#1230));
#189=EDGE_LOOP('',(#1231,#1232,#1233,#1234));
#190=EDGE_LOOP('',(#1235,#1236,#1237,#1238,#1239,#1240,#1241,#1242,#1243,
#1244,#1245,#1246,#1247,#1248,#1249,#1250,#1251,#1252,#1253,#1254,#1255,
#1256,#1257,#1258,#1259,#1260,#1261,#1262,#1263,#1264,#1265,#1266,#1267,
#1268,#1269,#1270,#1271,#1272,#1273,#1274,#1275,#1276,#1277,#1278,#1279,
#1280,#1281,#1282));
#191=EDGE_LOOP('',(#1283));
#192=EDGE_LOOP('',(#1284,#1285,#1286,#1287));
#193=EDGE_LOOP('',(#1288,#1289,#1290,#1291));
#194=EDGE_LOOP('',(#1292,#1293,#1294,#1295));
#195=EDGE_LOOP('',(#1296,#1297,#1298,#1299));
#196=EDGE_LOOP('',(#1300,#1301,#1302,#1303));
#197=EDGE_LOOP('',(#1304,#1305,#1306,#1307));
#198=EDGE_LOOP('',(#1308,#1309,#1310,#1311));
#199=EDGE_LOOP('',(#1312,#1313,#1314,#1315));
#200=EDGE_LOOP('',(#1316,#1317,#1318,#1319));
#201=EDGE_LOOP('',(#1320,#1321,#1322,#1323));
#202=EDGE_LOOP('',(#1324,#1325,#1326,#1327));
#203=EDGE_LOOP('',(#1328,#1329,#1330,#1331));
#204=EDGE_LOOP('',(#1332,#1333,#1334,#1335));
#205=EDGE_LOOP('',(#1336,#1337,#1338,#1339));
#206=EDGE_LOOP('',(#1340,#1341,#1342,#1343));
#207=EDGE_LOOP('',(#1344,#1345,#1346,#1347));
#208=EDGE_LOOP('',(#1348,#1349,#1350,#1351));
#209=EDGE_LOOP('',(#1352,#1353,#1354,#1355));
#210=EDGE_LOOP('',(#1356,#1357,#1358,#1359));
#211=EDGE_LOOP('',(#1360,#1361,#1362,#1363));
#212=EDGE_LOOP('',(#1364,#1365,#1366,#1367,#1368,#1369,#1370,#1371,#1372,
#1373,#1374,#1375,#1376,#1377,#1378,#1379,#1380,#1381,#1382,#1383));
#213=EDGE_LOOP('',(#1384,#1385,#1386,#1387));
#214=EDGE_LOOP('',(#1388,#1389,#1390,#1391));
#215=EDGE_LOOP('',(#1392,#1393,#1394,#1395));
#216=EDGE_LOOP('',(#1396,#1397,#1398,#1399));
#217=EDGE_LOOP('',(#1400,#1401,#1402,#1403));
#218=EDGE_LOOP('',(#1404,#1405,#1406,#1407));
#219=EDGE_LOOP('',(#1408,#1409,#1410,#1411));
#220=EDGE_LOOP('',(#1412,#1413,#1414,#1415));
#221=EDGE_LOOP('',(#1416,#1417,#1418,#1419));
#222=EDGE_LOOP('',(#1420,#1421,#1422,#1423));
#223=EDGE_LOOP('',(#1424,#1425,#1426,#1427,#1428,#1429,#1430,#1431,#1432,
#1433,#1434,#1435,#1436,#1437,#1438,#1439));
#224=EDGE_LOOP('',(#1440,#1441,#1442,#1443));
#225=EDGE_LOOP('',(#1444,#1445,#1446,#1447));
#226=EDGE_LOOP('',(#1448,#1449,#1450,#1451));
#227=EDGE_LOOP('',(#1452,#1453,#1454,#1455));
#228=EDGE_LOOP('',(#1456,#1457,#1458,#1459));
#229=EDGE_LOOP('',(#1460,#1461,#1462,#1463));
#230=EDGE_LOOP('',(#1464,#1465,#1466,#1467));
#231=EDGE_LOOP('',(#1468,#1469,#1470,#1471));
#232=EDGE_LOOP('',(#1472,#1473,#1474,#1475));
#233=EDGE_LOOP('',(#1476,#1477,#1478,#1479));
#234=EDGE_LOOP('',(#1480,#1481,#1482,#1483,#1484,#1485,#1486,#1487));
#235=EDGE_LOOP('',(#1488,#1489,#1490,#1491,#1492,#1493,#1494,#1495));
#236=EDGE_LOOP('',(#1496,#1497,#1498,#1499,#1500,#1501,#1502,#1503));
#237=EDGE_LOOP('',(#1504,#1505,#1506,#1507,#1508,#1509,#1510,#1511));
#238=EDGE_LOOP('',(#1512,#1513,#1514,#1515,#1516,#1517,#1518,#1519,#1520,
#1521,#1522,#1523,#1524,#1525,#1526,#1527,#1528,#1529,#1530,#1531,#1532,
#1533,#1534,#1535,#1536,#1537,#1538,#1539,#1540,#1541,#1542,#1543,#1544,
#1545,#1546,#1547,#1548,#1549,#1550,#1551,#1552,#1553,#1554,#1555,#1556,
#1557,#1558,#1559,#1560,#1561,#1562,#1563,#1564,#1565,#1566,#1567));
#239=EDGE_LOOP('',(#1568,#1569,#1570,#1571,#1572,#1573,#1574,#1575));
#240=EDGE_LOOP('',(#1576,#1577,#1578,#1579,#1580));
#241=EDGE_LOOP('',(#1581,#1582,#1583,#1584,#1585));
#242=EDGE_LOOP('',(#1586,#1587,#1588,#1589,#1590));
#243=EDGE_LOOP('',(#1591,#1592,#1593,#1594,#1595));
#244=EDGE_LOOP('',(#1596,#1597,#1598,#1599));
#245=EDGE_LOOP('',(#1600,#1601,#1602,#1603));
#246=EDGE_LOOP('',(#1604,#1605,#1606,#1607));
#247=EDGE_LOOP('',(#1608,#1609,#1610,#1611));
#248=EDGE_LOOP('',(#1612,#1613,#1614,#1615));
#249=EDGE_LOOP('',(#1616,#1617,#1618,#1619));
#250=EDGE_LOOP('',(#1620,#1621,#1622,#1623));
#251=EDGE_LOOP('',(#1624,#1625,#1626,#1627));
#252=EDGE_LOOP('',(#1628,#1629,#1630,#1631));
#253=EDGE_LOOP('',(#1632,#1633,#1634,#1635));
#254=EDGE_LOOP('',(#1636,#1637,#1638,#1639));
#255=EDGE_LOOP('',(#1640,#1641,#1642,#1643,#1644,#1645));
#256=EDGE_LOOP('',(#1646,#1647,#1648,#1649,#1650,#1651));
#257=EDGE_LOOP('',(#1652,#1653,#1654,#1655));
#258=EDGE_LOOP('',(#1656,#1657,#1658,#1659,#1660,#1661,#1662,#1663));
#259=EDGE_LOOP('',(#1664,#1665,#1666,#1667));
#260=EDGE_LOOP('',(#1668,#1669,#1670,#1671));
#261=EDGE_LOOP('',(#1672,#1673,#1674,#1675));
#262=EDGE_LOOP('',(#1676,#1677,#1678,#1679));
#263=EDGE_LOOP('',(#1680,#1681,#1682,#1683));
#264=EDGE_LOOP('',(#1684,#1685,#1686,#1687));
#265=EDGE_LOOP('',(#1688,#1689,#1690,#1691));
#266=EDGE_LOOP('',(#1692,#1693,#1694,#1695));
#267=EDGE_LOOP('',(#1696,#1697,#1698,#1699));
#268=EDGE_LOOP('',(#1700,#1701,#1702,#1703,#1704,#1705));
#269=EDGE_LOOP('',(#1706,#1707,#1708,#1709));
#270=EDGE_LOOP('',(#1710,#1711,#1712,#1713,#1714,#1715));
#271=EDGE_LOOP('',(#1716,#1717,#1718,#1719));
#272=EDGE_LOOP('',(#1720,#1721,#1722,#1723));
#273=EDGE_LOOP('',(#1724,#1725,#1726,#1727));
#274=EDGE_LOOP('',(#1728,#1729,#1730,#1731));
#275=EDGE_LOOP('',(#1732,#1733,#1734,#1735));
#276=EDGE_LOOP('',(#1736,#1737,#1738,#1739));
#277=EDGE_LOOP('',(#1740,#1741,#1742,#1743));
#278=EDGE_LOOP('',(#1744,#1745,#1746,#1747));
#279=EDGE_LOOP('',(#1748,#1749,#1750,#1751));
#280=EDGE_LOOP('',(#1752,#1753,#1754,#1755));
#281=EDGE_LOOP('',(#1756,#1757,#1758,#1759));
#282=EDGE_LOOP('',(#1760,#1761,#1762,#1763));
#283=EDGE_LOOP('',(#1764,#1765,#1766,#1767));
#284=EDGE_LOOP('',(#1768,#1769,#1770,#1771));
#285=LINE('',#2617,#494);
#286=LINE('',#2625,#495);
#287=LINE('',#2628,#496);
#288=LINE('',#2633,#497);
#289=LINE('',#2634,#498);
#290=LINE('',#2640,#499);
#291=LINE('',#2644,#500);
#292=LINE('',#2648,#501);
#293=LINE('',#2652,#502);
#294=LINE('',#2656,#503);
#295=LINE('',#2660,#504);
#296=LINE('',#2664,#505);
#297=LINE('',#2668,#506);
#298=LINE('',#2672,#507);
#299=LINE('',#2676,#508);
#300=LINE('',#2680,#509);
#301=LINE('',#2684,#510);
#302=LINE('',#2688,#511);
#303=LINE('',#2692,#512);
#304=LINE('',#2696,#513);
#305=LINE('',#2700,#514);
#306=LINE('',#2704,#515);
#307=LINE('',#2708,#516);
#308=LINE('',#2712,#517);
#309=LINE('',#2716,#518);
#310=LINE('',#2720,#519);
#311=LINE('',#2724,#520);
#312=LINE('',#2728,#521);
#313=LINE('',#2731,#522);
#314=LINE('',#2733,#523);
#315=LINE('',#2734,#524);
#316=LINE('',#2738,#525);
#317=LINE('',#2740,#526);
#318=LINE('',#2744,#527);
#319=LINE('',#2746,#528);
#320=LINE('',#2748,#529);
#321=LINE('',#2749,#530);
#322=LINE('',#2752,#531);
#323=LINE('',#2754,#532);
#324=LINE('',#2755,#533);
#325=LINE('',#2759,#534);
#326=LINE('',#2763,#535);
#327=LINE('',#2765,#536);
#328=LINE('',#2767,#537);
#329=LINE('',#2768,#538);
#330=LINE('',#2771,#539);
#331=LINE('',#2773,#540);
#332=LINE('',#2774,#541);
#333=LINE('',#2777,#542);
#334=LINE('',#2779,#543);
#335=LINE('',#2780,#544);
#336=LINE('',#2783,#545);
#337=LINE('',#2785,#546);
#338=LINE('',#2786,#547);
#339=LINE('',#2790,#548);
#340=LINE('',#2792,#549);
#341=LINE('',#2794,#550);
#342=LINE('',#2795,#551);
#343=LINE('',#2798,#552);
#344=LINE('',#2800,#553);
#345=LINE('',#2801,#554);
#346=LINE('',#2804,#555);
#347=LINE('',#2806,#556);
#348=LINE('',#2807,#557);
#349=LINE('',#2810,#558);
#350=LINE('',#2812,#559);
#351=LINE('',#2813,#560);
#352=LINE('',#2816,#561);
#353=LINE('',#2818,#562);
#354=LINE('',#2819,#563);
#355=LINE('',#2823,#564);
#356=LINE('',#2825,#565);
#357=LINE('',#2827,#566);
#358=LINE('',#2828,#567);
#359=LINE('',#2831,#568);
#360=LINE('',#2833,#569);
#361=LINE('',#2834,#570);
#362=LINE('',#2837,#571);
#363=LINE('',#2839,#572);
#364=LINE('',#2840,#573);
#365=LINE('',#2843,#574);
#366=LINE('',#2845,#575);
#367=LINE('',#2846,#576);
#368=LINE('',#2848,#577);
#369=LINE('',#2849,#578);
#370=LINE('',#2854,#579);
#371=LINE('',#2859,#580);
#372=LINE('',#2864,#581);
#373=LINE('',#2866,#582);
#374=LINE('',#2868,#583);
#375=LINE('',#2869,#584);
#376=LINE('',#2872,#585);
#377=LINE('',#2874,#586);
#378=LINE('',#2875,#587);
#379=LINE('',#2879,#588);
#380=LINE('',#2881,#589);
#381=LINE('',#2883,#590);
#382=LINE('',#2884,#591);
#383=LINE('',#2887,#592);
#384=LINE('',#2889,#593);
#385=LINE('',#2890,#594);
#386=LINE('',#2893,#595);
#387=LINE('',#2895,#596);
#388=LINE('',#2896,#597);
#389=LINE('',#2899,#598);
#390=LINE('',#2901,#599);
#391=LINE('',#2902,#600);
#392=LINE('',#2905,#601);
#393=LINE('',#2907,#602);
#394=LINE('',#2908,#603);
#395=LINE('',#2912,#604);
#396=LINE('',#2914,#605);
#397=LINE('',#2916,#606);
#398=LINE('',#2917,#607);
#399=LINE('',#2920,#608);
#400=LINE('',#2922,#609);
#401=LINE('',#2923,#610);
#402=LINE('',#2925,#611);
#403=LINE('',#2926,#612);
#404=LINE('',#2931,#613);
#405=LINE('',#2936,#614);
#406=LINE('',#2941,#615);
#407=LINE('',#2943,#616);
#408=LINE('',#2945,#617);
#409=LINE('',#2946,#618);
#410=LINE('',#2949,#619);
#411=LINE('',#2951,#620);
#412=LINE('',#2952,#621);
#413=LINE('',#2955,#622);
#414=LINE('',#2960,#623);
#415=LINE('',#2962,#624);
#416=LINE('',#2964,#625);
#417=LINE('',#2965,#626);
#418=LINE('',#2968,#627);
#419=LINE('',#2970,#628);
#420=LINE('',#2971,#629);
#421=LINE('',#2975,#630);
#422=LINE('',#2979,#631);
#423=LINE('',#2981,#632);
#424=LINE('',#2983,#633);
#425=LINE('',#2984,#634);
#426=LINE('',#2987,#635);
#427=LINE('',#2989,#636);
#428=LINE('',#2990,#637);
#429=LINE('',#2993,#638);
#430=LINE('',#2996,#639);
#431=LINE('',#2997,#640);
#432=LINE('',#3000,#641);
#433=LINE('',#3001,#642);
#434=LINE('',#3003,#643);
#435=LINE('',#3004,#644);
#436=LINE('',#3010,#645);
#437=LINE('',#3016,#646);
#438=LINE('',#3022,#647);
#439=LINE('',#3026,#648);
#440=LINE('',#3030,#649);
#441=LINE('',#3034,#650);
#442=LINE('',#3038,#651);
#443=LINE('',#3042,#652);
#444=LINE('',#3046,#653);
#445=LINE('',#3051,#654);
#446=LINE('',#3055,#655);
#447=LINE('',#3059,#656);
#448=LINE('',#3063,#657);
#449=LINE('',#3067,#658);
#450=LINE('',#3071,#659);
#451=LINE('',#3075,#660);
#452=LINE('',#3080,#661);
#453=LINE('',#3082,#662);
#454=LINE('',#3083,#663);
#455=LINE('',#3085,#664);
#456=LINE('',#3086,#665);
#457=LINE('',#3088,#666);
#458=LINE('',#3089,#667);
#459=LINE('',#3091,#668);
#460=LINE('',#3092,#669);
#461=LINE('',#3094,#670);
#462=LINE('',#3096,#671);
#463=LINE('',#3099,#672);
#464=LINE('',#3101,#673);
#465=LINE('',#3103,#674);
#466=LINE('',#3105,#675);
#467=LINE('',#3107,#676);
#468=LINE('',#3109,#677);
#469=LINE('',#3110,#678);
#470=LINE('',#3112,#679);
#471=LINE('',#3115,#680);
#472=LINE('',#3116,#681);
#473=LINE('',#3118,#682);
#474=LINE('',#3119,#683);
#475=LINE('',#3122,#684);
#476=LINE('',#3124,#685);
#477=LINE('',#3125,#686);
#478=LINE('',#3127,#687);
#479=LINE('',#3129,#688);
#480=LINE('',#3131,#689);
#481=LINE('',#3132,#690);
#482=LINE('',#3134,#691);
#483=LINE('',#3136,#692);
#484=LINE('',#3138,#693);
#485=LINE('',#3139,#694);
#486=LINE('',#3141,#695);
#487=LINE('',#3143,#696);
#488=LINE('',#3145,#697);
#489=LINE('',#3146,#698);
#490=LINE('',#3148,#699);
#491=LINE('',#3151,#700);
#492=LINE('',#3152,#701);
#493=LINE('',#3154,#702);
#494=VECTOR('',#2081,0.0400000018998981);
#495=VECTOR('',#2090,0.3);
#496=VECTOR('',#2093,10.);
#497=VECTOR('',#2098,10.);
#498=VECTOR('',#2099,0.3);
#499=VECTOR('',#2104,10.);
#500=VECTOR('',#2107,10.);
#501=VECTOR('',#2110,10.);
#502=VECTOR('',#2113,10.);
#503=VECTOR('',#2116,10.);
#504=VECTOR('',#2119,10.);
#505=VECTOR('',#2122,10.);
#506=VECTOR('',#2125,10.);
#507=VECTOR('',#2128,10.);
#508=VECTOR('',#2131,10.);
#509=VECTOR('',#2134,10.);
#510=VECTOR('',#2137,10.);
#511=VECTOR('',#2140,10.);
#512=VECTOR('',#2143,10.);
#513=VECTOR('',#2146,10.);
#514=VECTOR('',#2149,10.);
#515=VECTOR('',#2152,10.);
#516=VECTOR('',#2155,10.);
#517=VECTOR('',#2158,10.);
#518=VECTOR('',#2161,10.);
#519=VECTOR('',#2164,10.);
#520=VECTOR('',#2167,10.);
#521=VECTOR('',#2170,10.);
#522=VECTOR('',#2173,10.);
#523=VECTOR('',#2174,10.);
#524=VECTOR('',#2175,10.);
#525=VECTOR('',#2180,10.);
#526=VECTOR('',#2183,10.);
#527=VECTOR('',#2186,10.);
#528=VECTOR('',#2187,10.);
#529=VECTOR('',#2188,10.);
#530=VECTOR('',#2189,10.);
#531=VECTOR('',#2192,10.);
#532=VECTOR('',#2193,10.);
#533=VECTOR('',#2194,10.);
#534=VECTOR('',#2199,10.);
#535=VECTOR('',#2202,10.);
#536=VECTOR('',#2203,10.);
#537=VECTOR('',#2204,10.);
#538=VECTOR('',#2205,10.);
#539=VECTOR('',#2208,10.);
#540=VECTOR('',#2209,10.);
#541=VECTOR('',#2210,10.);
#542=VECTOR('',#2213,10.);
#543=VECTOR('',#2214,10.);
#544=VECTOR('',#2215,10.);
#545=VECTOR('',#2218,10.);
#546=VECTOR('',#2219,10.);
#547=VECTOR('',#2220,10.);
#548=VECTOR('',#2223,10.);
#549=VECTOR('',#2224,10.);
#550=VECTOR('',#2225,10.);
#551=VECTOR('',#2226,10.);
#552=VECTOR('',#2229,10.);
#553=VECTOR('',#2230,10.);
#554=VECTOR('',#2231,10.);
#555=VECTOR('',#2234,10.);
#556=VECTOR('',#2235,10.);
#557=VECTOR('',#2236,10.);
#558=VECTOR('',#2239,10.);
#559=VECTOR('',#2240,10.);
#560=VECTOR('',#2241,10.);
#561=VECTOR('',#2244,10.);
#562=VECTOR('',#2245,10.);
#563=VECTOR('',#2246,10.);
#564=VECTOR('',#2249,10.);
#565=VECTOR('',#2250,10.);
#566=VECTOR('',#2251,10.);
#567=VECTOR('',#2252,10.);
#568=VECTOR('',#2255,10.);
#569=VECTOR('',#2256,10.);
#570=VECTOR('',#2257,10.);
#571=VECTOR('',#2260,10.);
#572=VECTOR('',#2261,10.);
#573=VECTOR('',#2262,10.);
#574=VECTOR('',#2265,10.);
#575=VECTOR('',#2266,10.);
#576=VECTOR('',#2267,10.);
#577=VECTOR('',#2270,10.);
#578=VECTOR('',#2271,10.);
#579=VECTOR('',#2276,10.);
#580=VECTOR('',#2281,10.);
#581=VECTOR('',#2286,10.);
#582=VECTOR('',#2287,10.);
#583=VECTOR('',#2288,10.);
#584=VECTOR('',#2289,10.);
#585=VECTOR('',#2292,10.);
#586=VECTOR('',#2293,10.);
#587=VECTOR('',#2294,10.);
#588=VECTOR('',#2297,10.);
#589=VECTOR('',#2298,10.);
#590=VECTOR('',#2299,10.);
#591=VECTOR('',#2300,10.);
#592=VECTOR('',#2303,10.);
#593=VECTOR('',#2304,10.);
#594=VECTOR('',#2305,10.);
#595=VECTOR('',#2308,10.);
#596=VECTOR('',#2309,10.);
#597=VECTOR('',#2310,10.);
#598=VECTOR('',#2313,10.);
#599=VECTOR('',#2314,10.);
#600=VECTOR('',#2315,10.);
#601=VECTOR('',#2318,10.);
#602=VECTOR('',#2319,10.);
#603=VECTOR('',#2320,10.);
#604=VECTOR('',#2323,10.);
#605=VECTOR('',#2324,10.);
#606=VECTOR('',#2325,10.);
#607=VECTOR('',#2326,10.);
#608=VECTOR('',#2329,10.);
#609=VECTOR('',#2330,10.);
#610=VECTOR('',#2331,10.);
#611=VECTOR('',#2334,10.);
#612=VECTOR('',#2335,10.);
#613=VECTOR('',#2340,10.);
#614=VECTOR('',#2345,10.);
#615=VECTOR('',#2350,10.);
#616=VECTOR('',#2351,10.);
#617=VECTOR('',#2352,10.);
#618=VECTOR('',#2353,10.);
#619=VECTOR('',#2356,10.);
#620=VECTOR('',#2357,10.);
#621=VECTOR('',#2358,10.);
#622=VECTOR('',#2361,10.);
#623=VECTOR('',#2366,10.);
#624=VECTOR('',#2367,10.);
#625=VECTOR('',#2368,10.);
#626=VECTOR('',#2369,10.);
#627=VECTOR('',#2372,10.);
#628=VECTOR('',#2373,10.);
#629=VECTOR('',#2374,10.);
#630=VECTOR('',#2379,10.);
#631=VECTOR('',#2382,10.);
#632=VECTOR('',#2383,10.);
#633=VECTOR('',#2384,10.);
#634=VECTOR('',#2385,10.);
#635=VECTOR('',#2388,10.);
#636=VECTOR('',#2389,10.);
#637=VECTOR('',#2390,10.);
#638=VECTOR('',#2393,10.);
#639=VECTOR('',#2398,10.);
#640=VECTOR('',#2399,10.);
#641=VECTOR('',#2404,10.);
#642=VECTOR('',#2405,10.);
#643=VECTOR('',#2408,10.);
#644=VECTOR('',#2409,10.);
#645=VECTOR('',#2416,10.);
#646=VECTOR('',#2423,10.);
#647=VECTOR('',#2430,10.);
#648=VECTOR('',#2433,10.);
#649=VECTOR('',#2436,10.);
#650=VECTOR('',#2439,10.);
#651=VECTOR('',#2442,10.);
#652=VECTOR('',#2445,10.);
#653=VECTOR('',#2448,10.);
#654=VECTOR('',#2453,10.);
#655=VECTOR('',#2456,10.);
#656=VECTOR('',#2459,10.);
#657=VECTOR('',#2462,10.);
#658=VECTOR('',#2465,10.);
#659=VECTOR('',#2468,10.);
#660=VECTOR('',#2471,10.);
#661=VECTOR('',#2480,10.);
#662=VECTOR('',#2483,10.);
#663=VECTOR('',#2484,10.);
#664=VECTOR('',#2487,10.);
#665=VECTOR('',#2488,10.);
#666=VECTOR('',#2491,10.);
#667=VECTOR('',#2492,10.);
#668=VECTOR('',#2495,10.);
#669=VECTOR('',#2496,10.);
#670=VECTOR('',#2499,10.);
#671=VECTOR('',#2502,10.);
#672=VECTOR('',#2507,10.);
#673=VECTOR('',#2510,10.);
#674=VECTOR('',#2513,10.);
#675=VECTOR('',#2516,10.);
#676=VECTOR('',#2519,10.);
#677=VECTOR('',#2522,10.);
#678=VECTOR('',#2523,10.);
#679=VECTOR('',#2526,10.);
#680=VECTOR('',#2531,10.);
#681=VECTOR('',#2532,10.);
#682=VECTOR('',#2535,10.);
#683=VECTOR('',#2536,10.);
#684=VECTOR('',#2541,10.);
#685=VECTOR('',#2544,10.);
#686=VECTOR('',#2545,10.);
#687=VECTOR('',#2548,10.);
#688=VECTOR('',#2551,10.);
#689=VECTOR('',#2554,10.);
#690=VECTOR('',#2555,10.);
#691=VECTOR('',#2558,10.);
#692=VECTOR('',#2561,10.);
#693=VECTOR('',#2564,10.);
#694=VECTOR('',#2565,10.);
#695=VECTOR('',#2568,10.);
#696=VECTOR('',#2571,10.);
#697=VECTOR('',#2574,10.);
#698=VECTOR('',#2575,10.);
#699=VECTOR('',#2578,10.);
#700=VECTOR('',#2583,10.);
#701=VECTOR('',#2584,10.);
#702=VECTOR('',#2587,10.);
#703=CIRCLE('',#1913,0.0400000018998981);
#704=CIRCLE('',#1914,0.0400000018998981);
#705=CIRCLE('',#1922,0.102530496748528);
#706=CIRCLE('',#1923,0.1);
#707=CIRCLE('',#1924,0.1);
#708=CIRCLE('',#1925,0.1);
#709=CIRCLE('',#1926,0.0999999999999998);
#710=CIRCLE('',#1927,0.102530496748528);
#711=CIRCLE('',#1928,0.1);
#712=CIRCLE('',#1929,0.1);
#713=CIRCLE('',#1930,0.1);
#714=CIRCLE('',#1931,0.1);
#715=CIRCLE('',#1932,0.1);
#716=CIRCLE('',#1933,0.1);
#717=CIRCLE('',#1934,0.102530496748528);
#718=CIRCLE('',#1935,0.1);
#719=CIRCLE('',#1936,0.1);
#720=CIRCLE('',#1937,0.1);
#721=CIRCLE('',#1938,0.0999999999999998);
#722=CIRCLE('',#1939,0.102530496748528);
#723=CIRCLE('',#1940,0.1);
#724=CIRCLE('',#1941,0.1);
#725=CIRCLE('',#1942,0.1);
#726=CIRCLE('',#1943,0.1);
#727=CIRCLE('',#1944,0.1);
#728=CIRCLE('',#1945,0.1);
#729=CIRCLE('',#1952,0.1);
#730=CIRCLE('',#1968,0.0999999999999998);
#731=CIRCLE('',#1969,0.1);
#732=CIRCLE('',#1970,0.1);
#733=CIRCLE('',#1971,0.1);
#734=CIRCLE('',#1983,0.0999999999999998);
#735=CIRCLE('',#1984,0.1);
#736=CIRCLE('',#1985,0.1);
#737=CIRCLE('',#1986,0.1);
#738=CIRCLE('',#1990,0.0999999999999998);
#739=CIRCLE('',#1994,0.1);
#740=CIRCLE('',#1998,0.0999999999999998);
#741=CIRCLE('',#2001,0.0999999999999998);
#742=CIRCLE('',#2003,0.1);
#743=CIRCLE('',#2005,0.1);
#744=CIRCLE('',#2006,0.1);
#745=CIRCLE('',#2008,0.1);
#746=CIRCLE('',#2009,0.1);
#747=CIRCLE('',#2011,0.102530496748528);
#748=CIRCLE('',#2012,0.1);
#749=CIRCLE('',#2013,0.1);
#750=CIRCLE('',#2014,0.1);
#751=CIRCLE('',#2015,0.1);
#752=CIRCLE('',#2016,0.1);
#753=CIRCLE('',#2017,0.1);
#754=CIRCLE('',#2018,0.102530496748528);
#755=CIRCLE('',#2019,0.102530496748528);
#756=CIRCLE('',#2020,0.1);
#757=CIRCLE('',#2021,0.1);
#758=CIRCLE('',#2022,0.1);
#759=CIRCLE('',#2023,0.1);
#760=CIRCLE('',#2024,0.1);
#761=CIRCLE('',#2025,0.1);
#762=CIRCLE('',#2026,0.102530496748528);
#763=CIRCLE('',#2027,0.0999999999999998);
#764=CIRCLE('',#2028,0.1);
#765=VERTEX_POINT('',#2614);
#766=VERTEX_POINT('',#2616);
#767=VERTEX_POINT('',#2621);
#768=VERTEX_POINT('',#2622);
#769=VERTEX_POINT('',#2624);
#770=VERTEX_POINT('',#2626);
#771=VERTEX_POINT('',#2630);
#772=VERTEX_POINT('',#2631);
#773=VERTEX_POINT('',#2636);
#774=VERTEX_POINT('',#2637);
#775=VERTEX_POINT('',#2639);
#776=VERTEX_POINT('',#2641);
#777=VERTEX_POINT('',#2643);
#778=VERTEX_POINT('',#2645);
#779=VERTEX_POINT('',#2647);
#780=VERTEX_POINT('',#2649);
#781=VERTEX_POINT('',#2651);
#782=VERTEX_POINT('',#2653);
#783=VERTEX_POINT('',#2655);
#784=VERTEX_POINT('',#2657);
#785=VERTEX_POINT('',#2659);
#786=VERTEX_POINT('',#2661);
#787=VERTEX_POINT('',#2663);
#788=VERTEX_POINT('',#2665);
#789=VERTEX_POINT('',#2667);
#790=VERTEX_POINT('',#2669);
#791=VERTEX_POINT('',#2671);
#792=VERTEX_POINT('',#2673);
#793=VERTEX_POINT('',#2675);
#794=VERTEX_POINT('',#2677);
#795=VERTEX_POINT('',#2679);
#796=VERTEX_POINT('',#2681);
#797=VERTEX_POINT('',#2683);
#798=VERTEX_POINT('',#2685);
#799=VERTEX_POINT('',#2687);
#800=VERTEX_POINT('',#2689);
#801=VERTEX_POINT('',#2691);
#802=VERTEX_POINT('',#2693);
#803=VERTEX_POINT('',#2695);
#804=VERTEX_POINT('',#2697);
#805=VERTEX_POINT('',#2699);
#806=VERTEX_POINT('',#2701);
#807=VERTEX_POINT('',#2703);
#808=VERTEX_POINT('',#2705);
#809=VERTEX_POINT('',#2707);
#810=VERTEX_POINT('',#2709);
#811=VERTEX_POINT('',#2711);
#812=VERTEX_POINT('',#2713);
#813=VERTEX_POINT('',#2715);
#814=VERTEX_POINT('',#2717);
#815=VERTEX_POINT('',#2719);
#816=VERTEX_POINT('',#2721);
#817=VERTEX_POINT('',#2723);
#818=VERTEX_POINT('',#2725);
#819=VERTEX_POINT('',#2727);
#820=VERTEX_POINT('',#2729);
#821=VERTEX_POINT('',#2732);
#822=VERTEX_POINT('',#2736);
#823=VERTEX_POINT('',#2742);
#824=VERTEX_POINT('',#2743);
#825=VERTEX_POINT('',#2745);
#826=VERTEX_POINT('',#2747);
#827=VERTEX_POINT('',#2751);
#828=VERTEX_POINT('',#2753);
#829=VERTEX_POINT('',#2757);
#830=VERTEX_POINT('',#2761);
#831=VERTEX_POINT('',#2762);
#832=VERTEX_POINT('',#2764);
#833=VERTEX_POINT('',#2766);
#834=VERTEX_POINT('',#2770);
#835=VERTEX_POINT('',#2772);
#836=VERTEX_POINT('',#2776);
#837=VERTEX_POINT('',#2778);
#838=VERTEX_POINT('',#2782);
#839=VERTEX_POINT('',#2784);
#840=VERTEX_POINT('',#2788);
#841=VERTEX_POINT('',#2789);
#842=VERTEX_POINT('',#2791);
#843=VERTEX_POINT('',#2793);
#844=VERTEX_POINT('',#2797);
#845=VERTEX_POINT('',#2799);
#846=VERTEX_POINT('',#2803);
#847=VERTEX_POINT('',#2805);
#848=VERTEX_POINT('',#2809);
#849=VERTEX_POINT('',#2811);
#850=VERTEX_POINT('',#2815);
#851=VERTEX_POINT('',#2817);
#852=VERTEX_POINT('',#2821);
#853=VERTEX_POINT('',#2822);
#854=VERTEX_POINT('',#2824);
#855=VERTEX_POINT('',#2826);
#856=VERTEX_POINT('',#2830);
#857=VERTEX_POINT('',#2832);
#858=VERTEX_POINT('',#2836);
#859=VERTEX_POINT('',#2838);
#860=VERTEX_POINT('',#2842);
#861=VERTEX_POINT('',#2844);
#862=VERTEX_POINT('',#2851);
#863=VERTEX_POINT('',#2853);
#864=VERTEX_POINT('',#2856);
#865=VERTEX_POINT('',#2858);
#866=VERTEX_POINT('',#2862);
#867=VERTEX_POINT('',#2863);
#868=VERTEX_POINT('',#2865);
#869=VERTEX_POINT('',#2867);
#870=VERTEX_POINT('',#2871);
#871=VERTEX_POINT('',#2873);
#872=VERTEX_POINT('',#2877);
#873=VERTEX_POINT('',#2878);
#874=VERTEX_POINT('',#2880);
#875=VERTEX_POINT('',#2882);
#876=VERTEX_POINT('',#2886);
#877=VERTEX_POINT('',#2888);
#878=VERTEX_POINT('',#2892);
#879=VERTEX_POINT('',#2894);
#880=VERTEX_POINT('',#2898);
#881=VERTEX_POINT('',#2900);
#882=VERTEX_POINT('',#2904);
#883=VERTEX_POINT('',#2906);
#884=VERTEX_POINT('',#2910);
#885=VERTEX_POINT('',#2911);
#886=VERTEX_POINT('',#2913);
#887=VERTEX_POINT('',#2915);
#888=VERTEX_POINT('',#2919);
#889=VERTEX_POINT('',#2921);
#890=VERTEX_POINT('',#2928);
#891=VERTEX_POINT('',#2930);
#892=VERTEX_POINT('',#2933);
#893=VERTEX_POINT('',#2935);
#894=VERTEX_POINT('',#2939);
#895=VERTEX_POINT('',#2940);
#896=VERTEX_POINT('',#2942);
#897=VERTEX_POINT('',#2944);
#898=VERTEX_POINT('',#2948);
#899=VERTEX_POINT('',#2950);
#900=VERTEX_POINT('',#2954);
#901=VERTEX_POINT('',#2958);
#902=VERTEX_POINT('',#2959);
#903=VERTEX_POINT('',#2961);
#904=VERTEX_POINT('',#2963);
#905=VERTEX_POINT('',#2967);
#906=VERTEX_POINT('',#2969);
#907=VERTEX_POINT('',#2973);
#908=VERTEX_POINT('',#2977);
#909=VERTEX_POINT('',#2978);
#910=VERTEX_POINT('',#2980);
#911=VERTEX_POINT('',#2982);
#912=VERTEX_POINT('',#2986);
#913=VERTEX_POINT('',#2988);
#914=VERTEX_POINT('',#2992);
#915=VERTEX_POINT('',#3007);
#916=VERTEX_POINT('',#3009);
#917=VERTEX_POINT('',#3013);
#918=VERTEX_POINT('',#3015);
#919=VERTEX_POINT('',#3019);
#920=VERTEX_POINT('',#3021);
#921=VERTEX_POINT('',#3023);
#922=VERTEX_POINT('',#3025);
#923=VERTEX_POINT('',#3027);
#924=VERTEX_POINT('',#3029);
#925=VERTEX_POINT('',#3031);
#926=VERTEX_POINT('',#3033);
#927=VERTEX_POINT('',#3035);
#928=VERTEX_POINT('',#3037);
#929=VERTEX_POINT('',#3039);
#930=VERTEX_POINT('',#3041);
#931=VERTEX_POINT('',#3043);
#932=VERTEX_POINT('',#3045);
#933=VERTEX_POINT('',#3048);
#934=VERTEX_POINT('',#3050);
#935=VERTEX_POINT('',#3052);
#936=VERTEX_POINT('',#3054);
#937=VERTEX_POINT('',#3056);
#938=VERTEX_POINT('',#3058);
#939=VERTEX_POINT('',#3060);
#940=VERTEX_POINT('',#3062);
#941=VERTEX_POINT('',#3064);
#942=VERTEX_POINT('',#3066);
#943=VERTEX_POINT('',#3068);
#944=VERTEX_POINT('',#3070);
#945=VERTEX_POINT('',#3072);
#946=VERTEX_POINT('',#3074);
#947=EDGE_CURVE('',#765,#765,#703,.T.);
#948=EDGE_CURVE('',#765,#766,#285,.T.);
#949=EDGE_CURVE('',#766,#766,#704,.T.);
#950=EDGE_CURVE('',#767,#768,#17,.F.);
#951=EDGE_CURVE('',#767,#769,#286,.T.);
#952=EDGE_CURVE('',#769,#770,#18,.T.);
#953=EDGE_CURVE('',#768,#770,#287,.T.);
#954=EDGE_CURVE('',#771,#772,#19,.T.);
#955=EDGE_CURVE('',#770,#772,#288,.T.);
#956=EDGE_CURVE('',#769,#771,#289,.T.);
#957=EDGE_CURVE('',#773,#774,#705,.T.);
#958=EDGE_CURVE('',#774,#775,#290,.T.);
#959=EDGE_CURVE('',#775,#776,#706,.T.);
#960=EDGE_CURVE('',#776,#777,#291,.T.);
#961=EDGE_CURVE('',#777,#778,#707,.T.);
#962=EDGE_CURVE('',#778,#779,#292,.T.);
#963=EDGE_CURVE('',#779,#780,#708,.T.);
#964=EDGE_CURVE('',#780,#781,#293,.T.);
#965=EDGE_CURVE('',#781,#782,#709,.T.);
#966=EDGE_CURVE('',#782,#783,#294,.T.);
#967=EDGE_CURVE('',#783,#784,#710,.T.);
#968=EDGE_CURVE('',#784,#785,#295,.T.);
#969=EDGE_CURVE('',#785,#786,#711,.T.);
#970=EDGE_CURVE('',#786,#787,#296,.T.);
#971=EDGE_CURVE('',#787,#788,#712,.T.);
#972=EDGE_CURVE('',#788,#789,#297,.T.);
#973=EDGE_CURVE('',#789,#790,#713,.T.);
#974=EDGE_CURVE('',#790,#791,#298,.T.);
#975=EDGE_CURVE('',#791,#792,#714,.T.);
#976=EDGE_CURVE('',#792,#793,#299,.T.);
#977=EDGE_CURVE('',#793,#794,#715,.T.);
#978=EDGE_CURVE('',#794,#795,#300,.T.);
#979=EDGE_CURVE('',#795,#796,#716,.T.);
#980=EDGE_CURVE('',#796,#797,#301,.T.);
#981=EDGE_CURVE('',#797,#798,#717,.T.);
#982=EDGE_CURVE('',#798,#799,#302,.T.);
#983=EDGE_CURVE('',#799,#800,#718,.T.);
#984=EDGE_CURVE('',#800,#801,#303,.T.);
#985=EDGE_CURVE('',#801,#802,#719,.T.);
#986=EDGE_CURVE('',#802,#803,#304,.T.);
#987=EDGE_CURVE('',#803,#804,#720,.T.);
#988=EDGE_CURVE('',#804,#805,#305,.T.);
#989=EDGE_CURVE('',#805,#806,#721,.T.);
#990=EDGE_CURVE('',#806,#807,#306,.T.);
#991=EDGE_CURVE('',#807,#808,#722,.T.);
#992=EDGE_CURVE('',#808,#809,#307,.T.);
#993=EDGE_CURVE('',#809,#810,#723,.T.);
#994=EDGE_CURVE('',#810,#811,#308,.T.);
#995=EDGE_CURVE('',#811,#812,#724,.T.);
#996=EDGE_CURVE('',#812,#813,#309,.T.);
#997=EDGE_CURVE('',#813,#814,#725,.T.);
#998=EDGE_CURVE('',#814,#815,#310,.T.);
#999=EDGE_CURVE('',#815,#816,#726,.T.);
#1000=EDGE_CURVE('',#816,#817,#311,.T.);
#1001=EDGE_CURVE('',#817,#818,#727,.T.);
#1002=EDGE_CURVE('',#818,#819,#312,.T.);
#1003=EDGE_CURVE('',#819,#820,#728,.T.);
#1004=EDGE_CURVE('',#820,#773,#313,.T.);
#1005=EDGE_CURVE('',#771,#821,#314,.T.);
#1006=EDGE_CURVE('',#821,#767,#315,.T.);
#1007=EDGE_CURVE('',#821,#822,#20,.F.);
#1008=EDGE_CURVE('',#822,#768,#316,.T.);
#1009=EDGE_CURVE('',#772,#822,#317,.T.);
#1010=EDGE_CURVE('',#823,#824,#318,.T.);
#1011=EDGE_CURVE('',#825,#823,#319,.T.);
#1012=EDGE_CURVE('',#825,#826,#320,.T.);
#1013=EDGE_CURVE('',#824,#826,#321,.T.);
#1014=EDGE_CURVE('',#824,#827,#322,.T.);
#1015=EDGE_CURVE('',#826,#828,#323,.T.);
#1016=EDGE_CURVE('',#828,#827,#324,.T.);
#1017=EDGE_CURVE('',#829,#825,#729,.T.);
#1018=EDGE_CURVE('',#828,#829,#325,.T.);
#1019=EDGE_CURVE('',#830,#831,#326,.T.);
#1020=EDGE_CURVE('',#830,#832,#327,.T.);
#1021=EDGE_CURVE('',#832,#833,#328,.T.);
#1022=EDGE_CURVE('',#831,#833,#329,.T.);
#1023=EDGE_CURVE('',#834,#830,#330,.T.);
#1024=EDGE_CURVE('',#834,#835,#331,.T.);
#1025=EDGE_CURVE('',#835,#832,#332,.T.);
#1026=EDGE_CURVE('',#836,#834,#333,.T.);
#1027=EDGE_CURVE('',#836,#837,#334,.T.);
#1028=EDGE_CURVE('',#837,#835,#335,.T.);
#1029=EDGE_CURVE('',#838,#836,#336,.T.);
#1030=EDGE_CURVE('',#839,#838,#337,.T.);
#1031=EDGE_CURVE('',#839,#837,#338,.T.);
#1032=EDGE_CURVE('',#840,#841,#339,.T.);
#1033=EDGE_CURVE('',#840,#842,#340,.T.);
#1034=EDGE_CURVE('',#842,#843,#341,.T.);
#1035=EDGE_CURVE('',#841,#843,#342,.T.);
#1036=EDGE_CURVE('',#844,#840,#343,.T.);
#1037=EDGE_CURVE('',#844,#845,#344,.T.);
#1038=EDGE_CURVE('',#845,#842,#345,.T.);
#1039=EDGE_CURVE('',#846,#844,#346,.T.);
#1040=EDGE_CURVE('',#846,#847,#347,.T.);
#1041=EDGE_CURVE('',#847,#845,#348,.T.);
#1042=EDGE_CURVE('',#848,#846,#349,.T.);
#1043=EDGE_CURVE('',#848,#849,#350,.T.);
#1044=EDGE_CURVE('',#849,#847,#351,.T.);
#1045=EDGE_CURVE('',#850,#848,#352,.T.);
#1046=EDGE_CURVE('',#851,#850,#353,.T.);
#1047=EDGE_CURVE('',#851,#849,#354,.T.);
#1048=EDGE_CURVE('',#852,#853,#355,.T.);
#1049=EDGE_CURVE('',#852,#854,#356,.T.);
#1050=EDGE_CURVE('',#854,#855,#357,.T.);
#1051=EDGE_CURVE('',#853,#855,#358,.T.);
#1052=EDGE_CURVE('',#856,#852,#359,.T.);
#1053=EDGE_CURVE('',#856,#857,#360,.T.);
#1054=EDGE_CURVE('',#857,#854,#361,.T.);
#1055=EDGE_CURVE('',#858,#856,#362,.T.);
#1056=EDGE_CURVE('',#858,#859,#363,.T.);
#1057=EDGE_CURVE('',#859,#857,#364,.T.);
#1058=EDGE_CURVE('',#860,#858,#365,.T.);
#1059=EDGE_CURVE('',#860,#861,#366,.T.);
#1060=EDGE_CURVE('',#861,#859,#367,.T.);
#1061=EDGE_CURVE('',#831,#860,#368,.T.);
#1062=EDGE_CURVE('',#833,#861,#369,.T.);
#1063=EDGE_CURVE('',#862,#839,#730,.T.);
#1064=EDGE_CURVE('',#863,#862,#370,.T.);
#1065=EDGE_CURVE('',#843,#863,#731,.T.);
#1066=EDGE_CURVE('',#864,#851,#732,.T.);
#1067=EDGE_CURVE('',#865,#864,#371,.T.);
#1068=EDGE_CURVE('',#855,#865,#733,.T.);
#1069=EDGE_CURVE('',#866,#867,#372,.T.);
#1070=EDGE_CURVE('',#866,#868,#373,.T.);
#1071=EDGE_CURVE('',#868,#869,#374,.T.);
#1072=EDGE_CURVE('',#867,#869,#375,.T.);
#1073=EDGE_CURVE('',#870,#866,#376,.T.);
#1074=EDGE_CURVE('',#871,#870,#377,.T.);
#1075=EDGE_CURVE('',#871,#868,#378,.T.);
#1076=EDGE_CURVE('',#872,#873,#379,.T.);
#1077=EDGE_CURVE('',#872,#874,#380,.T.);
#1078=EDGE_CURVE('',#874,#875,#381,.T.);
#1079=EDGE_CURVE('',#873,#875,#382,.T.);
#1080=EDGE_CURVE('',#876,#872,#383,.T.);
#1081=EDGE_CURVE('',#876,#877,#384,.T.);
#1082=EDGE_CURVE('',#877,#874,#385,.T.);
#1083=EDGE_CURVE('',#878,#876,#386,.T.);
#1084=EDGE_CURVE('',#878,#879,#387,.T.);
#1085=EDGE_CURVE('',#879,#877,#388,.T.);
#1086=EDGE_CURVE('',#880,#878,#389,.T.);
#1087=EDGE_CURVE('',#880,#881,#390,.T.);
#1088=EDGE_CURVE('',#881,#879,#391,.T.);
#1089=EDGE_CURVE('',#882,#880,#392,.T.);
#1090=EDGE_CURVE('',#883,#882,#393,.T.);
#1091=EDGE_CURVE('',#883,#881,#394,.T.);
#1092=EDGE_CURVE('',#884,#885,#395,.T.);
#1093=EDGE_CURVE('',#884,#886,#396,.T.);
#1094=EDGE_CURVE('',#886,#887,#397,.T.);
#1095=EDGE_CURVE('',#885,#887,#398,.T.);
#1096=EDGE_CURVE('',#888,#884,#399,.T.);
#1097=EDGE_CURVE('',#888,#889,#400,.T.);
#1098=EDGE_CURVE('',#889,#886,#401,.T.);
#1099=EDGE_CURVE('',#867,#888,#402,.T.);
#1100=EDGE_CURVE('',#869,#889,#403,.T.);
#1101=EDGE_CURVE('',#890,#871,#734,.T.);
#1102=EDGE_CURVE('',#891,#890,#404,.T.);
#1103=EDGE_CURVE('',#875,#891,#735,.T.);
#1104=EDGE_CURVE('',#892,#883,#736,.T.);
#1105=EDGE_CURVE('',#893,#892,#405,.T.);
#1106=EDGE_CURVE('',#887,#893,#737,.T.);
#1107=EDGE_CURVE('',#894,#895,#406,.T.);
#1108=EDGE_CURVE('',#894,#896,#407,.T.);
#1109=EDGE_CURVE('',#896,#897,#408,.T.);
#1110=EDGE_CURVE('',#895,#897,#409,.T.);
#1111=EDGE_CURVE('',#898,#894,#410,.T.);
#1112=EDGE_CURVE('',#898,#899,#411,.T.);
#1113=EDGE_CURVE('',#899,#896,#412,.T.);
#1114=EDGE_CURVE('',#900,#899,#413,.T.);
#1115=EDGE_CURVE('',#897,#900,#738,.T.);
#1116=EDGE_CURVE('',#901,#902,#414,.T.);
#1117=EDGE_CURVE('',#903,#901,#415,.T.);
#1118=EDGE_CURVE('',#903,#904,#416,.T.);
#1119=EDGE_CURVE('',#902,#904,#417,.T.);
#1120=EDGE_CURVE('',#902,#905,#418,.T.);
#1121=EDGE_CURVE('',#904,#906,#419,.T.);
#1122=EDGE_CURVE('',#906,#905,#420,.T.);
#1123=EDGE_CURVE('',#907,#903,#739,.T.);
#1124=EDGE_CURVE('',#906,#907,#421,.T.);
#1125=EDGE_CURVE('',#908,#909,#422,.T.);
#1126=EDGE_CURVE('',#908,#910,#423,.T.);
#1127=EDGE_CURVE('',#910,#911,#424,.T.);
#1128=EDGE_CURVE('',#909,#911,#425,.T.);
#1129=EDGE_CURVE('',#912,#908,#426,.T.);
#1130=EDGE_CURVE('',#912,#913,#427,.T.);
#1131=EDGE_CURVE('',#913,#910,#428,.T.);
#1132=EDGE_CURVE('',#914,#913,#429,.T.);
#1133=EDGE_CURVE('',#911,#914,#740,.T.);
#1134=EDGE_CURVE('',#890,#781,#430,.T.);
#1135=EDGE_CURVE('',#780,#891,#431,.T.);
#1136=EDGE_CURVE('',#895,#838,#741,.T.);
#1137=EDGE_CURVE('',#806,#900,#432,.T.);
#1138=EDGE_CURVE('',#862,#805,#433,.T.);
#1139=EDGE_CURVE('',#800,#865,#434,.T.);
#1140=EDGE_CURVE('',#907,#799,#435,.T.);
#1141=EDGE_CURVE('',#853,#901,#742,.T.);
#1142=EDGE_CURVE('',#873,#915,#743,.T.);
#1143=EDGE_CURVE('',#915,#916,#436,.T.);
#1144=EDGE_CURVE('',#916,#882,#744,.T.);
#1145=EDGE_CURVE('',#841,#917,#745,.T.);
#1146=EDGE_CURVE('',#917,#918,#437,.T.);
#1147=EDGE_CURVE('',#918,#850,#746,.T.);
#1148=EDGE_CURVE('',#827,#919,#747,.T.);
#1149=EDGE_CURVE('',#920,#919,#438,.T.);
#1150=EDGE_CURVE('',#920,#921,#748,.T.);
#1151=EDGE_CURVE('',#921,#922,#439,.T.);
#1152=EDGE_CURVE('',#922,#923,#749,.T.);
#1153=EDGE_CURVE('',#924,#923,#440,.T.);
#1154=EDGE_CURVE('',#924,#925,#750,.T.);
#1155=EDGE_CURVE('',#925,#926,#441,.T.);
#1156=EDGE_CURVE('',#926,#927,#751,.T.);
#1157=EDGE_CURVE('',#928,#927,#442,.T.);
#1158=EDGE_CURVE('',#928,#929,#752,.T.);
#1159=EDGE_CURVE('',#929,#930,#443,.T.);
#1160=EDGE_CURVE('',#930,#931,#753,.T.);
#1161=EDGE_CURVE('',#932,#931,#444,.T.);
#1162=EDGE_CURVE('',#932,#898,#754,.T.);
#1163=EDGE_CURVE('',#905,#933,#755,.T.);
#1164=EDGE_CURVE('',#934,#933,#445,.T.);
#1165=EDGE_CURVE('',#934,#935,#756,.T.);
#1166=EDGE_CURVE('',#935,#936,#446,.T.);
#1167=EDGE_CURVE('',#936,#937,#757,.T.);
#1168=EDGE_CURVE('',#938,#937,#447,.T.);
#1169=EDGE_CURVE('',#938,#939,#758,.T.);
#1170=EDGE_CURVE('',#939,#940,#448,.T.);
#1171=EDGE_CURVE('',#940,#941,#759,.T.);
#1172=EDGE_CURVE('',#942,#941,#449,.T.);
#1173=EDGE_CURVE('',#942,#943,#760,.T.);
#1174=EDGE_CURVE('',#943,#944,#450,.T.);
#1175=EDGE_CURVE('',#944,#945,#761,.T.);
#1176=EDGE_CURVE('',#946,#945,#451,.T.);
#1177=EDGE_CURVE('',#946,#912,#762,.T.);
#1178=EDGE_CURVE('',#909,#870,#763,.T.);
#1179=EDGE_CURVE('',#885,#823,#764,.T.);
#1180=EDGE_CURVE('',#782,#914,#452,.T.);
#1181=EDGE_CURVE('',#774,#828,#453,.T.);
#1182=EDGE_CURVE('',#919,#773,#454,.T.);
#1183=EDGE_CURVE('',#808,#932,#455,.T.);
#1184=EDGE_CURVE('',#899,#807,#456,.T.);
#1185=EDGE_CURVE('',#784,#946,#457,.T.);
#1186=EDGE_CURVE('',#913,#783,#458,.T.);
#1187=EDGE_CURVE('',#798,#906,#459,.T.);
#1188=EDGE_CURVE('',#933,#797,#460,.T.);
#1189=EDGE_CURVE('',#820,#920,#461,.T.);
#1190=EDGE_CURVE('',#829,#775,#462,.T.);
#1191=EDGE_CURVE('',#945,#785,#463,.T.);
#1192=EDGE_CURVE('',#796,#934,#464,.T.);
#1193=EDGE_CURVE('',#944,#786,#465,.T.);
#1194=EDGE_CURVE('',#943,#787,#466,.T.);
#1195=EDGE_CURVE('',#788,#942,#467,.T.);
#1196=EDGE_CURVE('',#922,#818,#468,.T.);
#1197=EDGE_CURVE('',#923,#817,#469,.T.);
#1198=EDGE_CURVE('',#921,#819,#470,.T.);
#1199=EDGE_CURVE('',#804,#863,#471,.T.);
#1200=EDGE_CURVE('',#917,#803,#472,.T.);
#1201=EDGE_CURVE('',#918,#802,#473,.T.);
#1202=EDGE_CURVE('',#864,#801,#474,.T.);
#1203=EDGE_CURVE('',#776,#893,#475,.T.);
#1204=EDGE_CURVE('',#940,#790,#476,.T.);
#1205=EDGE_CURVE('',#941,#789,#477,.T.);
#1206=EDGE_CURVE('',#939,#791,#478,.T.);
#1207=EDGE_CURVE('',#792,#938,#479,.T.);
#1208=EDGE_CURVE('',#926,#814,#480,.T.);
#1209=EDGE_CURVE('',#927,#813,#481,.T.);
#1210=EDGE_CURVE('',#925,#815,#482,.T.);
#1211=EDGE_CURVE('',#816,#924,#483,.T.);
#1212=EDGE_CURVE('',#930,#810,#484,.T.);
#1213=EDGE_CURVE('',#931,#809,#485,.T.);
#1214=EDGE_CURVE('',#929,#811,#486,.T.);
#1215=EDGE_CURVE('',#812,#928,#487,.T.);
#1216=EDGE_CURVE('',#916,#778,#488,.T.);
#1217=EDGE_CURVE('',#892,#777,#489,.T.);
#1218=EDGE_CURVE('',#915,#779,#490,.T.);
#1219=EDGE_CURVE('',#936,#794,#491,.T.);
#1220=EDGE_CURVE('',#937,#793,#492,.T.);
#1221=EDGE_CURVE('',#935,#795,#493,.T.);
#1222=ORIENTED_EDGE('',*,*,#947,.F.);
#1223=ORIENTED_EDGE('',*,*,#948,.T.);
#1224=ORIENTED_EDGE('',*,*,#949,.T.);
#1225=ORIENTED_EDGE('',*,*,#948,.F.);
#1226=ORIENTED_EDGE('',*,*,#949,.F.);
#1227=ORIENTED_EDGE('',*,*,#950,.F.);
#1228=ORIENTED_EDGE('',*,*,#951,.T.);
#1229=ORIENTED_EDGE('',*,*,#952,.T.);
#1230=ORIENTED_EDGE('',*,*,#953,.F.);
#1231=ORIENTED_EDGE('',*,*,#954,.T.);
#1232=ORIENTED_EDGE('',*,*,#955,.F.);
#1233=ORIENTED_EDGE('',*,*,#952,.F.);
#1234=ORIENTED_EDGE('',*,*,#956,.T.);
#1235=ORIENTED_EDGE('',*,*,#957,.T.);
#1236=ORIENTED_EDGE('',*,*,#958,.T.);
#1237=ORIENTED_EDGE('',*,*,#959,.T.);
#1238=ORIENTED_EDGE('',*,*,#960,.T.);
#1239=ORIENTED_EDGE('',*,*,#961,.T.);
#1240=ORIENTED_EDGE('',*,*,#962,.T.);
#1241=ORIENTED_EDGE('',*,*,#963,.T.);
#1242=ORIENTED_EDGE('',*,*,#964,.T.);
#1243=ORIENTED_EDGE('',*,*,#965,.T.);
#1244=ORIENTED_EDGE('',*,*,#966,.T.);
#1245=ORIENTED_EDGE('',*,*,#967,.T.);
#1246=ORIENTED_EDGE('',*,*,#968,.T.);
#1247=ORIENTED_EDGE('',*,*,#969,.T.);
#1248=ORIENTED_EDGE('',*,*,#970,.T.);
#1249=ORIENTED_EDGE('',*,*,#971,.T.);
#1250=ORIENTED_EDGE('',*,*,#972,.T.);
#1251=ORIENTED_EDGE('',*,*,#973,.T.);
#1252=ORIENTED_EDGE('',*,*,#974,.T.);
#1253=ORIENTED_EDGE('',*,*,#975,.T.);
#1254=ORIENTED_EDGE('',*,*,#976,.T.);
#1255=ORIENTED_EDGE('',*,*,#977,.T.);
#1256=ORIENTED_EDGE('',*,*,#978,.T.);
#1257=ORIENTED_EDGE('',*,*,#979,.T.);
#1258=ORIENTED_EDGE('',*,*,#980,.T.);
#1259=ORIENTED_EDGE('',*,*,#981,.T.);
#1260=ORIENTED_EDGE('',*,*,#982,.T.);
#1261=ORIENTED_EDGE('',*,*,#983,.T.);
#1262=ORIENTED_EDGE('',*,*,#984,.T.);
#1263=ORIENTED_EDGE('',*,*,#985,.T.);
#1264=ORIENTED_EDGE('',*,*,#986,.T.);
#1265=ORIENTED_EDGE('',*,*,#987,.T.);
#1266=ORIENTED_EDGE('',*,*,#988,.T.);
#1267=ORIENTED_EDGE('',*,*,#989,.T.);
#1268=ORIENTED_EDGE('',*,*,#990,.T.);
#1269=ORIENTED_EDGE('',*,*,#991,.T.);
#1270=ORIENTED_EDGE('',*,*,#992,.T.);
#1271=ORIENTED_EDGE('',*,*,#993,.T.);
#1272=ORIENTED_EDGE('',*,*,#994,.T.);
#1273=ORIENTED_EDGE('',*,*,#995,.T.);
#1274=ORIENTED_EDGE('',*,*,#996,.T.);
#1275=ORIENTED_EDGE('',*,*,#997,.T.);
#1276=ORIENTED_EDGE('',*,*,#998,.T.);
#1277=ORIENTED_EDGE('',*,*,#999,.T.);
#1278=ORIENTED_EDGE('',*,*,#1000,.T.);
#1279=ORIENTED_EDGE('',*,*,#1001,.T.);
#1280=ORIENTED_EDGE('',*,*,#1002,.T.);
#1281=ORIENTED_EDGE('',*,*,#1003,.T.);
#1282=ORIENTED_EDGE('',*,*,#1004,.T.);
#1283=ORIENTED_EDGE('',*,*,#947,.T.);
#1284=ORIENTED_EDGE('',*,*,#1005,.F.);
#1285=ORIENTED_EDGE('',*,*,#956,.F.);
#1286=ORIENTED_EDGE('',*,*,#951,.F.);
#1287=ORIENTED_EDGE('',*,*,#1006,.F.);
#1288=ORIENTED_EDGE('',*,*,#1007,.F.);
#1289=ORIENTED_EDGE('',*,*,#1006,.T.);
#1290=ORIENTED_EDGE('',*,*,#950,.T.);
#1291=ORIENTED_EDGE('',*,*,#1008,.F.);
#1292=ORIENTED_EDGE('',*,*,#1005,.T.);
#1293=ORIENTED_EDGE('',*,*,#1007,.T.);
#1294=ORIENTED_EDGE('',*,*,#1009,.F.);
#1295=ORIENTED_EDGE('',*,*,#954,.F.);
#1296=ORIENTED_EDGE('',*,*,#1010,.F.);
#1297=ORIENTED_EDGE('',*,*,#1011,.F.);
#1298=ORIENTED_EDGE('',*,*,#1012,.T.);
#1299=ORIENTED_EDGE('',*,*,#1013,.F.);
#1300=ORIENTED_EDGE('',*,*,#1014,.F.);
#1301=ORIENTED_EDGE('',*,*,#1013,.T.);
#1302=ORIENTED_EDGE('',*,*,#1015,.T.);
#1303=ORIENTED_EDGE('',*,*,#1016,.T.);
#1304=ORIENTED_EDGE('',*,*,#1015,.F.);
#1305=ORIENTED_EDGE('',*,*,#1012,.F.);
#1306=ORIENTED_EDGE('',*,*,#1017,.F.);
#1307=ORIENTED_EDGE('',*,*,#1018,.F.);
#1308=ORIENTED_EDGE('',*,*,#1019,.F.);
#1309=ORIENTED_EDGE('',*,*,#1020,.T.);
#1310=ORIENTED_EDGE('',*,*,#1021,.T.);
#1311=ORIENTED_EDGE('',*,*,#1022,.F.);
#1312=ORIENTED_EDGE('',*,*,#1023,.F.);
#1313=ORIENTED_EDGE('',*,*,#1024,.T.);
#1314=ORIENTED_EDGE('',*,*,#1025,.T.);
#1315=ORIENTED_EDGE('',*,*,#1020,.F.);
#1316=ORIENTED_EDGE('',*,*,#1026,.F.);
#1317=ORIENTED_EDGE('',*,*,#1027,.T.);
#1318=ORIENTED_EDGE('',*,*,#1028,.T.);
#1319=ORIENTED_EDGE('',*,*,#1024,.F.);
#1320=ORIENTED_EDGE('',*,*,#1029,.F.);
#1321=ORIENTED_EDGE('',*,*,#1030,.F.);
#1322=ORIENTED_EDGE('',*,*,#1031,.T.);
#1323=ORIENTED_EDGE('',*,*,#1027,.F.);
#1324=ORIENTED_EDGE('',*,*,#1032,.F.);
#1325=ORIENTED_EDGE('',*,*,#1033,.T.);
#1326=ORIENTED_EDGE('',*,*,#1034,.T.);
#1327=ORIENTED_EDGE('',*,*,#1035,.F.);
#1328=ORIENTED_EDGE('',*,*,#1036,.F.);
#1329=ORIENTED_EDGE('',*,*,#1037,.T.);
#1330=ORIENTED_EDGE('',*,*,#1038,.T.);
#1331=ORIENTED_EDGE('',*,*,#1033,.F.);
#1332=ORIENTED_EDGE('',*,*,#1039,.F.);
#1333=ORIENTED_EDGE('',*,*,#1040,.T.);
#1334=ORIENTED_EDGE('',*,*,#1041,.T.);
#1335=ORIENTED_EDGE('',*,*,#1037,.F.);
#1336=ORIENTED_EDGE('',*,*,#1042,.F.);
#1337=ORIENTED_EDGE('',*,*,#1043,.T.);
#1338=ORIENTED_EDGE('',*,*,#1044,.T.);
#1339=ORIENTED_EDGE('',*,*,#1040,.F.);
#1340=ORIENTED_EDGE('',*,*,#1045,.F.);
#1341=ORIENTED_EDGE('',*,*,#1046,.F.);
#1342=ORIENTED_EDGE('',*,*,#1047,.T.);
#1343=ORIENTED_EDGE('',*,*,#1043,.F.);
#1344=ORIENTED_EDGE('',*,*,#1048,.F.);
#1345=ORIENTED_EDGE('',*,*,#1049,.T.);
#1346=ORIENTED_EDGE('',*,*,#1050,.T.);
#1347=ORIENTED_EDGE('',*,*,#1051,.F.);
#1348=ORIENTED_EDGE('',*,*,#1052,.F.);
#1349=ORIENTED_EDGE('',*,*,#1053,.T.);
#1350=ORIENTED_EDGE('',*,*,#1054,.T.);
#1351=ORIENTED_EDGE('',*,*,#1049,.F.);
#1352=ORIENTED_EDGE('',*,*,#1055,.F.);
#1353=ORIENTED_EDGE('',*,*,#1056,.T.);
#1354=ORIENTED_EDGE('',*,*,#1057,.T.);
#1355=ORIENTED_EDGE('',*,*,#1053,.F.);
#1356=ORIENTED_EDGE('',*,*,#1058,.F.);
#1357=ORIENTED_EDGE('',*,*,#1059,.T.);
#1358=ORIENTED_EDGE('',*,*,#1060,.T.);
#1359=ORIENTED_EDGE('',*,*,#1056,.F.);
#1360=ORIENTED_EDGE('',*,*,#1061,.F.);
#1361=ORIENTED_EDGE('',*,*,#1022,.T.);
#1362=ORIENTED_EDGE('',*,*,#1062,.T.);
#1363=ORIENTED_EDGE('',*,*,#1059,.F.);
#1364=ORIENTED_EDGE('',*,*,#1062,.F.);
#1365=ORIENTED_EDGE('',*,*,#1021,.F.);
#1366=ORIENTED_EDGE('',*,*,#1025,.F.);
#1367=ORIENTED_EDGE('',*,*,#1028,.F.);
#1368=ORIENTED_EDGE('',*,*,#1031,.F.);
#1369=ORIENTED_EDGE('',*,*,#1063,.F.);
#1370=ORIENTED_EDGE('',*,*,#1064,.F.);
#1371=ORIENTED_EDGE('',*,*,#1065,.F.);
#1372=ORIENTED_EDGE('',*,*,#1034,.F.);
#1373=ORIENTED_EDGE('',*,*,#1038,.F.);
#1374=ORIENTED_EDGE('',*,*,#1041,.F.);
#1375=ORIENTED_EDGE('',*,*,#1044,.F.);
#1376=ORIENTED_EDGE('',*,*,#1047,.F.);
#1377=ORIENTED_EDGE('',*,*,#1066,.F.);
#1378=ORIENTED_EDGE('',*,*,#1067,.F.);
#1379=ORIENTED_EDGE('',*,*,#1068,.F.);
#1380=ORIENTED_EDGE('',*,*,#1050,.F.);
#1381=ORIENTED_EDGE('',*,*,#1054,.F.);
#1382=ORIENTED_EDGE('',*,*,#1057,.F.);
#1383=ORIENTED_EDGE('',*,*,#1060,.F.);
#1384=ORIENTED_EDGE('',*,*,#1069,.F.);
#1385=ORIENTED_EDGE('',*,*,#1070,.T.);
#1386=ORIENTED_EDGE('',*,*,#1071,.T.);
#1387=ORIENTED_EDGE('',*,*,#1072,.F.);
#1388=ORIENTED_EDGE('',*,*,#1073,.F.);
#1389=ORIENTED_EDGE('',*,*,#1074,.F.);
#1390=ORIENTED_EDGE('',*,*,#1075,.T.);
#1391=ORIENTED_EDGE('',*,*,#1070,.F.);
#1392=ORIENTED_EDGE('',*,*,#1076,.F.);
#1393=ORIENTED_EDGE('',*,*,#1077,.T.);
#1394=ORIENTED_EDGE('',*,*,#1078,.T.);
#1395=ORIENTED_EDGE('',*,*,#1079,.F.);
#1396=ORIENTED_EDGE('',*,*,#1080,.F.);
#1397=ORIENTED_EDGE('',*,*,#1081,.T.);
#1398=ORIENTED_EDGE('',*,*,#1082,.T.);
#1399=ORIENTED_EDGE('',*,*,#1077,.F.);
#1400=ORIENTED_EDGE('',*,*,#1083,.F.);
#1401=ORIENTED_EDGE('',*,*,#1084,.T.);
#1402=ORIENTED_EDGE('',*,*,#1085,.T.);
#1403=ORIENTED_EDGE('',*,*,#1081,.F.);
#1404=ORIENTED_EDGE('',*,*,#1086,.F.);
#1405=ORIENTED_EDGE('',*,*,#1087,.T.);
#1406=ORIENTED_EDGE('',*,*,#1088,.T.);
#1407=ORIENTED_EDGE('',*,*,#1084,.F.);
#1408=ORIENTED_EDGE('',*,*,#1089,.F.);
#1409=ORIENTED_EDGE('',*,*,#1090,.F.);
#1410=ORIENTED_EDGE('',*,*,#1091,.T.);
#1411=ORIENTED_EDGE('',*,*,#1087,.F.);
#1412=ORIENTED_EDGE('',*,*,#1092,.F.);
#1413=ORIENTED_EDGE('',*,*,#1093,.T.);
#1414=ORIENTED_EDGE('',*,*,#1094,.T.);
#1415=ORIENTED_EDGE('',*,*,#1095,.F.);
#1416=ORIENTED_EDGE('',*,*,#1096,.F.);
#1417=ORIENTED_EDGE('',*,*,#1097,.T.);
#1418=ORIENTED_EDGE('',*,*,#1098,.T.);
#1419=ORIENTED_EDGE('',*,*,#1093,.F.);
#1420=ORIENTED_EDGE('',*,*,#1099,.F.);
#1421=ORIENTED_EDGE('',*,*,#1072,.T.);
#1422=ORIENTED_EDGE('',*,*,#1100,.T.);
#1423=ORIENTED_EDGE('',*,*,#1097,.F.);
#1424=ORIENTED_EDGE('',*,*,#1100,.F.);
#1425=ORIENTED_EDGE('',*,*,#1071,.F.);
#1426=ORIENTED_EDGE('',*,*,#1075,.F.);
#1427=ORIENTED_EDGE('',*,*,#1101,.F.);
#1428=ORIENTED_EDGE('',*,*,#1102,.F.);
#1429=ORIENTED_EDGE('',*,*,#1103,.F.);
#1430=ORIENTED_EDGE('',*,*,#1078,.F.);
#1431=ORIENTED_EDGE('',*,*,#1082,.F.);
#1432=ORIENTED_EDGE('',*,*,#1085,.F.);
#1433=ORIENTED_EDGE('',*,*,#1088,.F.);
#1434=ORIENTED_EDGE('',*,*,#1091,.F.);
#1435=ORIENTED_EDGE('',*,*,#1104,.F.);
#1436=ORIENTED_EDGE('',*,*,#1105,.F.);
#1437=ORIENTED_EDGE('',*,*,#1106,.F.);
#1438=ORIENTED_EDGE('',*,*,#1094,.F.);
#1439=ORIENTED_EDGE('',*,*,#1098,.F.);
#1440=ORIENTED_EDGE('',*,*,#1107,.F.);
#1441=ORIENTED_EDGE('',*,*,#1108,.T.);
#1442=ORIENTED_EDGE('',*,*,#1109,.T.);
#1443=ORIENTED_EDGE('',*,*,#1110,.F.);
#1444=ORIENTED_EDGE('',*,*,#1111,.F.);
#1445=ORIENTED_EDGE('',*,*,#1112,.T.);
#1446=ORIENTED_EDGE('',*,*,#1113,.T.);
#1447=ORIENTED_EDGE('',*,*,#1108,.F.);
#1448=ORIENTED_EDGE('',*,*,#1113,.F.);
#1449=ORIENTED_EDGE('',*,*,#1114,.F.);
#1450=ORIENTED_EDGE('',*,*,#1115,.F.);
#1451=ORIENTED_EDGE('',*,*,#1109,.F.);
#1452=ORIENTED_EDGE('',*,*,#1116,.F.);
#1453=ORIENTED_EDGE('',*,*,#1117,.F.);
#1454=ORIENTED_EDGE('',*,*,#1118,.T.);
#1455=ORIENTED_EDGE('',*,*,#1119,.F.);
#1456=ORIENTED_EDGE('',*,*,#1120,.F.);
#1457=ORIENTED_EDGE('',*,*,#1119,.T.);
#1458=ORIENTED_EDGE('',*,*,#1121,.T.);
#1459=ORIENTED_EDGE('',*,*,#1122,.T.);
#1460=ORIENTED_EDGE('',*,*,#1121,.F.);
#1461=ORIENTED_EDGE('',*,*,#1118,.F.);
#1462=ORIENTED_EDGE('',*,*,#1123,.F.);
#1463=ORIENTED_EDGE('',*,*,#1124,.F.);
#1464=ORIENTED_EDGE('',*,*,#1125,.F.);
#1465=ORIENTED_EDGE('',*,*,#1126,.T.);
#1466=ORIENTED_EDGE('',*,*,#1127,.T.);
#1467=ORIENTED_EDGE('',*,*,#1128,.F.);
#1468=ORIENTED_EDGE('',*,*,#1129,.F.);
#1469=ORIENTED_EDGE('',*,*,#1130,.T.);
#1470=ORIENTED_EDGE('',*,*,#1131,.T.);
#1471=ORIENTED_EDGE('',*,*,#1126,.F.);
#1472=ORIENTED_EDGE('',*,*,#1131,.F.);
#1473=ORIENTED_EDGE('',*,*,#1132,.F.);
#1474=ORIENTED_EDGE('',*,*,#1133,.F.);
#1475=ORIENTED_EDGE('',*,*,#1127,.F.);
#1476=ORIENTED_EDGE('',*,*,#1102,.T.);
#1477=ORIENTED_EDGE('',*,*,#1134,.T.);
#1478=ORIENTED_EDGE('',*,*,#964,.F.);
#1479=ORIENTED_EDGE('',*,*,#1135,.T.);
#1480=ORIENTED_EDGE('',*,*,#1063,.T.);
#1481=ORIENTED_EDGE('',*,*,#1030,.T.);
#1482=ORIENTED_EDGE('',*,*,#1136,.F.);
#1483=ORIENTED_EDGE('',*,*,#1110,.T.);
#1484=ORIENTED_EDGE('',*,*,#1115,.T.);
#1485=ORIENTED_EDGE('',*,*,#1137,.F.);
#1486=ORIENTED_EDGE('',*,*,#989,.F.);
#1487=ORIENTED_EDGE('',*,*,#1138,.F.);
#1488=ORIENTED_EDGE('',*,*,#1051,.T.);
#1489=ORIENTED_EDGE('',*,*,#1068,.T.);
#1490=ORIENTED_EDGE('',*,*,#1139,.F.);
#1491=ORIENTED_EDGE('',*,*,#983,.F.);
#1492=ORIENTED_EDGE('',*,*,#1140,.F.);
#1493=ORIENTED_EDGE('',*,*,#1123,.T.);
#1494=ORIENTED_EDGE('',*,*,#1117,.T.);
#1495=ORIENTED_EDGE('',*,*,#1141,.F.);
#1496=ORIENTED_EDGE('',*,*,#1076,.T.);
#1497=ORIENTED_EDGE('',*,*,#1142,.T.);
#1498=ORIENTED_EDGE('',*,*,#1143,.T.);
#1499=ORIENTED_EDGE('',*,*,#1144,.T.);
#1500=ORIENTED_EDGE('',*,*,#1089,.T.);
#1501=ORIENTED_EDGE('',*,*,#1086,.T.);
#1502=ORIENTED_EDGE('',*,*,#1083,.T.);
#1503=ORIENTED_EDGE('',*,*,#1080,.T.);
#1504=ORIENTED_EDGE('',*,*,#1032,.T.);
#1505=ORIENTED_EDGE('',*,*,#1145,.T.);
#1506=ORIENTED_EDGE('',*,*,#1146,.T.);
#1507=ORIENTED_EDGE('',*,*,#1147,.T.);
#1508=ORIENTED_EDGE('',*,*,#1045,.T.);
#1509=ORIENTED_EDGE('',*,*,#1042,.T.);
#1510=ORIENTED_EDGE('',*,*,#1039,.T.);
#1511=ORIENTED_EDGE('',*,*,#1036,.T.);
#1512=ORIENTED_EDGE('',*,*,#1010,.T.);
#1513=ORIENTED_EDGE('',*,*,#1014,.T.);
#1514=ORIENTED_EDGE('',*,*,#1148,.T.);
#1515=ORIENTED_EDGE('',*,*,#1149,.F.);
#1516=ORIENTED_EDGE('',*,*,#1150,.T.);
#1517=ORIENTED_EDGE('',*,*,#1151,.T.);
#1518=ORIENTED_EDGE('',*,*,#1152,.T.);
#1519=ORIENTED_EDGE('',*,*,#1153,.F.);
#1520=ORIENTED_EDGE('',*,*,#1154,.T.);
#1521=ORIENTED_EDGE('',*,*,#1155,.T.);
#1522=ORIENTED_EDGE('',*,*,#1156,.T.);
#1523=ORIENTED_EDGE('',*,*,#1157,.F.);
#1524=ORIENTED_EDGE('',*,*,#1158,.T.);
#1525=ORIENTED_EDGE('',*,*,#1159,.T.);
#1526=ORIENTED_EDGE('',*,*,#1160,.T.);
#1527=ORIENTED_EDGE('',*,*,#1161,.F.);
#1528=ORIENTED_EDGE('',*,*,#1162,.T.);
#1529=ORIENTED_EDGE('',*,*,#1111,.T.);
#1530=ORIENTED_EDGE('',*,*,#1107,.T.);
#1531=ORIENTED_EDGE('',*,*,#1136,.T.);
#1532=ORIENTED_EDGE('',*,*,#1029,.T.);
#1533=ORIENTED_EDGE('',*,*,#1026,.T.);
#1534=ORIENTED_EDGE('',*,*,#1023,.T.);
#1535=ORIENTED_EDGE('',*,*,#1019,.T.);
#1536=ORIENTED_EDGE('',*,*,#1061,.T.);
#1537=ORIENTED_EDGE('',*,*,#1058,.T.);
#1538=ORIENTED_EDGE('',*,*,#1055,.T.);
#1539=ORIENTED_EDGE('',*,*,#1052,.T.);
#1540=ORIENTED_EDGE('',*,*,#1048,.T.);
#1541=ORIENTED_EDGE('',*,*,#1141,.T.);
#1542=ORIENTED_EDGE('',*,*,#1116,.T.);
#1543=ORIENTED_EDGE('',*,*,#1120,.T.);
#1544=ORIENTED_EDGE('',*,*,#1163,.T.);
#1545=ORIENTED_EDGE('',*,*,#1164,.F.);
#1546=ORIENTED_EDGE('',*,*,#1165,.T.);
#1547=ORIENTED_EDGE('',*,*,#1166,.T.);
#1548=ORIENTED_EDGE('',*,*,#1167,.T.);
#1549=ORIENTED_EDGE('',*,*,#1168,.F.);
#1550=ORIENTED_EDGE('',*,*,#1169,.T.);
#1551=ORIENTED_EDGE('',*,*,#1170,.T.);
#1552=ORIENTED_EDGE('',*,*,#1171,.T.);
#1553=ORIENTED_EDGE('',*,*,#1172,.F.);
#1554=ORIENTED_EDGE('',*,*,#1173,.T.);
#1555=ORIENTED_EDGE('',*,*,#1174,.T.);
#1556=ORIENTED_EDGE('',*,*,#1175,.T.);
#1557=ORIENTED_EDGE('',*,*,#1176,.F.);
#1558=ORIENTED_EDGE('',*,*,#1177,.T.);
#1559=ORIENTED_EDGE('',*,*,#1129,.T.);
#1560=ORIENTED_EDGE('',*,*,#1125,.T.);
#1561=ORIENTED_EDGE('',*,*,#1178,.T.);
#1562=ORIENTED_EDGE('',*,*,#1073,.T.);
#1563=ORIENTED_EDGE('',*,*,#1069,.T.);
#1564=ORIENTED_EDGE('',*,*,#1099,.T.);
#1565=ORIENTED_EDGE('',*,*,#1096,.T.);
#1566=ORIENTED_EDGE('',*,*,#1092,.T.);
#1567=ORIENTED_EDGE('',*,*,#1179,.T.);
#1568=ORIENTED_EDGE('',*,*,#1101,.T.);
#1569=ORIENTED_EDGE('',*,*,#1074,.T.);
#1570=ORIENTED_EDGE('',*,*,#1178,.F.);
#1571=ORIENTED_EDGE('',*,*,#1128,.T.);
#1572=ORIENTED_EDGE('',*,*,#1133,.T.);
#1573=ORIENTED_EDGE('',*,*,#1180,.F.);
#1574=ORIENTED_EDGE('',*,*,#965,.F.);
#1575=ORIENTED_EDGE('',*,*,#1134,.F.);
#1576=ORIENTED_EDGE('',*,*,#1148,.F.);
#1577=ORIENTED_EDGE('',*,*,#1016,.F.);
#1578=ORIENTED_EDGE('',*,*,#1181,.F.);
#1579=ORIENTED_EDGE('',*,*,#957,.F.);
#1580=ORIENTED_EDGE('',*,*,#1182,.F.);
#1581=ORIENTED_EDGE('',*,*,#1162,.F.);
#1582=ORIENTED_EDGE('',*,*,#1183,.F.);
#1583=ORIENTED_EDGE('',*,*,#991,.F.);
#1584=ORIENTED_EDGE('',*,*,#1184,.F.);
#1585=ORIENTED_EDGE('',*,*,#1112,.F.);
#1586=ORIENTED_EDGE('',*,*,#1177,.F.);
#1587=ORIENTED_EDGE('',*,*,#1185,.F.);
#1588=ORIENTED_EDGE('',*,*,#967,.F.);
#1589=ORIENTED_EDGE('',*,*,#1186,.F.);
#1590=ORIENTED_EDGE('',*,*,#1130,.F.);
#1591=ORIENTED_EDGE('',*,*,#1163,.F.);
#1592=ORIENTED_EDGE('',*,*,#1122,.F.);
#1593=ORIENTED_EDGE('',*,*,#1187,.F.);
#1594=ORIENTED_EDGE('',*,*,#981,.F.);
#1595=ORIENTED_EDGE('',*,*,#1188,.F.);
#1596=ORIENTED_EDGE('',*,*,#1182,.T.);
#1597=ORIENTED_EDGE('',*,*,#1004,.F.);
#1598=ORIENTED_EDGE('',*,*,#1189,.T.);
#1599=ORIENTED_EDGE('',*,*,#1149,.T.);
#1600=ORIENTED_EDGE('',*,*,#1018,.T.);
#1601=ORIENTED_EDGE('',*,*,#1190,.T.);
#1602=ORIENTED_EDGE('',*,*,#958,.F.);
#1603=ORIENTED_EDGE('',*,*,#1181,.T.);
#1604=ORIENTED_EDGE('',*,*,#1132,.T.);
#1605=ORIENTED_EDGE('',*,*,#1186,.T.);
#1606=ORIENTED_EDGE('',*,*,#966,.F.);
#1607=ORIENTED_EDGE('',*,*,#1180,.T.);
#1608=ORIENTED_EDGE('',*,*,#1185,.T.);
#1609=ORIENTED_EDGE('',*,*,#1176,.T.);
#1610=ORIENTED_EDGE('',*,*,#1191,.T.);
#1611=ORIENTED_EDGE('',*,*,#968,.F.);
#1612=ORIENTED_EDGE('',*,*,#1188,.T.);
#1613=ORIENTED_EDGE('',*,*,#980,.F.);
#1614=ORIENTED_EDGE('',*,*,#1192,.T.);
#1615=ORIENTED_EDGE('',*,*,#1164,.T.);
#1616=ORIENTED_EDGE('',*,*,#1175,.F.);
#1617=ORIENTED_EDGE('',*,*,#1193,.T.);
#1618=ORIENTED_EDGE('',*,*,#969,.F.);
#1619=ORIENTED_EDGE('',*,*,#1191,.F.);
#1620=ORIENTED_EDGE('',*,*,#1174,.F.);
#1621=ORIENTED_EDGE('',*,*,#1194,.T.);
#1622=ORIENTED_EDGE('',*,*,#970,.F.);
#1623=ORIENTED_EDGE('',*,*,#1193,.F.);
#1624=ORIENTED_EDGE('',*,*,#1173,.F.);
#1625=ORIENTED_EDGE('',*,*,#1195,.F.);
#1626=ORIENTED_EDGE('',*,*,#971,.F.);
#1627=ORIENTED_EDGE('',*,*,#1194,.F.);
#1628=ORIENTED_EDGE('',*,*,#1152,.F.);
#1629=ORIENTED_EDGE('',*,*,#1196,.T.);
#1630=ORIENTED_EDGE('',*,*,#1001,.F.);
#1631=ORIENTED_EDGE('',*,*,#1197,.F.);
#1632=ORIENTED_EDGE('',*,*,#1151,.F.);
#1633=ORIENTED_EDGE('',*,*,#1198,.T.);
#1634=ORIENTED_EDGE('',*,*,#1002,.F.);
#1635=ORIENTED_EDGE('',*,*,#1196,.F.);
#1636=ORIENTED_EDGE('',*,*,#1150,.F.);
#1637=ORIENTED_EDGE('',*,*,#1189,.F.);
#1638=ORIENTED_EDGE('',*,*,#1003,.F.);
#1639=ORIENTED_EDGE('',*,*,#1198,.F.);
#1640=ORIENTED_EDGE('',*,*,#1065,.T.);
#1641=ORIENTED_EDGE('',*,*,#1199,.F.);
#1642=ORIENTED_EDGE('',*,*,#987,.F.);
#1643=ORIENTED_EDGE('',*,*,#1200,.F.);
#1644=ORIENTED_EDGE('',*,*,#1145,.F.);
#1645=ORIENTED_EDGE('',*,*,#1035,.T.);
#1646=ORIENTED_EDGE('',*,*,#1046,.T.);
#1647=ORIENTED_EDGE('',*,*,#1147,.F.);
#1648=ORIENTED_EDGE('',*,*,#1201,.T.);
#1649=ORIENTED_EDGE('',*,*,#985,.F.);
#1650=ORIENTED_EDGE('',*,*,#1202,.F.);
#1651=ORIENTED_EDGE('',*,*,#1066,.T.);
#1652=ORIENTED_EDGE('',*,*,#1146,.F.);
#1653=ORIENTED_EDGE('',*,*,#1200,.T.);
#1654=ORIENTED_EDGE('',*,*,#986,.F.);
#1655=ORIENTED_EDGE('',*,*,#1201,.F.);
#1656=ORIENTED_EDGE('',*,*,#1011,.T.);
#1657=ORIENTED_EDGE('',*,*,#1179,.F.);
#1658=ORIENTED_EDGE('',*,*,#1095,.T.);
#1659=ORIENTED_EDGE('',*,*,#1106,.T.);
#1660=ORIENTED_EDGE('',*,*,#1203,.F.);
#1661=ORIENTED_EDGE('',*,*,#959,.F.);
#1662=ORIENTED_EDGE('',*,*,#1190,.F.);
#1663=ORIENTED_EDGE('',*,*,#1017,.T.);
#1664=ORIENTED_EDGE('',*,*,#1171,.F.);
#1665=ORIENTED_EDGE('',*,*,#1204,.T.);
#1666=ORIENTED_EDGE('',*,*,#973,.F.);
#1667=ORIENTED_EDGE('',*,*,#1205,.F.);
#1668=ORIENTED_EDGE('',*,*,#1170,.F.);
#1669=ORIENTED_EDGE('',*,*,#1206,.T.);
#1670=ORIENTED_EDGE('',*,*,#974,.F.);
#1671=ORIENTED_EDGE('',*,*,#1204,.F.);
#1672=ORIENTED_EDGE('',*,*,#1169,.F.);
#1673=ORIENTED_EDGE('',*,*,#1207,.F.);
#1674=ORIENTED_EDGE('',*,*,#975,.F.);
#1675=ORIENTED_EDGE('',*,*,#1206,.F.);
#1676=ORIENTED_EDGE('',*,*,#1156,.F.);
#1677=ORIENTED_EDGE('',*,*,#1208,.T.);
#1678=ORIENTED_EDGE('',*,*,#997,.F.);
#1679=ORIENTED_EDGE('',*,*,#1209,.F.);
#1680=ORIENTED_EDGE('',*,*,#1155,.F.);
#1681=ORIENTED_EDGE('',*,*,#1210,.T.);
#1682=ORIENTED_EDGE('',*,*,#998,.F.);
#1683=ORIENTED_EDGE('',*,*,#1208,.F.);
#1684=ORIENTED_EDGE('',*,*,#1154,.F.);
#1685=ORIENTED_EDGE('',*,*,#1211,.F.);
#1686=ORIENTED_EDGE('',*,*,#999,.F.);
#1687=ORIENTED_EDGE('',*,*,#1210,.F.);
#1688=ORIENTED_EDGE('',*,*,#1160,.F.);
#1689=ORIENTED_EDGE('',*,*,#1212,.T.);
#1690=ORIENTED_EDGE('',*,*,#993,.F.);
#1691=ORIENTED_EDGE('',*,*,#1213,.F.);
#1692=ORIENTED_EDGE('',*,*,#1159,.F.);
#1693=ORIENTED_EDGE('',*,*,#1214,.T.);
#1694=ORIENTED_EDGE('',*,*,#994,.F.);
#1695=ORIENTED_EDGE('',*,*,#1212,.F.);
#1696=ORIENTED_EDGE('',*,*,#1158,.F.);
#1697=ORIENTED_EDGE('',*,*,#1215,.F.);
#1698=ORIENTED_EDGE('',*,*,#995,.F.);
#1699=ORIENTED_EDGE('',*,*,#1214,.F.);
#1700=ORIENTED_EDGE('',*,*,#1090,.T.);
#1701=ORIENTED_EDGE('',*,*,#1144,.F.);
#1702=ORIENTED_EDGE('',*,*,#1216,.T.);
#1703=ORIENTED_EDGE('',*,*,#961,.F.);
#1704=ORIENTED_EDGE('',*,*,#1217,.F.);
#1705=ORIENTED_EDGE('',*,*,#1104,.T.);
#1706=ORIENTED_EDGE('',*,*,#1143,.F.);
#1707=ORIENTED_EDGE('',*,*,#1218,.T.);
#1708=ORIENTED_EDGE('',*,*,#962,.F.);
#1709=ORIENTED_EDGE('',*,*,#1216,.F.);
#1710=ORIENTED_EDGE('',*,*,#1103,.T.);
#1711=ORIENTED_EDGE('',*,*,#1135,.F.);
#1712=ORIENTED_EDGE('',*,*,#963,.F.);
#1713=ORIENTED_EDGE('',*,*,#1218,.F.);
#1714=ORIENTED_EDGE('',*,*,#1142,.F.);
#1715=ORIENTED_EDGE('',*,*,#1079,.T.);
#1716=ORIENTED_EDGE('',*,*,#1167,.F.);
#1717=ORIENTED_EDGE('',*,*,#1219,.T.);
#1718=ORIENTED_EDGE('',*,*,#977,.F.);
#1719=ORIENTED_EDGE('',*,*,#1220,.F.);
#1720=ORIENTED_EDGE('',*,*,#1166,.F.);
#1721=ORIENTED_EDGE('',*,*,#1221,.T.);
#1722=ORIENTED_EDGE('',*,*,#978,.F.);
#1723=ORIENTED_EDGE('',*,*,#1219,.F.);
#1724=ORIENTED_EDGE('',*,*,#1165,.F.);
#1725=ORIENTED_EDGE('',*,*,#1192,.F.);
#1726=ORIENTED_EDGE('',*,*,#979,.F.);
#1727=ORIENTED_EDGE('',*,*,#1221,.F.);
#1728=ORIENTED_EDGE('',*,*,#1114,.T.);
#1729=ORIENTED_EDGE('',*,*,#1184,.T.);
#1730=ORIENTED_EDGE('',*,*,#990,.F.);
#1731=ORIENTED_EDGE('',*,*,#1137,.T.);
#1732=ORIENTED_EDGE('',*,*,#1124,.T.);
#1733=ORIENTED_EDGE('',*,*,#1140,.T.);
#1734=ORIENTED_EDGE('',*,*,#982,.F.);
#1735=ORIENTED_EDGE('',*,*,#1187,.T.);
#1736=ORIENTED_EDGE('',*,*,#1064,.T.);
#1737=ORIENTED_EDGE('',*,*,#1138,.T.);
#1738=ORIENTED_EDGE('',*,*,#988,.F.);
#1739=ORIENTED_EDGE('',*,*,#1199,.T.);
#1740=ORIENTED_EDGE('',*,*,#1183,.T.);
#1741=ORIENTED_EDGE('',*,*,#1161,.T.);
#1742=ORIENTED_EDGE('',*,*,#1213,.T.);
#1743=ORIENTED_EDGE('',*,*,#992,.F.);
#1744=ORIENTED_EDGE('',*,*,#1209,.T.);
#1745=ORIENTED_EDGE('',*,*,#996,.F.);
#1746=ORIENTED_EDGE('',*,*,#1215,.T.);
#1747=ORIENTED_EDGE('',*,*,#1157,.T.);
#1748=ORIENTED_EDGE('',*,*,#1105,.T.);
#1749=ORIENTED_EDGE('',*,*,#1217,.T.);
#1750=ORIENTED_EDGE('',*,*,#960,.F.);
#1751=ORIENTED_EDGE('',*,*,#1203,.T.);
#1752=ORIENTED_EDGE('',*,*,#1207,.T.);
#1753=ORIENTED_EDGE('',*,*,#1168,.T.);
#1754=ORIENTED_EDGE('',*,*,#1220,.T.);
#1755=ORIENTED_EDGE('',*,*,#976,.F.);
#1756=ORIENTED_EDGE('',*,*,#1195,.T.);
#1757=ORIENTED_EDGE('',*,*,#1172,.T.);
#1758=ORIENTED_EDGE('',*,*,#1205,.T.);
#1759=ORIENTED_EDGE('',*,*,#972,.F.);
#1760=ORIENTED_EDGE('',*,*,#955,.T.);
#1761=ORIENTED_EDGE('',*,*,#1009,.T.);
#1762=ORIENTED_EDGE('',*,*,#1008,.T.);
#1763=ORIENTED_EDGE('',*,*,#953,.T.);
#1764=ORIENTED_EDGE('',*,*,#1067,.T.);
#1765=ORIENTED_EDGE('',*,*,#1202,.T.);
#1766=ORIENTED_EDGE('',*,*,#984,.F.);
#1767=ORIENTED_EDGE('',*,*,#1139,.T.);
#1768=ORIENTED_EDGE('',*,*,#1197,.T.);
#1769=ORIENTED_EDGE('',*,*,#1000,.F.);
#1770=ORIENTED_EDGE('',*,*,#1211,.T.);
#1771=ORIENTED_EDGE('',*,*,#1153,.T.);
#1772=CYLINDRICAL_SURFACE('',#1912,0.0400000018998981);
#1773=CYLINDRICAL_SURFACE('',#1916,0.3);
#1774=CYLINDRICAL_SURFACE('',#1919,0.3);
#1775=CYLINDRICAL_SURFACE('',#1946,0.3);
#1776=CYLINDRICAL_SURFACE('',#1948,0.3);
#1777=CYLINDRICAL_SURFACE('',#2000,0.0999999999999998);
#1778=CYLINDRICAL_SURFACE('',#2002,0.1);
#1779=CYLINDRICAL_SURFACE('',#2029,0.0999999999999998);
#1780=CYLINDRICAL_SURFACE('',#2030,0.102530496748528);
#1781=CYLINDRICAL_SURFACE('',#2031,0.102530496748528);
#1782=CYLINDRICAL_SURFACE('',#2032,0.102530496748528);
#1783=CYLINDRICAL_SURFACE('',#2033,0.102530496748528);
#1784=CYLINDRICAL_SURFACE('',#2039,0.1);
#1785=CYLINDRICAL_SURFACE('',#2041,0.1);
#1786=CYLINDRICAL_SURFACE('',#2042,0.1);
#1787=CYLINDRICAL_SURFACE('',#2044,0.1);
#1788=CYLINDRICAL_SURFACE('',#2045,0.1);
#1789=CYLINDRICAL_SURFACE('',#2046,0.1);
#1790=CYLINDRICAL_SURFACE('',#2048,0.1);
#1791=CYLINDRICAL_SURFACE('',#2049,0.1);
#1792=CYLINDRICAL_SURFACE('',#2051,0.1);
#1793=CYLINDRICAL_SURFACE('',#2052,0.1);
#1794=CYLINDRICAL_SURFACE('',#2054,0.1);
#1795=CYLINDRICAL_SURFACE('',#2055,0.1);
#1796=CYLINDRICAL_SURFACE('',#2057,0.1);
#1797=CYLINDRICAL_SURFACE('',#2058,0.1);
#1798=CYLINDRICAL_SURFACE('',#2060,0.1);
#1799=CYLINDRICAL_SURFACE('',#2061,0.1);
#1800=CYLINDRICAL_SURFACE('',#2063,0.1);
#1801=ADVANCED_FACE('',(#89),#1772,.F.);
#1802=ADVANCED_FACE('',(#90),#21,.T.);
#1803=ADVANCED_FACE('',(#91),#1773,.F.);
#1804=ADVANCED_FACE('',(#92),#1774,.F.);
#1805=ADVANCED_FACE('',(#93,#15,#16),#22,.T.);
#1806=ADVANCED_FACE('',(#94),#1775,.F.);
#1807=ADVANCED_FACE('',(#95),#1776,.F.);
#1808=ADVANCED_FACE('',(#96),#23,.F.);
#1809=ADVANCED_FACE('',(#97),#24,.F.);
#1810=ADVANCED_FACE('',(#98),#25,.T.);
#1811=ADVANCED_FACE('',(#99),#26,.F.);
#1812=ADVANCED_FACE('',(#100),#27,.F.);
#1813=ADVANCED_FACE('',(#101),#28,.F.);
#1814=ADVANCED_FACE('',(#102),#29,.F.);
#1815=ADVANCED_FACE('',(#103),#30,.F.);
#1816=ADVANCED_FACE('',(#104),#31,.F.);
#1817=ADVANCED_FACE('',(#105),#32,.F.);
#1818=ADVANCED_FACE('',(#106),#33,.F.);
#1819=ADVANCED_FACE('',(#107),#34,.F.);
#1820=ADVANCED_FACE('',(#108),#35,.F.);
#1821=ADVANCED_FACE('',(#109),#36,.F.);
#1822=ADVANCED_FACE('',(#110),#37,.F.);
#1823=ADVANCED_FACE('',(#111),#38,.F.);
#1824=ADVANCED_FACE('',(#112),#39,.F.);
#1825=ADVANCED_FACE('',(#113),#40,.T.);
#1826=ADVANCED_FACE('',(#114),#41,.F.);
#1827=ADVANCED_FACE('',(#115),#42,.F.);
#1828=ADVANCED_FACE('',(#116),#43,.F.);
#1829=ADVANCED_FACE('',(#117),#44,.F.);
#1830=ADVANCED_FACE('',(#118),#45,.F.);
#1831=ADVANCED_FACE('',(#119),#46,.F.);
#1832=ADVANCED_FACE('',(#120),#47,.F.);
#1833=ADVANCED_FACE('',(#121),#48,.F.);
#1834=ADVANCED_FACE('',(#122),#49,.F.);
#1835=ADVANCED_FACE('',(#123),#50,.F.);
#1836=ADVANCED_FACE('',(#124),#51,.T.);
#1837=ADVANCED_FACE('',(#125),#52,.F.);
#1838=ADVANCED_FACE('',(#126),#53,.F.);
#1839=ADVANCED_FACE('',(#127),#54,.T.);
#1840=ADVANCED_FACE('',(#128),#55,.F.);
#1841=ADVANCED_FACE('',(#129),#56,.F.);
#1842=ADVANCED_FACE('',(#130),#57,.T.);
#1843=ADVANCED_FACE('',(#131),#58,.F.);
#1844=ADVANCED_FACE('',(#132),#59,.F.);
#1845=ADVANCED_FACE('',(#133),#60,.T.);
#1846=ADVANCED_FACE('',(#134),#61,.T.);
#1847=ADVANCED_FACE('',(#135),#1777,.F.);
#1848=ADVANCED_FACE('',(#136),#1778,.F.);
#1849=ADVANCED_FACE('',(#137),#62,.F.);
#1850=ADVANCED_FACE('',(#138),#63,.F.);
#1851=ADVANCED_FACE('',(#139),#64,.F.);
#1852=ADVANCED_FACE('',(#140),#1779,.F.);
#1853=ADVANCED_FACE('',(#141),#1780,.F.);
#1854=ADVANCED_FACE('',(#142),#1781,.F.);
#1855=ADVANCED_FACE('',(#143),#1782,.F.);
#1856=ADVANCED_FACE('',(#144),#1783,.F.);
#1857=ADVANCED_FACE('',(#145),#65,.T.);
#1858=ADVANCED_FACE('',(#146),#66,.T.);
#1859=ADVANCED_FACE('',(#147),#67,.T.);
#1860=ADVANCED_FACE('',(#148),#68,.T.);
#1861=ADVANCED_FACE('',(#149),#69,.T.);
#1862=ADVANCED_FACE('',(#150),#1784,.F.);
#1863=ADVANCED_FACE('',(#151),#70,.F.);
#1864=ADVANCED_FACE('',(#152),#1785,.F.);
#1865=ADVANCED_FACE('',(#153),#1786,.F.);
#1866=ADVANCED_FACE('',(#154),#71,.F.);
#1867=ADVANCED_FACE('',(#155),#1787,.F.);
#1868=ADVANCED_FACE('',(#156),#1788,.F.);
#1869=ADVANCED_FACE('',(#157),#1789,.F.);
#1870=ADVANCED_FACE('',(#158),#72,.F.);
#1871=ADVANCED_FACE('',(#159),#1790,.F.);
#1872=ADVANCED_FACE('',(#160),#1791,.F.);
#1873=ADVANCED_FACE('',(#161),#73,.F.);
#1874=ADVANCED_FACE('',(#162),#1792,.F.);
#1875=ADVANCED_FACE('',(#163),#1793,.F.);
#1876=ADVANCED_FACE('',(#164),#74,.F.);
#1877=ADVANCED_FACE('',(#165),#1794,.F.);
#1878=ADVANCED_FACE('',(#166),#1795,.F.);
#1879=ADVANCED_FACE('',(#167),#75,.F.);
#1880=ADVANCED_FACE('',(#168),#1796,.F.);
#1881=ADVANCED_FACE('',(#169),#1797,.F.);
#1882=ADVANCED_FACE('',(#170),#76,.F.);
#1883=ADVANCED_FACE('',(#171),#1798,.F.);
#1884=ADVANCED_FACE('',(#172),#1799,.F.);
#1885=ADVANCED_FACE('',(#173),#77,.F.);
#1886=ADVANCED_FACE('',(#174),#1800,.F.);
#1887=ADVANCED_FACE('',(#175),#78,.T.);
#1888=ADVANCED_FACE('',(#176),#79,.T.);
#1889=ADVANCED_FACE('',(#177),#80,.T.);
#1890=ADVANCED_FACE('',(#178),#81,.T.);
#1891=ADVANCED_FACE('',(#179),#82,.T.);
#1892=ADVANCED_FACE('',(#180),#83,.T.);
#1893=ADVANCED_FACE('',(#181),#84,.T.);
#1894=ADVANCED_FACE('',(#182),#85,.T.);
#1895=ADVANCED_FACE('',(#183),#86,.T.);
#1896=ADVANCED_FACE('',(#184),#87,.T.);
#1897=ADVANCED_FACE('',(#185),#88,.T.);
#1898=CLOSED_SHELL('',(#1801,#1802,#1803,#1804,#1805,#1806,#1807,#1808,
#1809,#1810,#1811,#1812,#1813,#1814,#1815,#1816,#1817,#1818,#1819,#1820,
#1821,#1822,#1823,#1824,#1825,#1826,#1827,#1828,#1829,#1830,#1831,#1832,
#1833,#1834,#1835,#1836,#1837,#1838,#1839,#1840,#1841,#1842,#1843,#1844,
#1845,#1846,#1847,#1848,#1849,#1850,#1851,#1852,#1853,#1854,#1855,#1856,
#1857,#1858,#1859,#1860,#1861,#1862,#1863,#1864,#1865,#1866,#1867,#1868,
#1869,#1870,#1871,#1872,#1873,#1874,#1875,#1876,#1877,#1878,#1879,#1880,
#1881,#1882,#1883,#1884,#1885,#1886,#1887,#1888,#1889,#1890,#1891,#1892,
#1893,#1894,#1895,#1896,#1897));
#1899=DERIVED_UNIT_ELEMENT(#1901,1.);
#1900=DERIVED_UNIT_ELEMENT(#3172,-3.);
#1901=(
MASS_UNIT()
NAMED_UNIT(*)
SI_UNIT(.KILO.,.GRAM.)
);
#1902=DERIVED_UNIT((#1899,#1900));
#1903=MEASURE_REPRESENTATION_ITEM('density measure',
POSITIVE_RATIO_MEASURE(7850.),#1902);
#1904=PROPERTY_DEFINITION_REPRESENTATION(#1909,#1906);
#1905=PROPERTY_DEFINITION_REPRESENTATION(#1910,#1907);
#1906=REPRESENTATION('material name',(#1908),#3169);
#1907=REPRESENTATION('density',(#1903),#3169);
#1908=DESCRIPTIVE_REPRESENTATION_ITEM('Steel','Steel');
#1909=PROPERTY_DEFINITION('material property','material name',#3179);
#1910=PROPERTY_DEFINITION('material property','density of part',#3179);
#1911=AXIS2_PLACEMENT_3D('',#2612,#2075,#2076);
#1912=AXIS2_PLACEMENT_3D('',#2613,#2077,#2078);
#1913=AXIS2_PLACEMENT_3D('',#2615,#2079,#2080);
#1914=AXIS2_PLACEMENT_3D('',#2618,#2082,#2083);
#1915=AXIS2_PLACEMENT_3D('',#2619,#2084,#2085);
#1916=AXIS2_PLACEMENT_3D('',#2620,#2086,#2087);
#1917=AXIS2_PLACEMENT_3D('',#2623,#2088,#2089);
#1918=AXIS2_PLACEMENT_3D('',#2627,#2091,#2092);
#1919=AXIS2_PLACEMENT_3D('',#2629,#2094,#2095);
#1920=AXIS2_PLACEMENT_3D('',#2632,#2096,#2097);
#1921=AXIS2_PLACEMENT_3D('',#2635,#2100,#2101);
#1922=AXIS2_PLACEMENT_3D('',#2638,#2102,#2103);
#1923=AXIS2_PLACEMENT_3D('',#2642,#2105,#2106);
#1924=AXIS2_PLACEMENT_3D('',#2646,#2108,#2109);
#1925=AXIS2_PLACEMENT_3D('',#2650,#2111,#2112);
#1926=AXIS2_PLACEMENT_3D('',#2654,#2114,#2115);
#1927=AXIS2_PLACEMENT_3D('',#2658,#2117,#2118);
#1928=AXIS2_PLACEMENT_3D('',#2662,#2120,#2121);
#1929=AXIS2_PLACEMENT_3D('',#2666,#2123,#2124);
#1930=AXIS2_PLACEMENT_3D('',#2670,#2126,#2127);
#1931=AXIS2_PLACEMENT_3D('',#2674,#2129,#2130);
#1932=AXIS2_PLACEMENT_3D('',#2678,#2132,#2133);
#1933=AXIS2_PLACEMENT_3D('',#2682,#2135,#2136);
#1934=AXIS2_PLACEMENT_3D('',#2686,#2138,#2139);
#1935=AXIS2_PLACEMENT_3D('',#2690,#2141,#2142);
#1936=AXIS2_PLACEMENT_3D('',#2694,#2144,#2145);
#1937=AXIS2_PLACEMENT_3D('',#2698,#2147,#2148);
#1938=AXIS2_PLACEMENT_3D('',#2702,#2150,#2151);
#1939=AXIS2_PLACEMENT_3D('',#2706,#2153,#2154);
#1940=AXIS2_PLACEMENT_3D('',#2710,#2156,#2157);
#1941=AXIS2_PLACEMENT_3D('',#2714,#2159,#2160);
#1942=AXIS2_PLACEMENT_3D('',#2718,#2162,#2163);
#1943=AXIS2_PLACEMENT_3D('',#2722,#2165,#2166);
#1944=AXIS2_PLACEMENT_3D('',#2726,#2168,#2169);
#1945=AXIS2_PLACEMENT_3D('',#2730,#2171,#2172);
#1946=AXIS2_PLACEMENT_3D('',#2735,#2176,#2177);
#1947=AXIS2_PLACEMENT_3D('',#2737,#2178,#2179);
#1948=AXIS2_PLACEMENT_3D('',#2739,#2181,#2182);
#1949=AXIS2_PLACEMENT_3D('',#2741,#2184,#2185);
#1950=AXIS2_PLACEMENT_3D('',#2750,#2190,#2191);
#1951=AXIS2_PLACEMENT_3D('',#2756,#2195,#2196);
#1952=AXIS2_PLACEMENT_3D('',#2758,#2197,#2198);
#1953=AXIS2_PLACEMENT_3D('',#2760,#2200,#2201);
#1954=AXIS2_PLACEMENT_3D('',#2769,#2206,#2207);
#1955=AXIS2_PLACEMENT_3D('',#2775,#2211,#2212);
#1956=AXIS2_PLACEMENT_3D('',#2781,#2216,#2217);
#1957=AXIS2_PLACEMENT_3D('',#2787,#2221,#2222);
#1958=AXIS2_PLACEMENT_3D('',#2796,#2227,#2228);
#1959=AXIS2_PLACEMENT_3D('',#2802,#2232,#2233);
#1960=AXIS2_PLACEMENT_3D('',#2808,#2237,#2238);
#1961=AXIS2_PLACEMENT_3D('',#2814,#2242,#2243);
#1962=AXIS2_PLACEMENT_3D('',#2820,#2247,#2248);
#1963=AXIS2_PLACEMENT_3D('',#2829,#2253,#2254);
#1964=AXIS2_PLACEMENT_3D('',#2835,#2258,#2259);
#1965=AXIS2_PLACEMENT_3D('',#2841,#2263,#2264);
#1966=AXIS2_PLACEMENT_3D('',#2847,#2268,#2269);
#1967=AXIS2_PLACEMENT_3D('',#2850,#2272,#2273);
#1968=AXIS2_PLACEMENT_3D('',#2852,#2274,#2275);
#1969=AXIS2_PLACEMENT_3D('',#2855,#2277,#2278);
#1970=AXIS2_PLACEMENT_3D('',#2857,#2279,#2280);
#1971=AXIS2_PLACEMENT_3D('',#2860,#2282,#2283);
#1972=AXIS2_PLACEMENT_3D('',#2861,#2284,#2285);
#1973=AXIS2_PLACEMENT_3D('',#2870,#2290,#2291);
#1974=AXIS2_PLACEMENT_3D('',#2876,#2295,#2296);
#1975=AXIS2_PLACEMENT_3D('',#2885,#2301,#2302);
#1976=AXIS2_PLACEMENT_3D('',#2891,#2306,#2307);
#1977=AXIS2_PLACEMENT_3D('',#2897,#2311,#2312);
#1978=AXIS2_PLACEMENT_3D('',#2903,#2316,#2317);
#1979=AXIS2_PLACEMENT_3D('',#2909,#2321,#2322);
#1980=AXIS2_PLACEMENT_3D('',#2918,#2327,#2328);
#1981=AXIS2_PLACEMENT_3D('',#2924,#2332,#2333);
#1982=AXIS2_PLACEMENT_3D('',#2927,#2336,#2337);
#1983=AXIS2_PLACEMENT_3D('',#2929,#2338,#2339);
#1984=AXIS2_PLACEMENT_3D('',#2932,#2341,#2342);
#1985=AXIS2_PLACEMENT_3D('',#2934,#2343,#2344);
#1986=AXIS2_PLACEMENT_3D('',#2937,#2346,#2347);
#1987=AXIS2_PLACEMENT_3D('',#2938,#2348,#2349);
#1988=AXIS2_PLACEMENT_3D('',#2947,#2354,#2355);
#1989=AXIS2_PLACEMENT_3D('',#2953,#2359,#2360);
#1990=AXIS2_PLACEMENT_3D('',#2956,#2362,#2363);
#1991=AXIS2_PLACEMENT_3D('',#2957,#2364,#2365);
#1992=AXIS2_PLACEMENT_3D('',#2966,#2370,#2371);
#1993=AXIS2_PLACEMENT_3D('',#2972,#2375,#2376);
#1994=AXIS2_PLACEMENT_3D('',#2974,#2377,#2378);
#1995=AXIS2_PLACEMENT_3D('',#2976,#2380,#2381);
#1996=AXIS2_PLACEMENT_3D('',#2985,#2386,#2387);
#1997=AXIS2_PLACEMENT_3D('',#2991,#2391,#2392);
#1998=AXIS2_PLACEMENT_3D('',#2994,#2394,#2395);
#1999=AXIS2_PLACEMENT_3D('',#2995,#2396,#2397);
#2000=AXIS2_PLACEMENT_3D('',#2998,#2400,#2401);
#2001=AXIS2_PLACEMENT_3D('',#2999,#2402,#2403);
#2002=AXIS2_PLACEMENT_3D('',#3002,#2406,#2407);
#2003=AXIS2_PLACEMENT_3D('',#3005,#2410,#2411);
#2004=AXIS2_PLACEMENT_3D('',#3006,#2412,#2413);
#2005=AXIS2_PLACEMENT_3D('',#3008,#2414,#2415);
#2006=AXIS2_PLACEMENT_3D('',#3011,#2417,#2418);
#2007=AXIS2_PLACEMENT_3D('',#3012,#2419,#2420);
#2008=AXIS2_PLACEMENT_3D('',#3014,#2421,#2422);
#2009=AXIS2_PLACEMENT_3D('',#3017,#2424,#2425);
#2010=AXIS2_PLACEMENT_3D('',#3018,#2426,#2427);
#2011=AXIS2_PLACEMENT_3D('',#3020,#2428,#2429);
#2012=AXIS2_PLACEMENT_3D('',#3024,#2431,#2432);
#2013=AXIS2_PLACEMENT_3D('',#3028,#2434,#2435);
#2014=AXIS2_PLACEMENT_3D('',#3032,#2437,#2438);
#2015=AXIS2_PLACEMENT_3D('',#3036,#2440,#2441);
#2016=AXIS2_PLACEMENT_3D('',#3040,#2443,#2444);
#2017=AXIS2_PLACEMENT_3D('',#3044,#2446,#2447);
#2018=AXIS2_PLACEMENT_3D('',#3047,#2449,#2450);
#2019=AXIS2_PLACEMENT_3D('',#3049,#2451,#2452);
#2020=AXIS2_PLACEMENT_3D('',#3053,#2454,#2455);
#2021=AXIS2_PLACEMENT_3D('',#3057,#2457,#2458);
#2022=AXIS2_PLACEMENT_3D('',#3061,#2460,#2461);
#2023=AXIS2_PLACEMENT_3D('',#3065,#2463,#2464);
#2024=AXIS2_PLACEMENT_3D('',#3069,#2466,#2467);
#2025=AXIS2_PLACEMENT_3D('',#3073,#2469,#2470);
#2026=AXIS2_PLACEMENT_3D('',#3076,#2472,#2473);
#2027=AXIS2_PLACEMENT_3D('',#3077,#2474,#2475);
#2028=AXIS2_PLACEMENT_3D('',#3078,#2476,#2477);
#2029=AXIS2_PLACEMENT_3D('',#3079,#2478,#2479);
#2030=AXIS2_PLACEMENT_3D('',#3081,#2481,#2482);
#2031=AXIS2_PLACEMENT_3D('',#3084,#2485,#2486);
#2032=AXIS2_PLACEMENT_3D('',#3087,#2489,#2490);
#2033=AXIS2_PLACEMENT_3D('',#3090,#2493,#2494);
#2034=AXIS2_PLACEMENT_3D('',#3093,#2497,#2498);
#2035=AXIS2_PLACEMENT_3D('',#3095,#2500,#2501);
#2036=AXIS2_PLACEMENT_3D('',#3097,#2503,#2504);
#2037=AXIS2_PLACEMENT_3D('',#3098,#2505,#2506);
#2038=AXIS2_PLACEMENT_3D('',#3100,#2508,#2509);
#2039=AXIS2_PLACEMENT_3D('',#3102,#2511,#2512);
#2040=AXIS2_PLACEMENT_3D('',#3104,#2514,#2515);
#2041=AXIS2_PLACEMENT_3D('',#3106,#2517,#2518);
#2042=AXIS2_PLACEMENT_3D('',#3108,#2520,#2521);
#2043=AXIS2_PLACEMENT_3D('',#3111,#2524,#2525);
#2044=AXIS2_PLACEMENT_3D('',#3113,#2527,#2528);
#2045=AXIS2_PLACEMENT_3D('',#3114,#2529,#2530);
#2046=AXIS2_PLACEMENT_3D('',#3117,#2533,#2534);
#2047=AXIS2_PLACEMENT_3D('',#3120,#2537,#2538);
#2048=AXIS2_PLACEMENT_3D('',#3121,#2539,#2540);
#2049=AXIS2_PLACEMENT_3D('',#3123,#2542,#2543);
#2050=AXIS2_PLACEMENT_3D('',#3126,#2546,#2547);
#2051=AXIS2_PLACEMENT_3D('',#3128,#2549,#2550);
#2052=AXIS2_PLACEMENT_3D('',#3130,#2552,#2553);
#2053=AXIS2_PLACEMENT_3D('',#3133,#2556,#2557);
#2054=AXIS2_PLACEMENT_3D('',#3135,#2559,#2560);
#2055=AXIS2_PLACEMENT_3D('',#3137,#2562,#2563);
#2056=AXIS2_PLACEMENT_3D('',#3140,#2566,#2567);
#2057=AXIS2_PLACEMENT_3D('',#3142,#2569,#2570);
#2058=AXIS2_PLACEMENT_3D('',#3144,#2572,#2573);
#2059=AXIS2_PLACEMENT_3D('',#3147,#2576,#2577);
#2060=AXIS2_PLACEMENT_3D('',#3149,#2579,#2580);
#2061=AXIS2_PLACEMENT_3D('',#3150,#2581,#2582);
#2062=AXIS2_PLACEMENT_3D('',#3153,#2585,#2586);
#2063=AXIS2_PLACEMENT_3D('',#3155,#2588,#2589);
#2064=AXIS2_PLACEMENT_3D('',#3156,#2590,#2591);
#2065=AXIS2_PLACEMENT_3D('',#3157,#2592,#2593);
#2066=AXIS2_PLACEMENT_3D('',#3158,#2594,#2595);
#2067=AXIS2_PLACEMENT_3D('',#3159,#2596,#2597);
#2068=AXIS2_PLACEMENT_3D('',#3160,#2598,#2599);
#2069=AXIS2_PLACEMENT_3D('',#3161,#2600,#2601);
#2070=AXIS2_PLACEMENT_3D('',#3162,#2602,#2603);
#2071=AXIS2_PLACEMENT_3D('',#3163,#2604,#2605);
#2072=AXIS2_PLACEMENT_3D('',#3164,#2606,#2607);
#2073=AXIS2_PLACEMENT_3D('',#3165,#2608,#2609);
#2074=AXIS2_PLACEMENT_3D('',#3166,#2610,#2611);
#2075=DIRECTION('axis',(0.,0.,1.));
#2076=DIRECTION('refdir',(1.,0.,0.));
#2077=DIRECTION('center_axis',(0.,0.,-1.));
#2078=DIRECTION('ref_axis',(-1.,0.,0.));
#2079=DIRECTION('center_axis',(0.,0.,-1.));
#2080=DIRECTION('ref_axis',(-1.,0.,0.));
#2081=DIRECTION('',(0.,0.,-1.));
#2082=DIRECTION('center_axis',(0.,0.,-1.));
#2083=DIRECTION('ref_axis',(-1.,0.,0.));
#2084=DIRECTION('center_axis',(0.,0.,1.));
#2085=DIRECTION('ref_axis',(-1.,0.,0.));
#2086=DIRECTION('center_axis',(-1.,0.,0.));
#2087=DIRECTION('ref_axis',(0.,0.986013297183269,-0.166666666666667));
#2088=DIRECTION('center_axis',(-0.707106781186547,0.707106781186548,0.));
#2089=DIRECTION('ref_axis',(0.707106781186548,0.707106781186547,2.0443912222445E-17));
#2090=DIRECTION('',(1.,0.,0.));
#2091=DIRECTION('center_axis',(0.707106781186548,0.707106781186548,0.));
#2092=DIRECTION('ref_axis',(0.707106781186548,-0.707106781186548,0.));
#2093=DIRECTION('',(1.,0.,0.));
#2094=DIRECTION('center_axis',(0.,-1.,0.));
#2095=DIRECTION('ref_axis',(-0.986013297183269,0.,-0.166666666666667));
#2096=DIRECTION('center_axis',(-0.707106781186548,0.707106781186547,0.));
#2097=DIRECTION('ref_axis',(-0.707106781186547,-0.707106781186548,2.0443912222445E-17));
#2098=DIRECTION('',(0.,1.,0.));
#2099=DIRECTION('',(0.,1.,0.));
#2100=DIRECTION('center_axis',(0.,0.,1.));
#2101=DIRECTION('ref_axis',(1.,0.,0.));
#2102=DIRECTION('center_axis',(0.,0.,-1.));
#2103=DIRECTION('ref_axis',(-0.0243839756882061,-0.999702666661261,0.));
#2104=DIRECTION('',(-1.,0.,0.));
#2105=DIRECTION('center_axis',(0.,0.,-1.));
#2106=DIRECTION('ref_axis',(1.,0.,0.));
#2107=DIRECTION('',(-1.,0.,0.));
#2108=DIRECTION('center_axis',(0.,0.,-1.));
#2109=DIRECTION('ref_axis',(1.,0.,0.));
#2110=DIRECTION('',(-1.,0.,0.));
#2111=DIRECTION('center_axis',(0.,0.,-1.));
#2112=DIRECTION('ref_axis',(-1.04083408558608E-15,-1.,0.));
#2113=DIRECTION('',(-1.,0.,0.));
#2114=DIRECTION('center_axis',(0.,0.,-1.));
#2115=DIRECTION('ref_axis',(0.,-1.,0.));
#2116=DIRECTION('',(-1.,0.,0.));
#2117=DIRECTION('center_axis',(0.,0.,-1.));
#2118=DIRECTION('ref_axis',(0.999702666661261,-0.0243839756882061,0.));
#2119=DIRECTION('',(0.,-1.,0.));
#2120=DIRECTION('center_axis',(0.,0.,-1.));
#2121=DIRECTION('ref_axis',(0.,1.,0.));
#2122=DIRECTION('',(0.,-1.,0.));
#2123=DIRECTION('center_axis',(0.,0.,-1.));
#2124=DIRECTION('ref_axis',(1.,0.,0.));
#2125=DIRECTION('',(0.,-1.,0.));
#2126=DIRECTION('center_axis',(0.,0.,-1.));
#2127=DIRECTION('ref_axis',(0.,1.,0.));
#2128=DIRECTION('',(0.,-1.,0.));
#2129=DIRECTION('center_axis',(0.,0.,-1.));
#2130=DIRECTION('ref_axis',(1.,0.,0.));
#2131=DIRECTION('',(0.,-1.,0.));
#2132=DIRECTION('center_axis',(0.,0.,-1.));
#2133=DIRECTION('ref_axis',(0.,1.,0.));
#2134=DIRECTION('',(0.,-1.,0.));
#2135=DIRECTION('center_axis',(0.,0.,-1.));
#2136=DIRECTION('ref_axis',(1.,-1.38777878078144E-15,0.));
#2137=DIRECTION('',(0.,-1.,0.));
#2138=DIRECTION('center_axis',(0.,0.,-1.));
#2139=DIRECTION('ref_axis',(0.0243839756882089,0.999702666661261,0.));
#2140=DIRECTION('',(1.,0.,0.));
#2141=DIRECTION('center_axis',(0.,0.,-1.));
#2142=DIRECTION('ref_axis',(-1.,-2.77555756156289E-15,0.));
#2143=DIRECTION('',(1.,0.,0.));
#2144=DIRECTION('center_axis',(0.,0.,-1.));
#2145=DIRECTION('ref_axis',(-1.,0.,0.));
#2146=DIRECTION('',(1.,0.,0.));
#2147=DIRECTION('center_axis',(0.,0.,-1.));
#2148=DIRECTION('ref_axis',(0.,1.,0.));
#2149=DIRECTION('',(1.,0.,0.));
#2150=DIRECTION('center_axis',(0.,0.,-1.));
#2151=DIRECTION('ref_axis',(-1.,-2.7755575615629E-15,0.));
#2152=DIRECTION('',(1.,0.,0.));
#2153=DIRECTION('center_axis',(0.,0.,-1.));
#2154=DIRECTION('ref_axis',(-0.999702666661261,0.0243839756882061,0.));
#2155=DIRECTION('',(0.,1.,0.));
#2156=DIRECTION('center_axis',(0.,0.,-1.));
#2157=DIRECTION('ref_axis',(0.,-1.,0.));
#2158=DIRECTION('',(0.,1.,0.));
#2159=DIRECTION('center_axis',(0.,0.,-1.));
#2160=DIRECTION('ref_axis',(-1.,1.38777878078144E-15,0.));
#2161=DIRECTION('',(0.,1.,0.));
#2162=DIRECTION('center_axis',(0.,0.,-1.));
#2163=DIRECTION('ref_axis',(0.,-1.,0.));
#2164=DIRECTION('',(0.,1.,0.));
#2165=DIRECTION('center_axis',(0.,0.,-1.));
#2166=DIRECTION('ref_axis',(-1.,1.21430643318376E-15,0.));
#2167=DIRECTION('',(0.,1.,0.));
#2168=DIRECTION('center_axis',(0.,0.,-1.));
#2169=DIRECTION('ref_axis',(0.,-1.,0.));
#2170=DIRECTION('',(0.,1.,0.));
#2171=DIRECTION('center_axis',(0.,0.,-1.));
#2172=DIRECTION('ref_axis',(-1.,1.38777878078144E-15,0.));
#2173=DIRECTION('',(0.,1.,0.));
#2174=DIRECTION('',(-1.,0.,0.));
#2175=DIRECTION('',(0.,-1.,0.));
#2176=DIRECTION('center_axis',(0.,1.,0.));
#2177=DIRECTION('ref_axis',(0.986013297183269,0.,-0.166666666666667));
#2178=DIRECTION('center_axis',(0.707106781186548,0.707106781186547,0.));
#2179=DIRECTION('ref_axis',(0.707106781186547,-0.707106781186548,2.0443912222445E-17));
#2180=DIRECTION('',(0.,-1.,0.));
#2181=DIRECTION('center_axis',(1.,0.,0.));
#2182=DIRECTION('ref_axis',(0.,-0.986013297183269,-0.166666666666667));
#2183=DIRECTION('',(-1.,0.,0.));
#2184=DIRECTION('center_axis',(0.,-1.,0.));
#2185=DIRECTION('ref_axis',(1.,0.,0.));
#2186=DIRECTION('',(1.,0.,0.));
#2187=DIRECTION('',(0.,0.,-1.));
#2188=DIRECTION('',(1.,0.,0.));
#2189=DIRECTION('',(0.,0.,1.));
#2190=DIRECTION('center_axis',(0.623474441865151,-0.781843731407331,0.));
#2191=DIRECTION('ref_axis',(0.781843731407331,0.623474441865151,0.));
#2192=DIRECTION('',(0.781843731407331,0.623474441865151,0.));
#2193=DIRECTION('',(0.781843731407331,0.623474441865151,0.));
#2194=DIRECTION('',(0.,0.,-1.));
#2195=DIRECTION('center_axis',(0.,0.,-1.));
#2196=DIRECTION('ref_axis',(1.,0.,0.));
#2197=DIRECTION('center_axis',(0.,0.,-1.));
#2198=DIRECTION('ref_axis',(1.,0.,0.));
#2199=DIRECTION('',(-1.,0.,0.));
#2200=DIRECTION('center_axis',(1.,0.,0.));
#2201=DIRECTION('ref_axis',(0.,1.,0.));
#2202=DIRECTION('',(0.,1.,0.));
#2203=DIRECTION('',(0.,0.,1.));
#2204=DIRECTION('',(0.,1.,0.));
#2205=DIRECTION('',(0.,0.,1.));
#2206=DIRECTION('center_axis',(0.,-1.,0.));
#2207=DIRECTION('ref_axis',(1.,0.,0.));
#2208=DIRECTION('',(1.,0.,0.));
#2209=DIRECTION('',(0.,0.,1.));
#2210=DIRECTION('',(1.,0.,0.));
#2211=DIRECTION('center_axis',(1.,0.,0.));
#2212=DIRECTION('ref_axis',(0.,1.,0.));
#2213=DIRECTION('',(0.,1.,0.));
#2214=DIRECTION('',(0.,0.,1.));
#2215=DIRECTION('',(0.,1.,0.));
#2216=DIRECTION('center_axis',(0.,1.,0.));
#2217=DIRECTION('ref_axis',(-1.,0.,0.));
#2218=DIRECTION('',(-1.,0.,0.));
#2219=DIRECTION('',(0.,0.,-1.));
#2220=DIRECTION('',(-1.,0.,0.));
#2221=DIRECTION('center_axis',(0.,1.,0.));
#2222=DIRECTION('ref_axis',(-1.,0.,0.));
#2223=DIRECTION('',(-1.,0.,0.));
#2224=DIRECTION('',(0.,0.,1.));
#2225=DIRECTION('',(-1.,0.,0.));
#2226=DIRECTION('',(0.,0.,1.));
#2227=DIRECTION('center_axis',(-1.,0.,0.));
#2228=DIRECTION('ref_axis',(0.,-1.,0.));
#2229=DIRECTION('',(0.,-1.,0.));
#2230=DIRECTION('',(0.,0.,1.));
#2231=DIRECTION('',(0.,-1.,0.));
#2232=DIRECTION('center_axis',(0.,-1.,0.));
#2233=DIRECTION('ref_axis',(1.,0.,0.));
#2234=DIRECTION('',(1.,0.,0.));
#2235=DIRECTION('',(0.,0.,1.));
#2236=DIRECTION('',(1.,0.,0.));
#2237=DIRECTION('center_axis',(1.,0.,0.));
#2238=DIRECTION('ref_axis',(0.,1.,0.));
#2239=DIRECTION('',(0.,1.,0.));
#2240=DIRECTION('',(0.,0.,1.));
#2241=DIRECTION('',(0.,1.,0.));
#2242=DIRECTION('center_axis',(0.,1.,0.));
#2243=DIRECTION('ref_axis',(-1.,0.,0.));
#2244=DIRECTION('',(-1.,0.,0.));
#2245=DIRECTION('',(0.,0.,-1.));
#2246=DIRECTION('',(-1.,0.,0.));
#2247=DIRECTION('center_axis',(0.,1.,0.));
#2248=DIRECTION('ref_axis',(-1.,0.,0.));
#2249=DIRECTION('',(-1.,0.,0.));
#2250=DIRECTION('',(0.,0.,1.));
#2251=DIRECTION('',(-1.,0.,0.));
#2252=DIRECTION('',(0.,0.,1.));
#2253=DIRECTION('center_axis',(-1.,0.,0.));
#2254=DIRECTION('ref_axis',(0.,-1.,0.));
#2255=DIRECTION('',(0.,-1.,0.));
#2256=DIRECTION('',(0.,0.,1.));
#2257=DIRECTION('',(0.,-1.,0.));
#2258=DIRECTION('center_axis',(0.,-1.,0.));
#2259=DIRECTION('ref_axis',(1.,0.,0.));
#2260=DIRECTION('',(1.,0.,0.));
#2261=DIRECTION('',(0.,0.,1.));
#2262=DIRECTION('',(1.,0.,0.));
#2263=DIRECTION('center_axis',(-1.,0.,0.));
#2264=DIRECTION('ref_axis',(0.,-1.,0.));
#2265=DIRECTION('',(0.,-1.,0.));
#2266=DIRECTION('',(0.,0.,1.));
#2267=DIRECTION('',(0.,-1.,0.));
#2268=DIRECTION('center_axis',(0.,1.,0.));
#2269=DIRECTION('ref_axis',(-1.,0.,0.));
#2270=DIRECTION('',(-1.,0.,0.));
#2271=DIRECTION('',(-1.,0.,0.));
#2272=DIRECTION('center_axis',(0.,0.,-1.));
#2273=DIRECTION('ref_axis',(1.,0.,0.));
#2274=DIRECTION('center_axis',(0.,0.,-1.));
#2275=DIRECTION('ref_axis',(-1.,-2.7755575615629E-15,0.));
#2276=DIRECTION('',(1.,0.,0.));
#2277=DIRECTION('center_axis',(0.,0.,-1.));
#2278=DIRECTION('ref_axis',(0.,1.,0.));
#2279=DIRECTION('center_axis',(0.,0.,-1.));
#2280=DIRECTION('ref_axis',(-1.,0.,0.));
#2281=DIRECTION('',(1.,0.,0.));
#2282=DIRECTION('center_axis',(0.,0.,-1.));
#2283=DIRECTION('ref_axis',(-1.,-2.77555756156289E-15,0.));
#2284=DIRECTION('center_axis',(-1.,0.,0.));
#2285=DIRECTION('ref_axis',(0.,-1.,0.));
#2286=DIRECTION('',(0.,-1.,0.));
#2287=DIRECTION('',(0.,0.,1.));
#2288=DIRECTION('',(0.,-1.,0.));
#2289=DIRECTION('',(0.,0.,1.));
#2290=DIRECTION('center_axis',(0.,-1.,0.));
#2291=DIRECTION('ref_axis',(1.,0.,0.));
#2292=DIRECTION('',(1.,0.,0.));
#2293=DIRECTION('',(0.,0.,-1.));
#2294=DIRECTION('',(1.,0.,0.));
#2295=DIRECTION('center_axis',(0.,-1.,0.));
#2296=DIRECTION('ref_axis',(1.,0.,0.));
#2297=DIRECTION('',(1.,0.,0.));
#2298=DIRECTION('',(0.,0.,1.));
#2299=DIRECTION('',(1.,0.,0.));
#2300=DIRECTION('',(0.,0.,1.));
#2301=DIRECTION('center_axis',(1.,0.,0.));
#2302=DIRECTION('ref_axis',(0.,1.,0.));
#2303=DIRECTION('',(0.,1.,0.));
#2304=DIRECTION('',(0.,0.,1.));
#2305=DIRECTION('',(0.,1.,0.));
#2306=DIRECTION('center_axis',(0.,1.,0.));
#2307=DIRECTION('ref_axis',(-1.,0.,0.));
#2308=DIRECTION('',(-1.,0.,0.));
#2309=DIRECTION('',(0.,0.,1.));
#2310=DIRECTION('',(-1.,0.,0.));
#2311=DIRECTION('center_axis',(-1.,0.,0.));
#2312=DIRECTION('ref_axis',(0.,-1.,0.));
#2313=DIRECTION('',(0.,-1.,0.));
#2314=DIRECTION('',(0.,0.,1.));
#2315=DIRECTION('',(0.,-1.,0.));
#2316=DIRECTION('center_axis',(0.,-1.,0.));
#2317=DIRECTION('ref_axis',(1.,0.,0.));
#2318=DIRECTION('',(1.,0.,0.));
#2319=DIRECTION('',(0.,0.,-1.));
#2320=DIRECTION('',(1.,0.,0.));
#2321=DIRECTION('center_axis',(0.,-1.,0.));
#2322=DIRECTION('ref_axis',(1.,0.,0.));
#2323=DIRECTION('',(1.,0.,0.));
#2324=DIRECTION('',(0.,0.,1.));
#2325=DIRECTION('',(1.,0.,0.));
#2326=DIRECTION('',(0.,0.,1.));
#2327=DIRECTION('center_axis',(1.,0.,0.));
#2328=DIRECTION('ref_axis',(0.,1.,0.));
#2329=DIRECTION('',(0.,1.,0.));
#2330=DIRECTION('',(0.,0.,1.));
#2331=DIRECTION('',(0.,1.,0.));
#2332=DIRECTION('center_axis',(0.,-1.,0.));
#2333=DIRECTION('ref_axis',(1.,0.,0.));
#2334=DIRECTION('',(1.,0.,0.));
#2335=DIRECTION('',(1.,0.,0.));
#2336=DIRECTION('center_axis',(0.,0.,-1.));
#2337=DIRECTION('ref_axis',(1.,0.,0.));
#2338=DIRECTION('center_axis',(0.,0.,-1.));
#2339=DIRECTION('ref_axis',(0.,-1.,0.));
#2340=DIRECTION('',(-1.,0.,0.));
#2341=DIRECTION('center_axis',(0.,0.,-1.));
#2342=DIRECTION('ref_axis',(-1.04083408558608E-15,-1.,0.));
#2343=DIRECTION('center_axis',(0.,0.,-1.));
#2344=DIRECTION('ref_axis',(1.,0.,0.));
#2345=DIRECTION('',(-1.,0.,0.));
#2346=DIRECTION('center_axis',(0.,0.,-1.));
#2347=DIRECTION('ref_axis',(1.,0.,0.));
#2348=DIRECTION('center_axis',(0.,1.,0.));
#2349=DIRECTION('ref_axis',(-1.,0.,0.));
#2350=DIRECTION('',(-1.,0.,0.));
#2351=DIRECTION('',(0.,0.,1.));
#2352=DIRECTION('',(-1.,0.,0.));
#2353=DIRECTION('',(0.,0.,1.));
#2354=DIRECTION('center_axis',(0.623474441865151,0.781843731407331,0.));
#2355=DIRECTION('ref_axis',(-0.781843731407331,0.623474441865151,0.));
#2356=DIRECTION('',(-0.781843731407331,0.623474441865151,0.));
#2357=DIRECTION('',(0.,0.,1.));
#2358=DIRECTION('',(-0.781843731407331,0.623474441865151,0.));
#2359=DIRECTION('center_axis',(0.,0.,-1.));
#2360=DIRECTION('ref_axis',(1.,0.,0.));
#2361=DIRECTION('',(1.,0.,0.));
#2362=DIRECTION('center_axis',(0.,0.,-1.));
#2363=DIRECTION('ref_axis',(-1.,-2.7755575615629E-15,0.));
#2364=DIRECTION('center_axis',(0.,1.,0.));
#2365=DIRECTION('ref_axis',(-1.,0.,0.));
#2366=DIRECTION('',(-1.,0.,0.));
#2367=DIRECTION('',(0.,0.,-1.));
#2368=DIRECTION('',(-1.,0.,0.));
#2369=DIRECTION('',(0.,0.,1.));
#2370=DIRECTION('center_axis',(-0.623474441865151,0.781843731407331,0.));
#2371=DIRECTION('ref_axis',(-0.781843731407331,-0.623474441865151,0.));
#2372=DIRECTION('',(-0.781843731407331,-0.623474441865151,0.));
#2373=DIRECTION('',(-0.781843731407331,-0.623474441865151,0.));
#2374=DIRECTION('',(0.,0.,-1.));
#2375=DIRECTION('center_axis',(0.,0.,-1.));
#2376=DIRECTION('ref_axis',(1.,0.,0.));
#2377=DIRECTION('center_axis',(0.,0.,-1.));
#2378=DIRECTION('ref_axis',(-1.,-2.77555756156289E-15,0.));
#2379=DIRECTION('',(1.,0.,0.));
#2380=DIRECTION('center_axis',(0.,-1.,0.));
#2381=DIRECTION('ref_axis',(1.,0.,0.));
#2382=DIRECTION('',(1.,0.,0.));
#2383=DIRECTION('',(0.,0.,1.));
#2384=DIRECTION('',(1.,0.,0.));
#2385=DIRECTION('',(0.,0.,1.));
#2386=DIRECTION('center_axis',(-0.623474441865151,-0.781843731407331,0.));
#2387=DIRECTION('ref_axis',(0.781843731407331,-0.623474441865151,0.));
#2388=DIRECTION('',(0.781843731407331,-0.623474441865151,0.));
#2389=DIRECTION('',(0.,0.,1.));
#2390=DIRECTION('',(0.781843731407331,-0.623474441865151,0.));
#2391=DIRECTION('center_axis',(0.,0.,-1.));
#2392=DIRECTION('ref_axis',(1.,0.,0.));
#2393=DIRECTION('',(-1.,0.,0.));
#2394=DIRECTION('center_axis',(0.,0.,-1.));
#2395=DIRECTION('ref_axis',(0.,-1.,0.));
#2396=DIRECTION('center_axis',(0.,1.,0.));
#2397=DIRECTION('ref_axis',(-1.,0.,0.));
#2398=DIRECTION('',(0.,0.,1.));
#2399=DIRECTION('',(0.,0.,-1.));
#2400=DIRECTION('center_axis',(0.,0.,1.));
#2401=DIRECTION('ref_axis',(-1.72254642419889E-16,1.,0.));
#2402=DIRECTION('center_axis',(0.,0.,1.));
#2403=DIRECTION('ref_axis',(-1.,-2.7755575615629E-15,0.));
#2404=DIRECTION('',(0.,0.,-1.));
#2405=DIRECTION('',(0.,0.,1.));
#2406=DIRECTION('center_axis',(0.,0.,1.));
#2407=DIRECTION('ref_axis',(-1.72254642419881E-16,1.,0.));
#2408=DIRECTION('',(0.,0.,-1.));
#2409=DIRECTION('',(0.,0.,1.));
#2410=DIRECTION('center_axis',(0.,0.,1.));
#2411=DIRECTION('ref_axis',(-1.,-2.77555756156289E-15,0.));
#2412=DIRECTION('center_axis',(0.,0.,1.));
#2413=DIRECTION('ref_axis',(1.,0.,0.));
#2414=DIRECTION('center_axis',(0.,0.,1.));
#2415=DIRECTION('ref_axis',(-1.04083408558608E-15,-1.,0.));
#2416=DIRECTION('',(1.,0.,0.));
#2417=DIRECTION('center_axis',(0.,0.,1.));
#2418=DIRECTION('ref_axis',(1.,0.,0.));
#2419=DIRECTION('center_axis',(0.,0.,1.));
#2420=DIRECTION('ref_axis',(1.,0.,0.));
#2421=DIRECTION('center_axis',(0.,0.,1.));
#2422=DIRECTION('ref_axis',(0.,1.,0.));
#2423=DIRECTION('',(-1.,0.,0.));
#2424=DIRECTION('center_axis',(0.,0.,1.));
#2425=DIRECTION('ref_axis',(-1.,0.,0.));
#2426=DIRECTION('center_axis',(0.,0.,1.));
#2427=DIRECTION('ref_axis',(1.,0.,0.));
#2428=DIRECTION('center_axis',(0.,0.,1.));
#2429=DIRECTION('ref_axis',(-0.0243839756882061,-0.999702666661261,0.));
#2430=DIRECTION('',(0.,1.,0.));
#2431=DIRECTION('center_axis',(0.,0.,1.));
#2432=DIRECTION('ref_axis',(-1.,1.38777878078144E-15,0.));
#2433=DIRECTION('',(0.,-1.,0.));
#2434=DIRECTION('center_axis',(0.,0.,1.));
#2435=DIRECTION('ref_axis',(0.,-1.,0.));
#2436=DIRECTION('',(0.,1.,0.));
#2437=DIRECTION('center_axis',(0.,0.,1.));
#2438=DIRECTION('ref_axis',(-1.,1.21430643318376E-15,0.));
#2439=DIRECTION('',(0.,-1.,0.));
#2440=DIRECTION('center_axis',(0.,0.,1.));
#2441=DIRECTION('ref_axis',(0.,-1.,0.));
#2442=DIRECTION('',(0.,1.,0.));
#2443=DIRECTION('center_axis',(0.,0.,1.));
#2444=DIRECTION('ref_axis',(-1.,1.38777878078144E-15,0.));
#2445=DIRECTION('',(0.,-1.,0.));
#2446=DIRECTION('center_axis',(0.,0.,1.));
#2447=DIRECTION('ref_axis',(0.,-1.,0.));
#2448=DIRECTION('',(0.,1.,0.));
#2449=DIRECTION('center_axis',(0.,0.,1.));
#2450=DIRECTION('ref_axis',(-0.999702666661261,0.0243839756882061,0.));
#2451=DIRECTION('center_axis',(0.,0.,1.));
#2452=DIRECTION('ref_axis',(0.0243839756882089,0.999702666661261,0.));
#2453=DIRECTION('',(0.,-1.,0.));
#2454=DIRECTION('center_axis',(0.,0.,1.));
#2455=DIRECTION('ref_axis',(1.,-1.38777878078144E-15,0.));
#2456=DIRECTION('',(0.,1.,0.));
#2457=DIRECTION('center_axis',(0.,0.,1.));
#2458=DIRECTION('ref_axis',(0.,1.,0.));
#2459=DIRECTION('',(0.,-1.,0.));
#2460=DIRECTION('center_axis',(0.,0.,1.));
#2461=DIRECTION('ref_axis',(1.,0.,0.));
#2462=DIRECTION('',(0.,1.,0.));
#2463=DIRECTION('center_axis',(0.,0.,1.));
#2464=DIRECTION('ref_axis',(0.,1.,0.));
#2465=DIRECTION('',(0.,-1.,0.));
#2466=DIRECTION('center_axis',(0.,0.,1.));
#2467=DIRECTION('ref_axis',(1.,0.,0.));
#2468=DIRECTION('',(0.,1.,0.));
#2469=DIRECTION('center_axis',(0.,0.,1.));
#2470=DIRECTION('ref_axis',(0.,1.,0.));
#2471=DIRECTION('',(0.,-1.,0.));
#2472=DIRECTION('center_axis',(0.,0.,1.));
#2473=DIRECTION('ref_axis',(0.999702666661261,-0.0243839756882061,0.));
#2474=DIRECTION('center_axis',(0.,0.,1.));
#2475=DIRECTION('ref_axis',(0.,-1.,0.));
#2476=DIRECTION('center_axis',(0.,0.,1.));
#2477=DIRECTION('ref_axis',(1.,0.,0.));
#2478=DIRECTION('center_axis',(0.,0.,1.));
#2479=DIRECTION('ref_axis',(0.,-1.,0.));
#2480=DIRECTION('',(0.,0.,-1.));
#2481=DIRECTION('center_axis',(0.,0.,1.));
#2482=DIRECTION('ref_axis',(-0.0243839756882061,-0.999702666661261,0.));
#2483=DIRECTION('',(0.,0.,-1.));
#2484=DIRECTION('',(0.,0.,1.));
#2485=DIRECTION('center_axis',(0.,0.,1.));
#2486=DIRECTION('ref_axis',(-0.999702666661261,0.0243839756882061,0.));
#2487=DIRECTION('',(0.,0.,-1.));
#2488=DIRECTION('',(0.,0.,1.));
#2489=DIRECTION('center_axis',(0.,0.,1.));
#2490=DIRECTION('ref_axis',(0.999702666661261,-0.0243839756882061,0.));
#2491=DIRECTION('',(0.,0.,-1.));
#2492=DIRECTION('',(0.,0.,1.));
#2493=DIRECTION('center_axis',(0.,0.,1.));
#2494=DIRECTION('ref_axis',(0.0243839756882089,0.999702666661261,0.));
#2495=DIRECTION('',(0.,0.,-1.));
#2496=DIRECTION('',(0.,0.,1.));
#2497=DIRECTION('center_axis',(1.,0.,0.));
#2498=DIRECTION('ref_axis',(0.,1.,0.));
#2499=DIRECTION('',(0.,0.,-1.));
#2500=DIRECTION('center_axis',(0.,1.,0.));
#2501=DIRECTION('ref_axis',(-1.,0.,0.));
#2502=DIRECTION('',(0.,0.,1.));
#2503=DIRECTION('center_axis',(0.,1.,0.));
#2504=DIRECTION('ref_axis',(-1.,0.,0.));
#2505=DIRECTION('center_axis',(-1.,0.,0.));
#2506=DIRECTION('ref_axis',(0.,-1.,0.));
#2507=DIRECTION('',(0.,0.,1.));
#2508=DIRECTION('center_axis',(-1.,0.,0.));
#2509=DIRECTION('ref_axis',(0.,-1.,0.));
#2510=DIRECTION('',(0.,0.,-1.));
#2511=DIRECTION('center_axis',(0.,0.,1.));
#2512=DIRECTION('ref_axis',(0.,1.,0.));
#2513=DIRECTION('',(0.,0.,1.));
#2514=DIRECTION('center_axis',(1.,0.,0.));
#2515=DIRECTION('ref_axis',(0.,1.,0.));
#2516=DIRECTION('',(0.,0.,1.));
#2517=DIRECTION('center_axis',(0.,0.,1.));
#2518=DIRECTION('ref_axis',(1.,0.,0.));
#2519=DIRECTION('',(0.,0.,-1.));
#2520=DIRECTION('center_axis',(0.,0.,1.));
#2521=DIRECTION('ref_axis',(0.,-1.,0.));
#2522=DIRECTION('',(0.,0.,1.));
#2523=DIRECTION('',(0.,0.,1.));
#2524=DIRECTION('center_axis',(-1.,0.,0.));
#2525=DIRECTION('ref_axis',(0.,-1.,0.));
#2526=DIRECTION('',(0.,0.,1.));
#2527=DIRECTION('center_axis',(0.,0.,1.));
#2528=DIRECTION('ref_axis',(-1.,1.38777878078144E-15,0.));
#2529=DIRECTION('center_axis',(0.,0.,1.));
#2530=DIRECTION('ref_axis',(0.,1.,0.));
#2531=DIRECTION('',(0.,0.,-1.));
#2532=DIRECTION('',(0.,0.,1.));
#2533=DIRECTION('center_axis',(0.,0.,1.));
#2534=DIRECTION('ref_axis',(-1.,0.,0.));
#2535=DIRECTION('',(0.,0.,1.));
#2536=DIRECTION('',(0.,0.,1.));
#2537=DIRECTION('center_axis',(0.,1.,0.));
#2538=DIRECTION('ref_axis',(-1.,0.,0.));
#2539=DIRECTION('center_axis',(0.,0.,1.));
#2540=DIRECTION('ref_axis',(6.12323399573677E-17,-1.,0.));
#2541=DIRECTION('',(0.,0.,-1.));
#2542=DIRECTION('center_axis',(0.,0.,1.));
#2543=DIRECTION('ref_axis',(0.,1.,0.));
#2544=DIRECTION('',(0.,0.,1.));
#2545=DIRECTION('',(0.,0.,1.));
#2546=DIRECTION('center_axis',(1.,0.,0.));
#2547=DIRECTION('ref_axis',(0.,1.,0.));
#2548=DIRECTION('',(0.,0.,1.));
#2549=DIRECTION('center_axis',(0.,0.,1.));
#2550=DIRECTION('ref_axis',(1.,0.,0.));
#2551=DIRECTION('',(0.,0.,-1.));
#2552=DIRECTION('center_axis',(0.,0.,1.));
#2553=DIRECTION('ref_axis',(0.,-1.,0.));
#2554=DIRECTION('',(0.,0.,1.));
#2555=DIRECTION('',(0.,0.,1.));
#2556=DIRECTION('center_axis',(-1.,0.,0.));
#2557=DIRECTION('ref_axis',(0.,-1.,0.));
#2558=DIRECTION('',(0.,0.,1.));
#2559=DIRECTION('center_axis',(0.,0.,1.));
#2560=DIRECTION('ref_axis',(-1.,1.21430643318376E-15,0.));
#2561=DIRECTION('',(0.,0.,-1.));
#2562=DIRECTION('center_axis',(0.,0.,1.));
#2563=DIRECTION('ref_axis',(0.,-1.,0.));
#2564=DIRECTION('',(0.,0.,1.));
#2565=DIRECTION('',(0.,0.,1.));
#2566=DIRECTION('center_axis',(-1.,0.,0.));
#2567=DIRECTION('ref_axis',(0.,-1.,0.));
#2568=DIRECTION('',(0.,0.,1.));
#2569=DIRECTION('center_axis',(0.,0.,1.));
#2570=DIRECTION('ref_axis',(-1.,1.38777878078144E-15,0.));
#2571=DIRECTION('',(0.,0.,-1.));
#2572=DIRECTION('center_axis',(0.,0.,1.));
#2573=DIRECTION('ref_axis',(1.,0.,0.));
#2574=DIRECTION('',(0.,0.,1.));
#2575=DIRECTION('',(0.,0.,1.));
#2576=DIRECTION('center_axis',(0.,-1.,0.));
#2577=DIRECTION('ref_axis',(1.,0.,0.));
#2578=DIRECTION('',(0.,0.,1.));
#2579=DIRECTION('center_axis',(0.,0.,1.));
#2580=DIRECTION('ref_axis',(-1.04083408558608E-15,-1.,0.));
#2581=DIRECTION('center_axis',(0.,0.,1.));
#2582=DIRECTION('ref_axis',(0.,1.,0.));
#2583=DIRECTION('',(0.,0.,1.));
#2584=DIRECTION('',(0.,0.,1.));
#2585=DIRECTION('center_axis',(1.,0.,0.));
#2586=DIRECTION('ref_axis',(0.,1.,0.));
#2587=DIRECTION('',(0.,0.,1.));
#2588=DIRECTION('center_axis',(0.,0.,1.));
#2589=DIRECTION('ref_axis',(1.,-1.38777878078144E-15,0.));
#2590=DIRECTION('center_axis',(0.,-1.,0.));
#2591=DIRECTION('ref_axis',(1.,0.,0.));
#2592=DIRECTION('center_axis',(0.,-1.,0.));
#2593=DIRECTION('ref_axis',(1.,0.,0.));
#2594=DIRECTION('center_axis',(0.,-1.,0.));
#2595=DIRECTION('ref_axis',(1.,0.,0.));
#2596=DIRECTION('center_axis',(1.,0.,0.));
#2597=DIRECTION('ref_axis',(0.,1.,0.));
#2598=DIRECTION('center_axis',(1.,0.,0.));
#2599=DIRECTION('ref_axis',(0.,1.,0.));
#2600=DIRECTION('center_axis',(0.,1.,0.));
#2601=DIRECTION('ref_axis',(-1.,0.,0.));
#2602=DIRECTION('center_axis',(-1.,0.,0.));
#2603=DIRECTION('ref_axis',(0.,-1.,0.));
#2604=DIRECTION('center_axis',(-1.,0.,0.));
#2605=DIRECTION('ref_axis',(0.,-1.,0.));
#2606=DIRECTION('center_axis',(0.,0.,1.));
#2607=DIRECTION('ref_axis',(1.,0.,0.));
#2608=DIRECTION('center_axis',(0.,-1.,0.));
#2609=DIRECTION('ref_axis',(1.,0.,0.));
#2610=DIRECTION('center_axis',(1.,0.,0.));
#2611=DIRECTION('ref_axis',(0.,1.,0.));
#2612=CARTESIAN_POINT('',(0.,0.,0.));
#2613=CARTESIAN_POINT('Origin',(1.85000008787028,-1.95000009262003,0.8));
#2614=CARTESIAN_POINT('',(1.89000008977018,-1.95000009262003,0.8));
#2615=CARTESIAN_POINT('Origin',(1.85000008787028,-1.95000009262003,0.8));
#2616=CARTESIAN_POINT('',(1.89000008977018,-1.95000009262003,0.79));
#2617=CARTESIAN_POINT('',(1.89000008977018,-1.95000009262003,0.8));
#2618=CARTESIAN_POINT('Origin',(1.85000008787028,-1.95000009262003,0.79));
#2619=CARTESIAN_POINT('Origin',(1.85000008787028,-1.95000009262003,0.79));
#2620=CARTESIAN_POINT('Origin',(-1.5,-1.89580398915498,1.1));
#2621=CARTESIAN_POINT('',(-1.79580398915498,-1.89580398915498,0.8));
#2622=CARTESIAN_POINT('',(-1.5,-1.6,1.05));
#2623=CARTESIAN_POINT('Origin',(-1.79580398915498,-1.89580398915498,1.1));
#2624=CARTESIAN_POINT('',(1.79580398915498,-1.89580398915498,0.8));
#2625=CARTESIAN_POINT('',(-1.5,-1.89580398915498,0.8));
#2626=CARTESIAN_POINT('',(1.5,-1.6,1.05));
#2627=CARTESIAN_POINT('Origin',(1.79580398915498,-1.89580398915498,1.1));
#2628=CARTESIAN_POINT('',(-1.5,-1.6,1.05));
#2629=CARTESIAN_POINT('Origin',(1.79580398915498,-1.6,1.1));
#2630=CARTESIAN_POINT('',(1.79580398915498,1.89580398915498,0.8));
#2631=CARTESIAN_POINT('',(1.5,1.6,1.05));
#2632=CARTESIAN_POINT('Origin',(1.79580398915498,1.89580398915498,1.1));
#2633=CARTESIAN_POINT('',(1.5,-1.6,1.05));
#2634=CARTESIAN_POINT('',(1.79580398915498,-1.6,0.8));
#2635=CARTESIAN_POINT('Origin',(0.,0.,0.8));
#2636=CARTESIAN_POINT('',(1.99999995737104,1.99999984034893,0.8));
#2637=CARTESIAN_POINT('',(1.9000000476162,2.09999974535402,0.8));
#2638=CARTESIAN_POINT('Origin',(2.00250005851106,2.10249985136253,0.8));
#2639=CARTESIAN_POINT('',(1.35,2.09999995529652,0.8));
#2640=CARTESIAN_POINT('',(2.,2.1,0.8));
#2641=CARTESIAN_POINT('',(1.15,2.09999995529652,0.8));
#2642=CARTESIAN_POINT('Origin',(1.25,2.09999995529652,0.8));
#2643=CARTESIAN_POINT('',(0.3,2.09999995529652,0.8));
#2644=CARTESIAN_POINT('',(2.,2.1,0.8));
#2645=CARTESIAN_POINT('',(0.2,1.99999995529652,0.8));
#2646=CARTESIAN_POINT('Origin',(0.2,2.09999995529652,0.8));
#2647=CARTESIAN_POINT('',(-0.2,1.99999995529652,0.8));
#2648=CARTESIAN_POINT('',(-0.1,1.99999995529652,0.8));
#2649=CARTESIAN_POINT('',(-0.3,2.09999995529652,0.8));
#2650=CARTESIAN_POINT('Origin',(-0.2,2.09999995529652,0.8));
#2651=CARTESIAN_POINT('',(-1.15,2.1,0.8));
#2652=CARTESIAN_POINT('',(2.,2.1,0.8));
#2653=CARTESIAN_POINT('',(-1.35,2.1,0.8));
#2654=CARTESIAN_POINT('Origin',(-1.25,2.09999995529652,0.8));
#2655=CARTESIAN_POINT('',(-1.90000009250128,2.09999970023144,0.8));
#2656=CARTESIAN_POINT('',(2.,2.1,0.8));
#2657=CARTESIAN_POINT('',(-1.99999999750638,1.9999997904766,0.8));
#2658=CARTESIAN_POINT('Origin',(-2.00250010351489,2.10249980137146,0.8));
#2659=CARTESIAN_POINT('',(-2.,1.25000000949949,0.8));
#2660=CARTESIAN_POINT('',(-2.,2.1,0.8));
#2661=CARTESIAN_POINT('',(-1.90000009024516,1.15000000949949,0.8));
#2662=CARTESIAN_POINT('Origin',(-2.00000009024516,1.15000000949949,0.8));
#2663=CARTESIAN_POINT('',(-1.90000009024516,0.94999999050051,0.8));
#2664=CARTESIAN_POINT('',(-1.90000009024516,0.474999995250255,0.8));
#2665=CARTESIAN_POINT('',(-2.00000009024516,0.84999999050051,0.8));
#2666=CARTESIAN_POINT('Origin',(-2.00000009024516,0.94999999050051,0.8));
#2667=CARTESIAN_POINT('',(-2.,0.20000000949949,0.8));
#2668=CARTESIAN_POINT('',(-2.,2.1,0.8));
#2669=CARTESIAN_POINT('',(-1.90000009024516,0.10000000949949,0.8));
#2670=CARTESIAN_POINT('Origin',(-2.00000009024516,0.10000000949949,0.8));
#2671=CARTESIAN_POINT('',(-1.90000009024516,-0.10000000949949,0.8));
#2672=CARTESIAN_POINT('',(-1.90000009024516,-0.0500000047497451,0.8));
#2673=CARTESIAN_POINT('',(-2.00000009024516,-0.20000000949949,0.8));
#2674=CARTESIAN_POINT('Origin',(-2.00000009024516,-0.10000000949949,0.8));
#2675=CARTESIAN_POINT('',(-2.,-0.84999999050051,0.8));
#2676=CARTESIAN_POINT('',(-2.,2.1,0.8));
#2677=CARTESIAN_POINT('',(-1.90000009024516,-0.94999999050051,0.8));
#2678=CARTESIAN_POINT('Origin',(-2.00000009024516,-0.94999999050051,0.8));
#2679=CARTESIAN_POINT('',(-1.90000009024516,-1.15000000949949,0.8));
#2680=CARTESIAN_POINT('',(-1.90000009024516,-0.575000004749745,0.8));
#2681=CARTESIAN_POINT('',(-2.00000009024516,-1.25000000949949,0.8));
#2682=CARTESIAN_POINT('Origin',(-2.00000009024516,-1.15000000949949,0.8));
#2683=CARTESIAN_POINT('',(-2.,-2.0000000949949,0.8));
#2684=CARTESIAN_POINT('',(-2.,2.1,0.8));
#2685=CARTESIAN_POINT('',(-1.90000009024516,-2.1,0.8));
#2686=CARTESIAN_POINT('Origin',(-2.00250010114002,-2.10250010600851,0.8));
#2687=CARTESIAN_POINT('',(-1.35,-2.09999995529652,0.8));
#2688=CARTESIAN_POINT('',(-2.,-2.1,0.8));
#2689=CARTESIAN_POINT('',(-1.15,-2.09999995529652,0.8));
#2690=CARTESIAN_POINT('Origin',(-1.25,-2.09999995529652,0.8));
#2691=CARTESIAN_POINT('',(-0.3,-2.09999995529652,0.8));
#2692=CARTESIAN_POINT('',(-2.,-2.1,0.8));
#2693=CARTESIAN_POINT('',(-0.2,-1.99999995529652,0.8));
#2694=CARTESIAN_POINT('Origin',(-0.2,-2.09999995529652,0.8));
#2695=CARTESIAN_POINT('',(0.2,-1.99999995529652,0.8));
#2696=CARTESIAN_POINT('',(0.1,-1.99999995529652,0.8));
#2697=CARTESIAN_POINT('',(0.3,-2.09999995529652,0.8));
#2698=CARTESIAN_POINT('Origin',(0.2,-2.09999995529652,0.8));
#2699=CARTESIAN_POINT('',(1.15,-2.09999995529652,0.8));
#2700=CARTESIAN_POINT('',(-2.,-2.1,0.8));
#2701=CARTESIAN_POINT('',(1.35,-2.09999995529652,0.8));
#2702=CARTESIAN_POINT('Origin',(1.25,-2.09999995529652,0.8));
#2703=CARTESIAN_POINT('',(1.90000004749745,-2.10000004749745,0.8));
#2704=CARTESIAN_POINT('',(-2.,-2.1,0.8));
#2705=CARTESIAN_POINT('',(1.99999995250255,-2.00000013774261,0.8));
#2706=CARTESIAN_POINT('Origin',(2.00250005851106,-2.10250014863747,0.8));
#2707=CARTESIAN_POINT('',(2.00000009024516,-1.25000000949949,0.8));
#2708=CARTESIAN_POINT('',(2.,-2.1,0.8));
#2709=CARTESIAN_POINT('',(1.90000009024516,-1.15000000949949,0.8));
#2710=CARTESIAN_POINT('Origin',(2.00000009024516,-1.15000000949949,0.8));
#2711=CARTESIAN_POINT('',(1.90000009024516,-0.94999999050051,0.8));
#2712=CARTESIAN_POINT('',(1.90000009024516,-0.474999995250255,0.8));
#2713=CARTESIAN_POINT('',(2.,-0.84999999050051,0.8));
#2714=CARTESIAN_POINT('Origin',(2.00000009024516,-0.94999999050051,0.8));
#2715=CARTESIAN_POINT('',(2.00000009024516,-0.20000000949949,0.8));
#2716=CARTESIAN_POINT('',(2.,-2.1,0.8));
#2717=CARTESIAN_POINT('',(1.90000009024516,-0.10000000949949,0.8));
#2718=CARTESIAN_POINT('Origin',(2.00000009024516,-0.10000000949949,0.8));
#2719=CARTESIAN_POINT('',(1.90000009024516,0.10000000949949,0.8));
#2720=CARTESIAN_POINT('',(1.90000009024516,0.0500000047497451,0.8));
#2721=CARTESIAN_POINT('',(2.00000009024516,0.20000000949949,0.8));
#2722=CARTESIAN_POINT('Origin',(2.00000009024516,0.10000000949949,0.8));
#2723=CARTESIAN_POINT('',(2.00000009024516,0.84999999050051,0.8));
#2724=CARTESIAN_POINT('',(2.,-2.1,0.8));
#2725=CARTESIAN_POINT('',(1.90000009024516,0.94999999050051,0.8));
#2726=CARTESIAN_POINT('Origin',(2.00000009024516,0.94999999050051,0.8));
#2727=CARTESIAN_POINT('',(1.90000009024516,1.15000000949949,0.8));
#2728=CARTESIAN_POINT('',(1.90000009024516,0.575000004749745,0.8));
#2729=CARTESIAN_POINT('',(2.,1.25000000949949,0.8));
#2730=CARTESIAN_POINT('Origin',(2.00000009024516,1.15000000949949,0.8));
#2731=CARTESIAN_POINT('',(2.,-2.1,0.8));
#2732=CARTESIAN_POINT('',(-1.79580398915498,1.89580398915498,0.8));
#2733=CARTESIAN_POINT('',(1.5,1.89580398915498,0.8));
#2734=CARTESIAN_POINT('',(-1.79580398915498,1.6,0.8));
#2735=CARTESIAN_POINT('Origin',(-1.79580398915498,1.6,1.1));
#2736=CARTESIAN_POINT('',(-1.5,1.6,1.05));
#2737=CARTESIAN_POINT('Origin',(-1.79580398915498,1.89580398915498,1.1));
#2738=CARTESIAN_POINT('',(-1.5,1.6,1.05));
#2739=CARTESIAN_POINT('Origin',(1.5,1.89580398915498,1.1));
#2740=CARTESIAN_POINT('',(1.5,1.6,1.05));
#2741=CARTESIAN_POINT('Origin',(1.31033928972196,2.02025555037774,0.));
#2742=CARTESIAN_POINT('',(1.31033928972196,2.02025555037774,0.));
#2743=CARTESIAN_POINT('',(1.79999995976686,2.02025555037774,0.));
#2744=CARTESIAN_POINT('',(0.65516964486098,2.02025555037774,0.));
#2745=CARTESIAN_POINT('',(1.31033928972196,2.02025555037774,0.3));
#2746=CARTESIAN_POINT('',(1.31033928972196,2.02025555037774,0.));
#2747=CARTESIAN_POINT('',(1.79999995976686,2.02025555037774,0.3));
#2748=CARTESIAN_POINT('',(0.999999977648258,2.02025555037774,0.3));
#2749=CARTESIAN_POINT('',(1.79999995976686,2.02025555037774,0.));
#2750=CARTESIAN_POINT('Origin',(1.79999995976686,2.02025555037774,0.));
#2751=CARTESIAN_POINT('',(1.9000000476162,2.09999974535402,0.));
#2752=CARTESIAN_POINT('',(0.757451848610845,1.18888468224972,0.));
#2753=CARTESIAN_POINT('',(1.9000000476162,2.09999974535402,0.3));
#2754=CARTESIAN_POINT('',(1.79999995976686,2.02025555037774,0.3));
#2755=CARTESIAN_POINT('',(1.90000004140538,2.1,0.));
#2756=CARTESIAN_POINT('Origin',(1.60516966866908,2.06012775283713,0.3));
#2757=CARTESIAN_POINT('',(1.35,2.09999974535402,0.3));
#2758=CARTESIAN_POINT('Origin',(1.25,2.09999995529652,0.3));
#2759=CARTESIAN_POINT('',(1.80258483433454,2.1,0.3));
#2760=CARTESIAN_POINT('Origin',(1.25,-0.849999981001019,0.));
#2761=CARTESIAN_POINT('',(1.25,-0.849999981001019,0.));
#2762=CARTESIAN_POINT('',(1.25,-0.599999986588955,0.));
#2763=CARTESIAN_POINT('',(1.25,-0.42499999050051,0.));
#2764=CARTESIAN_POINT('',(1.25,-0.849999981001019,0.3));
#2765=CARTESIAN_POINT('',(1.25,-0.849999981001019,0.));
#2766=CARTESIAN_POINT('',(1.25,-0.599999986588955,0.3));
#2767=CARTESIAN_POINT('',(1.25,-0.599999986588955,0.3));
#2768=CARTESIAN_POINT('',(1.25,-0.599999986588955,0.));
#2769=CARTESIAN_POINT('Origin',(0.999999977648258,-0.849999981001019,0.));
#2770=CARTESIAN_POINT('',(0.999999977648258,-0.849999981001019,0.));
#2771=CARTESIAN_POINT('',(0.499999988824129,-0.849999981001019,0.));
#2772=CARTESIAN_POINT('',(0.999999977648258,-0.849999981001019,0.3));
#2773=CARTESIAN_POINT('',(0.999999977648258,-0.849999981001019,0.));
#2774=CARTESIAN_POINT('',(1.25,-0.849999981001019,0.3));
#2775=CARTESIAN_POINT('Origin',(0.999999977648258,-2.02025555037774,0.));
#2776=CARTESIAN_POINT('',(0.999999977648258,-2.02025555037774,0.));
#2777=CARTESIAN_POINT('',(0.999999977648258,-1.01012777518887,0.));
#2778=CARTESIAN_POINT('',(0.999999977648258,-2.02025555037774,0.3));
#2779=CARTESIAN_POINT('',(0.999999977648258,-2.02025555037774,0.));
#2780=CARTESIAN_POINT('',(0.999999977648258,-0.849999981001019,0.3));
#2781=CARTESIAN_POINT('Origin',(1.18966071027804,-2.02025555037774,0.));
#2782=CARTESIAN_POINT('',(1.18966071027804,-2.02025555037774,0.));
#2783=CARTESIAN_POINT('',(0.59483035513902,-2.02025555037774,0.));
#2784=CARTESIAN_POINT('',(1.18966071027804,-2.02025555037774,0.3));
#2785=CARTESIAN_POINT('',(1.18966071027804,-2.02025555037774,0.));
#2786=CARTESIAN_POINT('',(0.999999977648258,-2.02025555037774,0.3));
#2787=CARTESIAN_POINT('Origin',(0.399999991059303,-2.02025555037774,0.));
#2788=CARTESIAN_POINT('',(0.399999991059303,-2.02025555037774,0.));
#2789=CARTESIAN_POINT('',(0.26033928972196,-2.02025555037774,0.));
#2790=CARTESIAN_POINT('',(0.199999995529652,-2.02025555037774,0.));
#2791=CARTESIAN_POINT('',(0.399999991059303,-2.02025555037774,0.3));
#2792=CARTESIAN_POINT('',(0.399999991059303,-2.02025555037774,0.));
#2793=CARTESIAN_POINT('',(0.26033928972196,-2.02025555037774,0.3));
#2794=CARTESIAN_POINT('',(0.,-2.02025555037774,0.3));
#2795=CARTESIAN_POINT('',(0.26033928972196,-2.02025555037774,0.));
#2796=CARTESIAN_POINT('Origin',(0.399999991059303,-1.32025555037774,0.));
#2797=CARTESIAN_POINT('',(0.399999991059303,-1.32025555037774,0.));
#2798=CARTESIAN_POINT('',(0.399999991059303,-0.660127775188871,0.));
#2799=CARTESIAN_POINT('',(0.399999991059303,-1.32025555037774,0.3));
#2800=CARTESIAN_POINT('',(0.399999991059303,-1.32025555037774,0.));
#2801=CARTESIAN_POINT('',(0.399999991059303,-1.32025555037774,0.3));
#2802=CARTESIAN_POINT('Origin',(-0.399999991059303,-1.32025555037774,0.));
#2803=CARTESIAN_POINT('',(-0.399999991059303,-1.32025555037774,0.));
#2804=CARTESIAN_POINT('',(-0.199999995529652,-1.32025555037774,0.));
#2805=CARTESIAN_POINT('',(-0.399999991059303,-1.32025555037774,0.3));
#2806=CARTESIAN_POINT('',(-0.399999991059303,-1.32025555037774,0.));
#2807=CARTESIAN_POINT('',(-0.399999991059303,-1.32025555037774,0.3));
#2808=CARTESIAN_POINT('Origin',(-0.399999991059303,-2.02025555037774,0.));
#2809=CARTESIAN_POINT('',(-0.399999991059303,-2.02025555037774,0.));
#2810=CARTESIAN_POINT('',(-0.399999991059303,-1.01012777518887,0.));
#2811=CARTESIAN_POINT('',(-0.399999991059303,-2.02025555037774,0.3));
#2812=CARTESIAN_POINT('',(-0.399999991059303,-2.02025555037774,0.));
#2813=CARTESIAN_POINT('',(-0.399999991059303,-2.02025555037774,0.3));
#2814=CARTESIAN_POINT('Origin',(-0.26033928972196,-2.02025555037774,0.));
#2815=CARTESIAN_POINT('',(-0.26033928972196,-2.02025555037774,0.));
#2816=CARTESIAN_POINT('',(-0.13016964486098,-2.02025555037774,0.));
#2817=CARTESIAN_POINT('',(-0.26033928972196,-2.02025555037774,0.3));
#2818=CARTESIAN_POINT('',(-0.26033928972196,-2.02025555037774,0.));
#2819=CARTESIAN_POINT('',(0.,-2.02025555037774,0.3));
#2820=CARTESIAN_POINT('Origin',(-0.999999977648258,-2.02025555037774,0.));
#2821=CARTESIAN_POINT('',(-0.999999977648258,-2.02025555037774,0.));
#2822=CARTESIAN_POINT('',(-1.18966071027804,-2.02025555037774,0.));
#2823=CARTESIAN_POINT('',(-0.499999988824129,-2.02025555037774,0.));
#2824=CARTESIAN_POINT('',(-0.999999977648258,-2.02025555037774,0.3));
#2825=CARTESIAN_POINT('',(-0.999999977648258,-2.02025555037774,0.));
#2826=CARTESIAN_POINT('',(-1.18966071027804,-2.02025555037774,0.3));
#2827=CARTESIAN_POINT('',(-0.999999977648258,-2.02025555037774,0.3));
#2828=CARTESIAN_POINT('',(-1.18966071027804,-2.02025555037774,0.));
#2829=CARTESIAN_POINT('Origin',(-0.999999977648258,-0.849999981001019,0.));
#2830=CARTESIAN_POINT('',(-0.999999977648258,-0.849999981001019,0.));
#2831=CARTESIAN_POINT('',(-0.999999977648258,-0.42499999050051,0.));
#2832=CARTESIAN_POINT('',(-0.999999977648258,-0.849999981001019,0.3));
#2833=CARTESIAN_POINT('',(-0.999999977648258,-0.849999981001019,0.));
#2834=CARTESIAN_POINT('',(-0.999999977648258,-0.849999981001019,0.3));
#2835=CARTESIAN_POINT('Origin',(-1.25,-0.849999981001019,0.));
#2836=CARTESIAN_POINT('',(-1.25,-0.849999981001019,0.));
#2837=CARTESIAN_POINT('',(-0.625,-0.849999981001019,0.));
#2838=CARTESIAN_POINT('',(-1.25,-0.849999981001019,0.3));
#2839=CARTESIAN_POINT('',(-1.25,-0.849999981001019,0.));
#2840=CARTESIAN_POINT('',(-1.25,-0.849999981001019,0.3));
#2841=CARTESIAN_POINT('Origin',(-1.25,-0.599999986588955,0.));
#2842=CARTESIAN_POINT('',(-1.25,-0.599999986588955,0.));
#2843=CARTESIAN_POINT('',(-1.25,-0.299999993294477,0.));
#2844=CARTESIAN_POINT('',(-1.25,-0.599999986588955,0.3));
#2845=CARTESIAN_POINT('',(-1.25,-0.599999986588955,0.));
#2846=CARTESIAN_POINT('',(-1.25,-0.599999986588955,0.3));
#2847=CARTESIAN_POINT('Origin',(1.25,-0.599999986588955,0.));
#2848=CARTESIAN_POINT('',(0.625,-0.599999986588955,0.));
#2849=CARTESIAN_POINT('',(-1.25,-0.599999986588955,0.3));
#2850=CARTESIAN_POINT('Origin',(0.,-1.34999997094274,0.3));
#2851=CARTESIAN_POINT('',(1.15,-2.09999974535402,0.3));
#2852=CARTESIAN_POINT('Origin',(1.25,-2.09999995529652,0.3));
#2853=CARTESIAN_POINT('',(0.3,-2.09999974535402,0.3));
#2854=CARTESIAN_POINT('',(-1.,-2.1,0.3));
#2855=CARTESIAN_POINT('Origin',(0.2,-2.09999995529652,0.3));
#2856=CARTESIAN_POINT('',(-0.3,-2.09999974535402,0.3));
#2857=CARTESIAN_POINT('Origin',(-0.2,-2.09999995529652,0.3));
#2858=CARTESIAN_POINT('',(-1.15,-2.09999974535402,0.3));
#2859=CARTESIAN_POINT('',(-1.,-2.1,0.3));
#2860=CARTESIAN_POINT('Origin',(-1.25,-2.09999995529652,0.3));
#2861=CARTESIAN_POINT('Origin',(-0.999999977648258,2.02025555037774,0.));
#2862=CARTESIAN_POINT('',(-0.999999977648258,2.02025555037774,0.));
#2863=CARTESIAN_POINT('',(-0.999999977648258,0.599999986588955,0.));
#2864=CARTESIAN_POINT('',(-0.999999977648258,1.01012777518887,0.));
#2865=CARTESIAN_POINT('',(-0.999999977648258,2.02025555037774,0.3));
#2866=CARTESIAN_POINT('',(-0.999999977648258,2.02025555037774,0.));
#2867=CARTESIAN_POINT('',(-0.999999977648258,0.599999986588955,0.3));
#2868=CARTESIAN_POINT('',(-0.999999977648258,0.599999986588955,0.3));
#2869=CARTESIAN_POINT('',(-0.999999977648258,0.599999986588955,0.));
#2870=CARTESIAN_POINT('Origin',(-1.18966071027804,2.02025555037774,0.));
#2871=CARTESIAN_POINT('',(-1.18966071027804,2.02025555037774,0.));
#2872=CARTESIAN_POINT('',(-0.594830355139021,2.02025555037774,0.));
#2873=CARTESIAN_POINT('',(-1.18966071027804,2.02025555037774,0.3));
#2874=CARTESIAN_POINT('',(-1.18966071027804,2.02025555037774,0.));
#2875=CARTESIAN_POINT('',(-0.999999977648258,2.02025555037774,0.3));
#2876=CARTESIAN_POINT('Origin',(-0.399999991059303,2.02025555037774,0.));
#2877=CARTESIAN_POINT('',(-0.399999991059303,2.02025555037774,0.));
#2878=CARTESIAN_POINT('',(-0.260339289721959,2.02025555037774,0.));
#2879=CARTESIAN_POINT('',(-0.199999995529652,2.02025555037774,0.));
#2880=CARTESIAN_POINT('',(-0.399999991059303,2.02025555037774,0.3));
#2881=CARTESIAN_POINT('',(-0.399999991059303,2.02025555037774,0.));
#2882=CARTESIAN_POINT('',(-0.260339289721959,2.02025555037774,0.3));
#2883=CARTESIAN_POINT('',(0.,2.02025555037774,0.3));
#2884=CARTESIAN_POINT('',(-0.260339289721959,2.02025555037774,0.));
#2885=CARTESIAN_POINT('Origin',(-0.399999991059303,1.32025555037774,0.));
#2886=CARTESIAN_POINT('',(-0.399999991059303,1.32025555037774,0.));
#2887=CARTESIAN_POINT('',(-0.399999991059303,0.660127775188871,0.));
#2888=CARTESIAN_POINT('',(-0.399999991059303,1.32025555037774,0.3));
#2889=CARTESIAN_POINT('',(-0.399999991059303,1.32025555037774,0.));
#2890=CARTESIAN_POINT('',(-0.399999991059303,2.02025555037774,0.3));
#2891=CARTESIAN_POINT('Origin',(0.399999991059303,1.32025555037774,0.));
#2892=CARTESIAN_POINT('',(0.399999991059303,1.32025555037774,0.));
#2893=CARTESIAN_POINT('',(0.199999995529652,1.32025555037774,0.));
#2894=CARTESIAN_POINT('',(0.399999991059303,1.32025555037774,0.3));
#2895=CARTESIAN_POINT('',(0.399999991059303,1.32025555037774,0.));
#2896=CARTESIAN_POINT('',(-0.399999991059303,1.32025555037774,0.3));
#2897=CARTESIAN_POINT('Origin',(0.399999991059303,2.02025555037774,0.));
#2898=CARTESIAN_POINT('',(0.399999991059303,2.02025555037774,0.));
#2899=CARTESIAN_POINT('',(0.399999991059303,1.01012777518887,0.));
#2900=CARTESIAN_POINT('',(0.399999991059303,2.02025555037774,0.3));
#2901=CARTESIAN_POINT('',(0.399999991059303,2.02025555037774,0.));
#2902=CARTESIAN_POINT('',(0.399999991059303,1.32025555037774,0.3));
#2903=CARTESIAN_POINT('Origin',(0.260339289721959,2.02025555037774,0.));
#2904=CARTESIAN_POINT('',(0.260339289721959,2.02025555037774,0.));
#2905=CARTESIAN_POINT('',(0.130169644860979,2.02025555037774,0.));
#2906=CARTESIAN_POINT('',(0.260339289721959,2.02025555037774,0.3));
#2907=CARTESIAN_POINT('',(0.260339289721959,2.02025555037774,0.));
#2908=CARTESIAN_POINT('',(0.,2.02025555037774,0.3));
#2909=CARTESIAN_POINT('Origin',(0.999999977648258,2.02025555037774,0.));
#2910=CARTESIAN_POINT('',(0.999999977648258,2.02025555037774,0.));
#2911=CARTESIAN_POINT('',(1.18966071027804,2.02025555037774,0.));
#2912=CARTESIAN_POINT('',(0.499999988824129,2.02025555037774,0.));
#2913=CARTESIAN_POINT('',(0.999999977648258,2.02025555037774,0.3));
#2914=CARTESIAN_POINT('',(0.999999977648258,2.02025555037774,0.));
#2915=CARTESIAN_POINT('',(1.18966071027804,2.02025555037774,0.3));
#2916=CARTESIAN_POINT('',(0.999999977648258,2.02025555037774,0.3));
#2917=CARTESIAN_POINT('',(1.18966071027804,2.02025555037774,0.));
#2918=CARTESIAN_POINT('Origin',(0.999999977648258,0.599999986588955,0.));
#2919=CARTESIAN_POINT('',(0.999999977648258,0.599999986588955,0.));
#2920=CARTESIAN_POINT('',(0.999999977648258,0.299999993294477,0.));
#2921=CARTESIAN_POINT('',(0.999999977648258,0.599999986588955,0.3));
#2922=CARTESIAN_POINT('',(0.999999977648258,0.599999986588955,0.));
#2923=CARTESIAN_POINT('',(0.999999977648258,0.599999986588955,0.3));
#2924=CARTESIAN_POINT('Origin',(-0.999999977648258,0.599999986588955,0.));
#2925=CARTESIAN_POINT('',(-0.499999988824129,0.599999986588955,0.));
#2926=CARTESIAN_POINT('',(0.,0.599999986588955,0.3));
#2927=CARTESIAN_POINT('Origin',(-2.77555756156289E-16,1.34999999329448,
0.3));
#2928=CARTESIAN_POINT('',(-1.15000000000001,2.09999974535402,0.3));
#2929=CARTESIAN_POINT('Origin',(-1.25,2.09999995529652,0.3));
#2930=CARTESIAN_POINT('',(-0.3,2.09999974535402,0.3));
#2931=CARTESIAN_POINT('',(1.,2.1,0.3));
#2932=CARTESIAN_POINT('Origin',(-0.2,2.09999995529652,0.3));
#2933=CARTESIAN_POINT('',(0.3,2.09999974535402,0.3));
#2934=CARTESIAN_POINT('Origin',(0.2,2.09999995529652,0.3));
#2935=CARTESIAN_POINT('',(1.15,2.09999974535402,0.3));
#2936=CARTESIAN_POINT('',(1.,2.1,0.3));
#2937=CARTESIAN_POINT('Origin',(1.25,2.09999995529652,0.3));
#2938=CARTESIAN_POINT('Origin',(1.79999995976686,-2.02025555037774,0.));
#2939=CARTESIAN_POINT('',(1.79999995976686,-2.02025555037774,0.));
#2940=CARTESIAN_POINT('',(1.31033928972196,-2.02025555037774,0.));
#2941=CARTESIAN_POINT('',(0.899999979883432,-2.02025555037774,0.));
#2942=CARTESIAN_POINT('',(1.79999995976686,-2.02025555037774,0.3));
#2943=CARTESIAN_POINT('',(1.79999995976686,-2.02025555037774,0.));
#2944=CARTESIAN_POINT('',(1.31033928972196,-2.02025555037774,0.3));
#2945=CARTESIAN_POINT('',(0.999999977648258,-2.02025555037774,0.3));
#2946=CARTESIAN_POINT('',(1.31033928972196,-2.02025555037774,0.));
#2947=CARTESIAN_POINT('Origin',(1.9000000476162,-2.09999974535402,0.));
#2948=CARTESIAN_POINT('',(1.90000004749745,-2.10000004749745,0.));
#2949=CARTESIAN_POINT('',(0.807451892535512,-1.22875677973786,0.));
#2950=CARTESIAN_POINT('',(1.9000000476162,-2.09999974535402,0.3));
#2951=CARTESIAN_POINT('',(1.90000004865598,-2.1,0.));
#2952=CARTESIAN_POINT('',(1.79999995976686,-2.02025555037774,0.3));
#2953=CARTESIAN_POINT('Origin',(1.60516966866908,-2.06012775283713,0.3));
#2954=CARTESIAN_POINT('',(1.35,-2.09999974535402,0.3));
#2955=CARTESIAN_POINT('',(-0.19741516566546,-2.1,0.3));
#2956=CARTESIAN_POINT('Origin',(1.25,-2.09999995529652,0.3));
#2957=CARTESIAN_POINT('Origin',(-1.31033928972196,-2.02025555037774,0.));
#2958=CARTESIAN_POINT('',(-1.31033928972196,-2.02025555037774,0.));
#2959=CARTESIAN_POINT('',(-1.79999995976686,-2.02025555037774,0.));
#2960=CARTESIAN_POINT('',(-0.65516964486098,-2.02025555037774,0.));
#2961=CARTESIAN_POINT('',(-1.31033928972196,-2.02025555037774,0.3));
#2962=CARTESIAN_POINT('',(-1.31033928972196,-2.02025555037774,0.));
#2963=CARTESIAN_POINT('',(-1.79999995976686,-2.02025555037774,0.3));
#2964=CARTESIAN_POINT('',(-0.999999977648258,-2.02025555037774,0.3));
#2965=CARTESIAN_POINT('',(-1.79999995976686,-2.02025555037774,0.));
#2966=CARTESIAN_POINT('Origin',(-1.79999995976686,-2.02025555037774,0.));
#2967=CARTESIAN_POINT('',(-1.90000009024516,-2.1,0.));
#2968=CARTESIAN_POINT('',(-0.757451848610845,-1.18888468224972,0.));
#2969=CARTESIAN_POINT('',(-1.9000000476162,-2.09999974535402,0.3));
#2970=CARTESIAN_POINT('',(-1.79999995976686,-2.02025555037774,0.3));
#2971=CARTESIAN_POINT('',(-1.90000009024516,-2.1,0.));
#2972=CARTESIAN_POINT('Origin',(-1.60516966866908,-2.06012775283713,0.3));
#2973=CARTESIAN_POINT('',(-1.35,-2.09999974535402,0.3));
#2974=CARTESIAN_POINT('Origin',(-1.25,-2.09999995529652,0.3));
#2975=CARTESIAN_POINT('',(-1.80258483433454,-2.1,0.3));
#2976=CARTESIAN_POINT('Origin',(-1.79999995976686,2.02025555037774,0.));
#2977=CARTESIAN_POINT('',(-1.79999995976686,2.02025555037774,0.));
#2978=CARTESIAN_POINT('',(-1.31033928972196,2.02025555037774,0.));
#2979=CARTESIAN_POINT('',(-0.899999979883432,2.02025555037774,0.));
#2980=CARTESIAN_POINT('',(-1.79999995976686,2.02025555037774,0.3));
#2981=CARTESIAN_POINT('',(-1.79999995976686,2.02025555037774,0.));
#2982=CARTESIAN_POINT('',(-1.31033928972196,2.02025555037774,0.3));
#2983=CARTESIAN_POINT('',(-0.999999977648258,2.02025555037774,0.3));
#2984=CARTESIAN_POINT('',(-1.31033928972196,2.02025555037774,0.));
#2985=CARTESIAN_POINT('Origin',(-1.9000000476162,2.09999974535402,0.));
#2986=CARTESIAN_POINT('',(-1.90000009250128,2.09999970023144,0.));
#2987=CARTESIAN_POINT('',(-0.807451892535512,1.22875677973786,0.));
#2988=CARTESIAN_POINT('',(-1.9000000476162,2.09999974535402,0.3));
#2989=CARTESIAN_POINT('',(-1.90000008519,2.1,0.));
#2990=CARTESIAN_POINT('',(-1.79999995976686,2.02025555037774,0.3));
#2991=CARTESIAN_POINT('Origin',(-1.60516966866908,2.06012777519508,0.3));
#2992=CARTESIAN_POINT('',(-1.35,2.09999974535402,0.3));
#2993=CARTESIAN_POINT('',(0.19741516566546,2.1,0.3));
#2994=CARTESIAN_POINT('Origin',(-1.25,2.09999995529652,0.3));
#2995=CARTESIAN_POINT('Origin',(2.,2.1,0.));
#2996=CARTESIAN_POINT('',(-1.15000000000001,2.1,0.));
#2997=CARTESIAN_POINT('',(-0.29999999999999,2.1,0.));
#2998=CARTESIAN_POINT('Origin',(1.25,-2.09999995529652,0.));
#2999=CARTESIAN_POINT('Origin',(1.25,-2.09999995529652,0.));
#3000=CARTESIAN_POINT('',(1.34999999999999,-2.1,0.));
#3001=CARTESIAN_POINT('',(1.15000000000001,-2.1,0.));
#3002=CARTESIAN_POINT('Origin',(-1.25,-2.09999995529652,0.));
#3003=CARTESIAN_POINT('',(-1.15000000000001,-2.1,0.));
#3004=CARTESIAN_POINT('',(-1.34999999999999,-2.1,0.));
#3005=CARTESIAN_POINT('Origin',(-1.25,-2.09999995529652,0.));
#3006=CARTESIAN_POINT('Origin',(0.,0.,0.));
#3007=CARTESIAN_POINT('',(-0.2,1.99999995529652,0.));
#3008=CARTESIAN_POINT('Origin',(-0.2,2.09999995529652,0.));
#3009=CARTESIAN_POINT('',(0.2,1.99999995529652,0.));
#3010=CARTESIAN_POINT('',(-0.1,1.99999995529652,0.));
#3011=CARTESIAN_POINT('Origin',(0.2,2.09999995529652,0.));
#3012=CARTESIAN_POINT('Origin',(0.,0.,0.));
#3013=CARTESIAN_POINT('',(0.2,-1.99999995529652,0.));
#3014=CARTESIAN_POINT('Origin',(0.2,-2.09999995529652,0.));
#3015=CARTESIAN_POINT('',(-0.2,-1.99999995529652,0.));
#3016=CARTESIAN_POINT('',(0.1,-1.99999995529652,0.));
#3017=CARTESIAN_POINT('Origin',(-0.2,-2.09999995529652,0.));
#3018=CARTESIAN_POINT('Origin',(0.,0.,0.));
#3019=CARTESIAN_POINT('',(1.99999995737104,1.99999984034893,0.));
#3020=CARTESIAN_POINT('Origin',(2.00250005851106,2.10249985136253,0.));
#3021=CARTESIAN_POINT('',(2.,1.25000000949949,0.));
#3022=CARTESIAN_POINT('',(2.,-2.1,0.));
#3023=CARTESIAN_POINT('',(1.90000009024516,1.15000000949949,0.));
#3024=CARTESIAN_POINT('Origin',(2.00000009024516,1.15000000949949,0.));
#3025=CARTESIAN_POINT('',(1.90000009024516,0.94999999050051,0.));
#3026=CARTESIAN_POINT('',(1.90000009024516,0.575000004749745,0.));
#3027=CARTESIAN_POINT('',(2.00000009024516,0.84999999050051,0.));
#3028=CARTESIAN_POINT('Origin',(2.00000009024516,0.94999999050051,0.));
#3029=CARTESIAN_POINT('',(2.00000009024516,0.20000000949949,0.));
#3030=CARTESIAN_POINT('',(2.,-2.1,0.));
#3031=CARTESIAN_POINT('',(1.90000009024516,0.10000000949949,0.));
#3032=CARTESIAN_POINT('Origin',(2.00000009024516,0.10000000949949,0.));
#3033=CARTESIAN_POINT('',(1.90000009024516,-0.10000000949949,0.));
#3034=CARTESIAN_POINT('',(1.90000009024516,0.0500000047497451,0.));
#3035=CARTESIAN_POINT('',(2.00000009024516,-0.20000000949949,0.));
#3036=CARTESIAN_POINT('Origin',(2.00000009024516,-0.10000000949949,0.));
#3037=CARTESIAN_POINT('',(2.,-0.84999999050051,0.));
#3038=CARTESIAN_POINT('',(2.,-2.1,0.));
#3039=CARTESIAN_POINT('',(1.90000009024516,-0.94999999050051,0.));
#3040=CARTESIAN_POINT('Origin',(2.00000009024516,-0.94999999050051,0.));
#3041=CARTESIAN_POINT('',(1.90000009024516,-1.15000000949949,0.));
#3042=CARTESIAN_POINT('',(1.90000009024516,-0.474999995250255,0.));
#3043=CARTESIAN_POINT('',(2.00000009024516,-1.25000000949949,0.));
#3044=CARTESIAN_POINT('Origin',(2.00000009024516,-1.15000000949949,0.));
#3045=CARTESIAN_POINT('',(1.99999995250255,-2.00000013774261,0.));
#3046=CARTESIAN_POINT('',(2.,-2.1,0.));
#3047=CARTESIAN_POINT('Origin',(2.00250005851106,-2.10250014863747,0.));
#3048=CARTESIAN_POINT('',(-2.,-2.0000000949949,0.));
#3049=CARTESIAN_POINT('Origin',(-2.00250010114002,-2.10250010600851,0.));
#3050=CARTESIAN_POINT('',(-2.00000009024516,-1.25000000949949,0.));
#3051=CARTESIAN_POINT('',(-2.,2.1,0.));
#3052=CARTESIAN_POINT('',(-1.90000009024516,-1.15000000949949,0.));
#3053=CARTESIAN_POINT('Origin',(-2.00000009024516,-1.15000000949949,0.));
#3054=CARTESIAN_POINT('',(-1.90000009024516,-0.94999999050051,0.));
#3055=CARTESIAN_POINT('',(-1.90000009024516,-0.575000004749745,0.));
#3056=CARTESIAN_POINT('',(-2.,-0.84999999050051,0.));
#3057=CARTESIAN_POINT('Origin',(-2.00000009024516,-0.94999999050051,0.));
#3058=CARTESIAN_POINT('',(-2.00000009024516,-0.20000000949949,0.));
#3059=CARTESIAN_POINT('',(-2.,2.1,0.));
#3060=CARTESIAN_POINT('',(-1.90000009024516,-0.10000000949949,0.));
#3061=CARTESIAN_POINT('Origin',(-2.00000009024516,-0.10000000949949,0.));
#3062=CARTESIAN_POINT('',(-1.90000009024516,0.10000000949949,0.));
#3063=CARTESIAN_POINT('',(-1.90000009024516,-0.0500000047497451,0.));
#3064=CARTESIAN_POINT('',(-2.,0.20000000949949,0.));
#3065=CARTESIAN_POINT('Origin',(-2.00000009024516,0.10000000949949,0.));
#3066=CARTESIAN_POINT('',(-2.00000009024516,0.84999999050051,0.));
#3067=CARTESIAN_POINT('',(-2.,2.1,0.));
#3068=CARTESIAN_POINT('',(-1.90000009024516,0.94999999050051,0.));
#3069=CARTESIAN_POINT('Origin',(-2.00000009024516,0.94999999050051,0.));
#3070=CARTESIAN_POINT('',(-1.90000009024516,1.15000000949949,0.));
#3071=CARTESIAN_POINT('',(-1.90000009024516,0.474999995250255,0.));
#3072=CARTESIAN_POINT('',(-2.,1.25000000949949,0.));
#3073=CARTESIAN_POINT('Origin',(-2.00000009024516,1.15000000949949,0.));
#3074=CARTESIAN_POINT('',(-1.99999999750638,1.9999997904766,0.));
#3075=CARTESIAN_POINT('',(-2.,2.1,0.));
#3076=CARTESIAN_POINT('Origin',(-2.00250010351489,2.10249980137146,0.));
#3077=CARTESIAN_POINT('Origin',(-1.25,2.09999995529652,0.));
#3078=CARTESIAN_POINT('Origin',(1.25,2.09999995529652,0.));
#3079=CARTESIAN_POINT('Origin',(-1.25,2.09999995529652,0.));
#3080=CARTESIAN_POINT('',(-1.34999999999999,2.1,0.));
#3081=CARTESIAN_POINT('Origin',(2.00250005851106,2.10249985136253,0.));
#3082=CARTESIAN_POINT('',(1.90000004140538,2.1,0.));
#3083=CARTESIAN_POINT('',(2.,1.99999983930916,0.));
#3084=CARTESIAN_POINT('Origin',(2.00250005851106,-2.10250014863747,0.));
#3085=CARTESIAN_POINT('',(2.,-2.0000001365841,0.));
#3086=CARTESIAN_POINT('',(1.90000004865598,-2.1,0.));
#3087=CARTESIAN_POINT('Origin',(-2.00250010351489,2.10249980137146,0.));
#3088=CARTESIAN_POINT('',(-2.,1.99999979041578,0.));
#3089=CARTESIAN_POINT('',(-1.90000008519,2.1,0.));
#3090=CARTESIAN_POINT('Origin',(-2.00250010114002,-2.10250010600851,0.));
#3091=CARTESIAN_POINT('',(-1.90000009024516,-2.1,0.));
#3092=CARTESIAN_POINT('',(-2.,-2.0000000949949,0.));
#3093=CARTESIAN_POINT('Origin',(2.,-2.1,0.));
#3094=CARTESIAN_POINT('',(2.,1.25000000949945,0.));
#3095=CARTESIAN_POINT('Origin',(2.,2.1,0.));
#3096=CARTESIAN_POINT('',(1.34999999999999,2.1,0.));
#3097=CARTESIAN_POINT('Origin',(2.,2.1,0.));
#3098=CARTESIAN_POINT('Origin',(-2.,2.1,0.));
#3099=CARTESIAN_POINT('',(-2.,1.25000000949945,0.));
#3100=CARTESIAN_POINT('Origin',(-2.,2.1,0.));
#3101=CARTESIAN_POINT('',(-2.,-1.25000000949945,0.));
#3102=CARTESIAN_POINT('Origin',(-2.00000009024516,1.15000000949949,0.));
#3103=CARTESIAN_POINT('',(-1.90000009024516,1.15000000949949,0.));
#3104=CARTESIAN_POINT('Origin',(-1.90000009024516,0.94999999050051,0.));
#3105=CARTESIAN_POINT('',(-1.90000009024516,0.94999999050051,0.));
#3106=CARTESIAN_POINT('Origin',(-2.00000009024516,0.94999999050051,0.));
#3107=CARTESIAN_POINT('',(-2.,0.849999990500551,0.));
#3108=CARTESIAN_POINT('Origin',(2.00000009024516,0.94999999050051,0.));
#3109=CARTESIAN_POINT('',(1.90000009024516,0.94999999050051,0.));
#3110=CARTESIAN_POINT('',(2.,0.849999990500551,0.));
#3111=CARTESIAN_POINT('Origin',(1.90000009024516,1.15000000949949,0.));
#3112=CARTESIAN_POINT('',(1.90000009024516,1.15000000949949,0.));
#3113=CARTESIAN_POINT('Origin',(2.00000009024516,1.15000000949949,0.));
#3114=CARTESIAN_POINT('Origin',(0.2,-2.09999995529652,0.));
#3115=CARTESIAN_POINT('',(0.29999999999999,-2.1,0.));
#3116=CARTESIAN_POINT('',(0.2,-1.99999995529652,0.));
#3117=CARTESIAN_POINT('Origin',(-0.2,-2.09999995529652,0.));
#3118=CARTESIAN_POINT('',(-0.2,-1.99999995529652,0.));
#3119=CARTESIAN_POINT('',(-0.29999999999999,-2.1,0.));
#3120=CARTESIAN_POINT('Origin',(0.2,-1.99999995529652,0.));
#3121=CARTESIAN_POINT('Origin',(1.25,2.09999995529652,0.));
#3122=CARTESIAN_POINT('',(1.15000000000001,2.1,0.));
#3123=CARTESIAN_POINT('Origin',(-2.00000009024516,0.10000000949949,0.));
#3124=CARTESIAN_POINT('',(-1.90000009024516,0.10000000949949,0.));
#3125=CARTESIAN_POINT('',(-2.,0.20000000949945,0.));
#3126=CARTESIAN_POINT('Origin',(-1.90000009024516,-0.10000000949949,0.));
#3127=CARTESIAN_POINT('',(-1.90000009024516,-0.10000000949949,0.));
#3128=CARTESIAN_POINT('Origin',(-2.00000009024516,-0.10000000949949,0.));
#3129=CARTESIAN_POINT('',(-2.,-0.20000000949945,0.));
#3130=CARTESIAN_POINT('Origin',(2.00000009024516,-0.10000000949949,0.));
#3131=CARTESIAN_POINT('',(1.90000009024516,-0.10000000949949,0.));
#3132=CARTESIAN_POINT('',(2.,-0.20000000949945,0.));
#3133=CARTESIAN_POINT('Origin',(1.90000009024516,0.10000000949949,0.));
#3134=CARTESIAN_POINT('',(1.90000009024516,0.10000000949949,0.));
#3135=CARTESIAN_POINT('Origin',(2.00000009024516,0.10000000949949,0.));
#3136=CARTESIAN_POINT('',(2.,0.20000000949945,0.));
#3137=CARTESIAN_POINT('Origin',(2.00000009024516,-1.15000000949949,0.));
#3138=CARTESIAN_POINT('',(1.90000009024516,-1.15000000949949,0.));
#3139=CARTESIAN_POINT('',(2.,-1.25000000949945,0.));
#3140=CARTESIAN_POINT('Origin',(1.90000009024516,-0.94999999050051,0.));
#3141=CARTESIAN_POINT('',(1.90000009024516,-0.94999999050051,0.));
#3142=CARTESIAN_POINT('Origin',(2.00000009024516,-0.94999999050051,0.));
#3143=CARTESIAN_POINT('',(2.,-0.849999990500551,0.));
#3144=CARTESIAN_POINT('Origin',(0.2,2.09999995529652,0.));
#3145=CARTESIAN_POINT('',(0.2,1.99999995529652,0.));
#3146=CARTESIAN_POINT('',(0.29999999999999,2.1,0.));
#3147=CARTESIAN_POINT('Origin',(-0.2,1.99999995529652,0.));
#3148=CARTESIAN_POINT('',(-0.2,1.99999995529652,0.));
#3149=CARTESIAN_POINT('Origin',(-0.2,2.09999995529652,0.));
#3150=CARTESIAN_POINT('Origin',(-2.00000009024516,-0.94999999050051,0.));
#3151=CARTESIAN_POINT('',(-1.90000009024516,-0.94999999050051,0.));
#3152=CARTESIAN_POINT('',(-2.,-0.849999990500551,0.));
#3153=CARTESIAN_POINT('Origin',(-1.90000009024516,-1.15000000949949,0.));
#3154=CARTESIAN_POINT('',(-1.90000009024516,-1.15000000949949,0.));
#3155=CARTESIAN_POINT('Origin',(-2.00000009024516,-1.15000000949949,0.));
#3156=CARTESIAN_POINT('Origin',(-2.,-2.1,0.));
#3157=CARTESIAN_POINT('Origin',(-2.,-2.1,0.));
#3158=CARTESIAN_POINT('Origin',(-2.,-2.1,0.));
#3159=CARTESIAN_POINT('Origin',(2.,-2.1,0.));
#3160=CARTESIAN_POINT('Origin',(2.,-2.1,0.));
#3161=CARTESIAN_POINT('Origin',(2.,2.1,0.));
#3162=CARTESIAN_POINT('Origin',(-2.,2.1,0.));
#3163=CARTESIAN_POINT('Origin',(-2.,2.1,0.));
#3164=CARTESIAN_POINT('Origin',(0.,0.,1.05));
#3165=CARTESIAN_POINT('Origin',(-2.,-2.1,0.));
#3166=CARTESIAN_POINT('Origin',(2.,-2.1,0.));
#3167=UNCERTAINTY_MEASURE_WITH_UNIT(LENGTH_MEASURE(0.01),#3171,
'DISTANCE_ACCURACY_VALUE',
'Maximum model space distance between geometric entities at asserted c
onnectivities');
#3168=UNCERTAINTY_MEASURE_WITH_UNIT(LENGTH_MEASURE(0.01),#3171,
'DISTANCE_ACCURACY_VALUE',
'Maximum model space distance between geometric entities at asserted c
onnectivities');
#3169=(
GEOMETRIC_REPRESENTATION_CONTEXT(3)
GLOBAL_UNCERTAINTY_ASSIGNED_CONTEXT((#3167))
GLOBAL_UNIT_ASSIGNED_CONTEXT((#3171,#3173,#3174))
REPRESENTATION_CONTEXT('','3D')
);
#3170=(
GEOMETRIC_REPRESENTATION_CONTEXT(3)
GLOBAL_UNCERTAINTY_ASSIGNED_CONTEXT((#3168))
GLOBAL_UNIT_ASSIGNED_CONTEXT((#3171,#3173,#3174))
REPRESENTATION_CONTEXT('','3D')
);
#3171=(
LENGTH_UNIT()
NAMED_UNIT(*)
SI_UNIT(.MILLI.,.METRE.)
);
#3172=(
LENGTH_UNIT()
NAMED_UNIT(*)
SI_UNIT($,.METRE.)
);
#3173=(
NAMED_UNIT(*)
PLANE_ANGLE_UNIT()
SI_UNIT($,.RADIAN.)
);
#3174=(
NAMED_UNIT(*)
SI_UNIT($,.STERADIAN.)
SOLID_ANGLE_UNIT()
);
#3175=SHAPE_DEFINITION_REPRESENTATION(#3176,#3177);
#3176=PRODUCT_DEFINITION_SHAPE('',$,#3179);
#3177=SHAPE_REPRESENTATION('',(#1911),#3169);
#3178=PRODUCT_DEFINITION_CONTEXT('part definition',#3183,'design');
#3179=PRODUCT_DEFINITION('2026-08-04-15-31-29-317','MGF0918A',#3180,#3178);
#3180=PRODUCT_DEFINITION_FORMATION('',$,#3185);
#3181=PRODUCT_RELATED_PRODUCT_CATEGORY('MGF0918A','MGF0918A',(#3185));
#3182=APPLICATION_PROTOCOL_DEFINITION('international standard',
'automotive_design',2009,#3183);
#3183=APPLICATION_CONTEXT(
'Core Data for Automotive Mechanical Design Process');
#3184=PRODUCT_CONTEXT('part definition',#3183,'mechanical');
#3185=PRODUCT('2026-08-04-15-31-29-317','MGF0918A',$,(#3184));
#3186=PRESENTATION_STYLE_ASSIGNMENT((#3187));
#3187=SURFACE_STYLE_USAGE(.BOTH.,#3188);
#3188=SURFACE_SIDE_STYLE('',(#3189));
#3189=SURFACE_STYLE_FILL_AREA(#3190);
#3190=FILL_AREA_STYLE('Steel - Satin',(#3191));
#3191=FILL_AREA_STYLE_COLOUR('Steel - Satin',#3192);
#3192=COLOUR_RGB('Steel - Satin',0.627450980392157,0.627450980392157,0.627450980392157);
ENDSEC;
END-ISO-10303-21;
