ISO-10303-21;
HEADER;
/* Generated by software containing ST-Developer
 * from STEP Tools, Inc. (www.steptools.com) 
 */

FILE_DESCRIPTION(
/* description */ (''),
/* implementation_level */ '2;1');

FILE_NAME(
/* name */ 's-l1200.step',
/* time_stamp */ '2026-08-08T17:21:48+03:00',
/* author */ (''),
/* organization */ (''),
/* preprocessor_version */ 'ST-DEVELOPER v20.1',
/* originating_system */ 'Autodesk Translation Framework v15.8.0.0',
/* authorisation */ '');

FILE_SCHEMA (('AUTOMOTIVE_DESIGN { 1 0 10303 214 3 1 1 }'));
ENDSEC;

DATA;
#10=MECHANICAL_DESIGN_GEOMETRIC_PRESENTATION_REPRESENTATION('',(#13),#2720);
#11=SHAPE_REPRESENTATION_RELATIONSHIP('SRR','None',#2727,#12);
#12=ADVANCED_BREP_SHAPE_REPRESENTATION('',(#14),#2719);
#13=STYLED_ITEM('',(#2736),#14);
#14=MANIFOLD_SOLID_BREP('Body1',#1023);
#15=CONICAL_SURFACE('',#1068,3.,0.785398163397448);
#16=CONICAL_SURFACE('',#1094,0.4,0.785398163397448);
#17=FACE_BOUND('',#140,.T.);
#18=FACE_BOUND('',#167,.T.);
#19=FACE_BOUND('',#177,.T.);
#20=B_SPLINE_SURFACE_WITH_KNOTS('',3,3,((#1877,#1878,#1879,#1880,#1881,
#1882,#1883,#1884,#1885,#1886,#1887,#1888,#1889,#1890,#1891,#1892,#1893,
#1894,#1895,#1896,#1897,#1898,#1899,#1900,#1901,#1902,#1903,#1904,#1905,
#1906,#1907,#1908,#1909,#1910,#1911,#1912,#1913,#1914,#1915,#1916,#1917),
(#1918,#1919,#1920,#1921,#1922,#1923,#1924,#1925,#1926,#1927,#1928,#1929,
#1930,#1931,#1932,#1933,#1934,#1935,#1936,#1937,#1938,#1939,#1940,#1941,
#1942,#1943,#1944,#1945,#1946,#1947,#1948,#1949,#1950,#1951,#1952,#1953,
#1954,#1955,#1956,#1957,#1958),(#1959,#1960,#1961,#1962,#1963,#1964,#1965,
#1966,#1967,#1968,#1969,#1970,#1971,#1972,#1973,#1974,#1975,#1976,#1977,
#1978,#1979,#1980,#1981,#1982,#1983,#1984,#1985,#1986,#1987,#1988,#1989,
#1990,#1991,#1992,#1993,#1994,#1995,#1996,#1997,#1998,#1999),(#2000,#2001,
#2002,#2003,#2004,#2005,#2006,#2007,#2008,#2009,#2010,#2011,#2012,#2013,
#2014,#2015,#2016,#2017,#2018,#2019,#2020,#2021,#2022,#2023,#2024,#2025,
#2026,#2027,#2028,#2029,#2030,#2031,#2032,#2033,#2034,#2035,#2036,#2037,
#2038,#2039,#2040)),.UNSPECIFIED.,.F.,.F.,.F.,(4,4),(4,1,1,1,1,1,1,1,1,
1,1,1,1,1,1,1,1,1,1,1,1,1,1,1,1,1,1,1,1,1,1,1,1,1,1,1,1,1,4),(0.,0.0461476070163268),
(8.30488641045219,9.30422893152553,10.3035714525989,11.3029139736722,12.3022564947455,
13.3015990158189,14.3009415368922,15.3002840579656,16.2996265790389,17.2989691001122,
18.2983116211856,19.2976541422589,20.2969966633322,21.2963391844056,22.2956817054789,
23.2950242265523,24.2943667476256,25.2937092686989,26.2930517897723,27.2923943108456,
28.2917368319189,29.2910793529923,30.2904218740656,31.2897643951389,32.2891069162123,
33.2884494372856,34.287791958359,35.2871344794323,36.2864770005056,37.285819521579,
38.2851620426523,39.2845045637256,40.283847084799,41.2831896058723,42.2825321269457,
43.281874648019,44.2812171690923,45.2805596901657,46.279902211239),
 .UNSPECIFIED.);
#21=B_SPLINE_SURFACE_WITH_KNOTS('',3,3,((#2266,#2267,#2268,#2269,#2270,
#2271,#2272,#2273,#2274,#2275,#2276,#2277,#2278,#2279,#2280,#2281,#2282,
#2283,#2284,#2285,#2286,#2287,#2288,#2289,#2290,#2291,#2292,#2293,#2294,
#2295,#2296,#2297,#2298,#2299,#2300,#2301,#2302,#2303,#2304,#2305,#2306),
(#2307,#2308,#2309,#2310,#2311,#2312,#2313,#2314,#2315,#2316,#2317,#2318,
#2319,#2320,#2321,#2322,#2323,#2324,#2325,#2326,#2327,#2328,#2329,#2330,
#2331,#2332,#2333,#2334,#2335,#2336,#2337,#2338,#2339,#2340,#2341,#2342,
#2343,#2344,#2345,#2346,#2347),(#2348,#2349,#2350,#2351,#2352,#2353,#2354,
#2355,#2356,#2357,#2358,#2359,#2360,#2361,#2362,#2363,#2364,#2365,#2366,
#2367,#2368,#2369,#2370,#2371,#2372,#2373,#2374,#2375,#2376,#2377,#2378,
#2379,#2380,#2381,#2382,#2383,#2384,#2385,#2386,#2387,#2388),(#2389,#2390,
#2391,#2392,#2393,#2394,#2395,#2396,#2397,#2398,#2399,#2400,#2401,#2402,
#2403,#2404,#2405,#2406,#2407,#2408,#2409,#2410,#2411,#2412,#2413,#2414,
#2415,#2416,#2417,#2418,#2419,#2420,#2421,#2422,#2423,#2424,#2425,#2426,
#2427,#2428,#2429)),.UNSPECIFIED.,.F.,.F.,.F.,(4,4),(4,1,1,1,1,1,1,1,1,
1,1,1,1,1,1,1,1,1,1,1,1,1,1,1,1,1,1,1,1,1,1,1,1,1,1,1,1,1,4),(0.,0.0461476070163268),
(11.6151624049158,12.6145049259891,13.6138474470624,14.6131899681358,15.6125324892091,
16.6118750102825,17.6112175313558,18.6105600524291,19.6099025735025,20.6092450945758,
21.6085876156491,22.6079301367225,23.6072726577958,24.6066151788692,25.6059576999425,
26.6053002210158,27.6046427420892,28.6039852631625,29.6033277842358,30.6026703053092,
31.6020128263825,32.6013553474559,33.6006978685292,34.6000403896025,35.5993829106759,
36.5987254317492,37.5980679528225,38.5974104738959,39.5967529949692,40.5960955160426,
41.5954380371159,42.5947805581892,43.5941230792626,44.5934656003359,45.5928081214092,
46.5921506424826,47.5914931635559,48.5908356846293,49.5901782057026),
 .UNSPECIFIED.);
#22=PLANE('',#1052);
#23=PLANE('',#1055);
#24=PLANE('',#1063);
#25=PLANE('',#1067);
#26=PLANE('',#1074);
#27=PLANE('',#1075);
#28=PLANE('',#1076);
#29=PLANE('',#1077);
#30=PLANE('',#1080);
#31=PLANE('',#1081);
#32=PLANE('',#1082);
#33=PLANE('',#1083);
#34=PLANE('',#1084);
#35=PLANE('',#1085);
#36=PLANE('',#1086);
#37=PLANE('',#1087);
#38=PLANE('',#1088);
#39=PLANE('',#1089);
#40=PLANE('',#1090);
#41=PLANE('',#1091);
#42=PLANE('',#1092);
#43=PLANE('',#1093);
#44=PLANE('',#1099);
#45=PLANE('',#1100);
#46=PLANE('',#1101);
#47=PLANE('',#1102);
#48=PLANE('',#1103);
#49=PLANE('',#1104);
#50=PLANE('',#1105);
#51=PLANE('',#1106);
#52=PLANE('',#1107);
#53=PLANE('',#1108);
#54=PLANE('',#1109);
#55=PLANE('',#1110);
#56=PLANE('',#1111);
#57=PLANE('',#1115);
#58=PLANE('',#1118);
#59=FACE_OUTER_BOUND('',#119,.T.);
#60=FACE_OUTER_BOUND('',#120,.T.);
#61=FACE_OUTER_BOUND('',#121,.T.);
#62=FACE_OUTER_BOUND('',#122,.T.);
#63=FACE_OUTER_BOUND('',#123,.T.);
#64=FACE_OUTER_BOUND('',#124,.T.);
#65=FACE_OUTER_BOUND('',#125,.T.);
#66=FACE_OUTER_BOUND('',#126,.T.);
#67=FACE_OUTER_BOUND('',#127,.T.);
#68=FACE_OUTER_BOUND('',#128,.T.);
#69=FACE_OUTER_BOUND('',#129,.T.);
#70=FACE_OUTER_BOUND('',#130,.T.);
#71=FACE_OUTER_BOUND('',#131,.T.);
#72=FACE_OUTER_BOUND('',#132,.T.);
#73=FACE_OUTER_BOUND('',#133,.T.);
#74=FACE_OUTER_BOUND('',#134,.T.);
#75=FACE_OUTER_BOUND('',#135,.T.);
#76=FACE_OUTER_BOUND('',#136,.T.);
#77=FACE_OUTER_BOUND('',#137,.T.);
#78=FACE_OUTER_BOUND('',#138,.T.);
#79=FACE_OUTER_BOUND('',#139,.T.);
#80=FACE_OUTER_BOUND('',#141,.T.);
#81=FACE_OUTER_BOUND('',#142,.T.);
#82=FACE_OUTER_BOUND('',#143,.T.);
#83=FACE_OUTER_BOUND('',#144,.T.);
#84=FACE_OUTER_BOUND('',#145,.T.);
#85=FACE_OUTER_BOUND('',#146,.T.);
#86=FACE_OUTER_BOUND('',#147,.T.);
#87=FACE_OUTER_BOUND('',#148,.T.);
#88=FACE_OUTER_BOUND('',#149,.T.);
#89=FACE_OUTER_BOUND('',#150,.T.);
#90=FACE_OUTER_BOUND('',#151,.T.);
#91=FACE_OUTER_BOUND('',#152,.T.);
#92=FACE_OUTER_BOUND('',#153,.T.);
#93=FACE_OUTER_BOUND('',#154,.T.);
#94=FACE_OUTER_BOUND('',#155,.T.);
#95=FACE_OUTER_BOUND('',#156,.T.);
#96=FACE_OUTER_BOUND('',#157,.T.);
#97=FACE_OUTER_BOUND('',#158,.T.);
#98=FACE_OUTER_BOUND('',#159,.T.);
#99=FACE_OUTER_BOUND('',#160,.T.);
#100=FACE_OUTER_BOUND('',#161,.T.);
#101=FACE_OUTER_BOUND('',#162,.T.);
#102=FACE_OUTER_BOUND('',#163,.T.);
#103=FACE_OUTER_BOUND('',#164,.T.);
#104=FACE_OUTER_BOUND('',#165,.T.);
#105=FACE_OUTER_BOUND('',#166,.T.);
#106=FACE_OUTER_BOUND('',#168,.T.);
#107=FACE_OUTER_BOUND('',#169,.T.);
#108=FACE_OUTER_BOUND('',#170,.T.);
#109=FACE_OUTER_BOUND('',#171,.T.);
#110=FACE_OUTER_BOUND('',#172,.T.);
#111=FACE_OUTER_BOUND('',#173,.T.);
#112=FACE_OUTER_BOUND('',#174,.T.);
#113=FACE_OUTER_BOUND('',#175,.T.);
#114=FACE_OUTER_BOUND('',#176,.T.);
#115=FACE_OUTER_BOUND('',#178,.T.);
#116=FACE_OUTER_BOUND('',#179,.T.);
#117=FACE_OUTER_BOUND('',#180,.T.);
#118=FACE_OUTER_BOUND('',#181,.T.);
#119=EDGE_LOOP('',(#652,#653,#654,#655));
#120=EDGE_LOOP('',(#656,#657,#658,#659));
#121=EDGE_LOOP('',(#660,#661,#662,#663));
#122=EDGE_LOOP('',(#664,#665,#666,#667));
#123=EDGE_LOOP('',(#668,#669,#670,#671));
#124=EDGE_LOOP('',(#672,#673,#674,#675));
#125=EDGE_LOOP('',(#676,#677,#678));
#126=EDGE_LOOP('',(#679,#680,#681,#682,#683));
#127=EDGE_LOOP('',(#684,#685,#686,#687));
#128=EDGE_LOOP('',(#688,#689,#690,#691));
#129=EDGE_LOOP('',(#692,#693,#694,#695));
#130=EDGE_LOOP('',(#696,#697,#698,#699));
#131=EDGE_LOOP('',(#700,#701,#702,#703,#704,#705));
#132=EDGE_LOOP('',(#706,#707,#708,#709,#710,#711,#712,#713,#714,#715,#716,
#717,#718,#719,#720,#721,#722));
#133=EDGE_LOOP('',(#723,#724,#725,#726,#727));
#134=EDGE_LOOP('',(#728,#729,#730,#731));
#135=EDGE_LOOP('',(#732,#733,#734,#735,#736,#737,#738,#739,#740,#741,#742,
#743,#744,#745,#746,#747,#748,#749));
#136=EDGE_LOOP('',(#750,#751,#752,#753));
#137=EDGE_LOOP('',(#754));
#138=EDGE_LOOP('',(#755,#756,#757,#758));
#139=EDGE_LOOP('',(#759));
#140=EDGE_LOOP('',(#760));
#141=EDGE_LOOP('',(#761,#762,#763,#764,#765,#766,#767));
#142=EDGE_LOOP('',(#768,#769,#770,#771));
#143=EDGE_LOOP('',(#772,#773,#774,#775));
#144=EDGE_LOOP('',(#776,#777,#778,#779));
#145=EDGE_LOOP('',(#780,#781,#782,#783));
#146=EDGE_LOOP('',(#784,#785,#786,#787,#788,#789));
#147=EDGE_LOOP('',(#790,#791,#792,#793));
#148=EDGE_LOOP('',(#794,#795,#796,#797));
#149=EDGE_LOOP('',(#798,#799,#800,#801));
#150=EDGE_LOOP('',(#802,#803,#804,#805));
#151=EDGE_LOOP('',(#806,#807,#808,#809));
#152=EDGE_LOOP('',(#810,#811,#812,#813,#814,#815,#816,#817,#818));
#153=EDGE_LOOP('',(#819,#820,#821,#822));
#154=EDGE_LOOP('',(#823,#824,#825,#826));
#155=EDGE_LOOP('',(#827,#828,#829,#830));
#156=EDGE_LOOP('',(#831,#832,#833,#834));
#157=EDGE_LOOP('',(#835,#836,#837,#838));
#158=EDGE_LOOP('',(#839,#840,#841,#842,#843,#844,#845,#846,#847));
#159=EDGE_LOOP('',(#848,#849,#850,#851));
#160=EDGE_LOOP('',(#852,#853,#854,#855));
#161=EDGE_LOOP('',(#856,#857,#858,#859));
#162=EDGE_LOOP('',(#860,#861,#862,#863));
#163=EDGE_LOOP('',(#864));
#164=EDGE_LOOP('',(#865,#866,#867,#868));
#165=EDGE_LOOP('',(#869,#870,#871,#872,#873));
#166=EDGE_LOOP('',(#874,#875,#876,#877,#878,#879,#880,#881,#882,#883,#884,
#885,#886,#887,#888,#889));
#167=EDGE_LOOP('',(#890));
#168=EDGE_LOOP('',(#891,#892,#893,#894));
#169=EDGE_LOOP('',(#895,#896,#897,#898));
#170=EDGE_LOOP('',(#899,#900,#901,#902,#903));
#171=EDGE_LOOP('',(#904,#905,#906,#907));
#172=EDGE_LOOP('',(#908,#909,#910,#911));
#173=EDGE_LOOP('',(#912,#913,#914,#915));
#174=EDGE_LOOP('',(#916,#917,#918,#919));
#175=EDGE_LOOP('',(#920,#921,#922,#923));
#176=EDGE_LOOP('',(#924));
#177=EDGE_LOOP('',(#925));
#178=EDGE_LOOP('',(#926,#927,#928,#929,#930,#931));
#179=EDGE_LOOP('',(#932,#933,#934,#935));
#180=EDGE_LOOP('',(#936,#937,#938,#939));
#181=EDGE_LOOP('',(#940,#941,#942,#943));
#182=CIRCLE('',#1038,2.954);
#183=CIRCLE('',#1045,2.55435);
#184=CIRCLE('',#1047,2.55435);
#185=CIRCLE('',#1053,2.75);
#186=CIRCLE('',#1054,2.75);
#187=CIRCLE('',#1056,2.75);
#188=CIRCLE('',#1057,2.75);
#189=CIRCLE('',#1058,2.55435);
#190=CIRCLE('',#1061,0.45);
#191=CIRCLE('',#1062,0.45);
#192=CIRCLE('',#1065,2.25);
#193=CIRCLE('',#1066,2.25);
#194=CIRCLE('',#1069,3.25);
#195=CIRCLE('',#1070,2.75);
#196=CIRCLE('',#1071,3.25);
#197=CIRCLE('',#1072,3.25);
#198=CIRCLE('',#1073,3.25);
#199=CIRCLE('',#1079,2.75);
#200=CIRCLE('',#1095,0.35);
#201=CIRCLE('',#1096,0.45);
#202=CIRCLE('',#1098,0.45);
#203=CIRCLE('',#1112,2.75);
#204=CIRCLE('',#1114,2.75);
#205=CIRCLE('',#1117,2.954);
#206=B_SPLINE_CURVE_WITH_KNOTS('',3,(#1378,#1379,#1380,#1381,#1382,#1383,
#1384,#1385,#1386,#1387),.UNSPECIFIED.,.F.,.F.,(4,3,3,4),(-4.0928008630332,
-3.99737008429335,-2.99802756322001,-2.07109975976059),.UNSPECIFIED.);
#207=B_SPLINE_CURVE_WITH_KNOTS('',3,(#1390,#1391,#1392,#1393,#1394,#1395,
#1396),.UNSPECIFIED.,.F.,.F.,(4,3,4),(0.,0.999342521073338,1.11989155031719),
 .UNSPECIFIED.);
#208=B_SPLINE_CURVE_WITH_KNOTS('',3,(#1401,#1402,#1403,#1404,#1405,#1406,
#1407,#1408,#1409,#1410,#1411,#1412,#1413,#1414,#1415,#1416,#1417,#1418,
#1419,#1420,#1421,#1422),.UNSPECIFIED.,.F.,.F.,(4,3,3,3,3,3,3,4),(-10.3759861702128,
-9.99342521073338,-8.99408268966004,-7.9947401685867,-6.99539764751336,
-5.99605512644002,-4.99671260536669,-4.0928008630332),.UNSPECIFIED.);
#209=B_SPLINE_CURVE_WITH_KNOTS('',3,(#1423,#1424,#1425,#1426,#1427,#1428,
#1429,#1430,#1431,#1432,#1433,#1434,#1435,#1436,#1437,#1438,#1439,#1440,
#1441,#1442,#1443,#1444),.UNSPECIFIED.,.F.,.F.,(4,3,3,3,3,3,3,4),(1.11989155031719,
1.99868504214667,2.99802756322001,3.99737008429335,4.99671260536669,5.99605512644002,
6.99539764751336,7.40307685749677),.UNSPECIFIED.);
#210=B_SPLINE_CURVE_WITH_KNOTS('',3,(#1449,#1450,#1451,#1452,#1453,#1454,
#1455,#1456,#1457,#1458,#1459,#1460,#1461,#1462,#1463,#1464,#1465,#1466,
#1467,#1468,#1469,#1470),.UNSPECIFIED.,.F.,.F.,(4,3,3,3,3,3,3,4),(-16.6591714773924,
-15.9894803371734,-14.9901378161001,-13.9907952950267,-12.9914527739534,
-11.9921102528801,-10.9927677318067,-10.3759861702128),.UNSPECIFIED.);
#211=B_SPLINE_CURVE_WITH_KNOTS('',3,(#1471,#1472,#1473,#1474,#1475,#1476,
#1477,#1478,#1479,#1480,#1481,#1482,#1483,#1484,#1485,#1486,#1487,#1488,
#1489,#1490,#1491,#1492),.UNSPECIFIED.,.F.,.F.,(4,3,3,3,3,3,3,4),(7.40307685749677,
7.9947401685867,8.99408268966003,9.99342521073337,10.9927677318067,11.99211025288,
12.9914527739534,13.6862621646764),.UNSPECIFIED.);
#212=B_SPLINE_CURVE_WITH_KNOTS('',3,(#1497,#1498,#1499,#1500,#1501,#1502,
#1503,#1504,#1505,#1506,#1507,#1508,#1509,#1510,#1511,#1512,#1513,#1514,
#1515,#1516,#1517,#1518),.UNSPECIFIED.,.F.,.F.,(4,3,3,3,3,3,3,4),(-22.9423567845719,
-21.9855354636134,-20.9861929425401,-19.9868504214667,-18.9875079003934,
-17.9881653793201,-16.9888228582467,-16.6591714773924),.UNSPECIFIED.);
#213=B_SPLINE_CURVE_WITH_KNOTS('',3,(#1519,#1520,#1521,#1522,#1523,#1524,
#1525,#1526,#1527,#1528,#1529,#1530,#1531,#1532,#1533,#1534,#1535,#1536,
#1537,#1538,#1539,#1540),.UNSPECIFIED.,.F.,.F.,(4,3,3,3,3,3,3,4),(13.6862621646764,
13.9907952950267,14.9901378161001,15.9894803371734,16.9888228582467,17.9881653793201,
18.9875079003934,19.9694474718559),.UNSPECIFIED.);
#214=B_SPLINE_CURVE_WITH_KNOTS('',3,(#1545,#1546,#1547,#1548,#1549,#1550,
#1551,#1552,#1553,#1554,#1555,#1556,#1557,#1558,#1559,#1560,#1561,#1562,
#1563,#1564,#1565,#1566,#1567,#1568,#1569),.UNSPECIFIED.,.F.,.F.,(4,3,3,
3,3,3,3,3,4),(-29.2255420917515,-28.9809331111268,-27.9815905900535,-26.9822480689801,
-25.9829055479068,-24.9835630268334,-23.9842205057601,-22.9848779846868,
-22.9423567845719),.UNSPECIFIED.);
#215=B_SPLINE_CURVE_WITH_KNOTS('',3,(#1570,#1571,#1572,#1573,#1574,#1575,
#1576,#1577,#1578,#1579,#1580,#1581,#1582,#1583,#1584,#1585,#1586,#1587,
#1588,#1589,#1590,#1591,#1592,#1593,#1594),.UNSPECIFIED.,.F.,.F.,(4,3,3,
3,3,3,3,3,4),(19.9694474718559,19.9868504214667,20.9861929425401,21.9855354636134,
22.9848779846868,23.9842205057601,24.9835630268334,25.9829055479068,26.2526327790355),
 .UNSPECIFIED.);
#216=B_SPLINE_CURVE_WITH_KNOTS('',3,(#1599,#1600,#1601,#1602,#1603,#1604,
#1605,#1606,#1607,#1608,#1609,#1610,#1611,#1612,#1613,#1614,#1615,#1616,
#1617,#1618,#1619,#1620),.UNSPECIFIED.,.F.,.F.,(4,3,3,3,3,3,3,4),(-35.5087273989311,
-34.9769882375668,-33.9776457164935,-32.9783031954201,-31.9789606743468,
-30.9796181532735,-29.9802756322001,-29.2255420917515),.UNSPECIFIED.);
#217=B_SPLINE_CURVE_WITH_KNOTS('',3,(#1621,#1622,#1623,#1624,#1625,#1626,
#1627,#1628,#1629,#1630,#1631,#1632,#1633,#1634,#1635,#1636,#1637,#1638,
#1639,#1640,#1641,#1642),.UNSPECIFIED.,.F.,.F.,(4,3,3,3,3,3,3,4),(26.2526327790355,
26.9822480689801,27.9815905900535,28.9809331111268,29.9802756322001,30.9796181532735,
31.9789606743468,32.5358180862151),.UNSPECIFIED.);
#218=B_SPLINE_CURVE_WITH_KNOTS('',3,(#1648,#1649,#1650,#1651),
 .UNSPECIFIED.,.F.,.F.,(4,4),(47.1238898038469,47.519078445942),
 .UNSPECIFIED.);
#219=B_SPLINE_CURVE_WITH_KNOTS('',3,(#1657,#1658,#1659,#1660,#1661,#1662,
#1663,#1664,#1665,#1666),.UNSPECIFIED.,.F.,.F.,(4,1,1,1,1,1,1,4),(40.8407044966673,
41.5954380371159,42.5947805581892,43.5941230792626,44.5934656003359,45.5928081214092,
46.5921506424826,47.1238898038469),.UNSPECIFIED.);
#220=B_SPLINE_CURVE_WITH_KNOTS('',3,(#1669,#1670,#1671,#1672,#1673,#1674,
#1675,#1676,#1677),.UNSPECIFIED.,.F.,.F.,(4,1,1,1,1,1,4),(40.8407044966673,
41.2831896058723,42.2825321269457,43.281874648019,44.2812171690923,45.2805596901657,
46.279902211239),.UNSPECIFIED.);
#221=B_SPLINE_CURVE_WITH_KNOTS('',3,(#1682,#1683,#1684,#1685,#1686,#1687,
#1688,#1689,#1690,#1691,#1692),.UNSPECIFIED.,.F.,.F.,(4,1,1,1,1,1,1,1,4),
(34.5575191894877,34.6000403896025,35.5993829106759,36.5987254317492,37.5980679528225,
38.5974104738959,39.5967529949692,40.5960955160426,40.8407044966673),
 .UNSPECIFIED.);
#222=B_SPLINE_CURVE_WITH_KNOTS('',3,(#1693,#1694,#1695,#1696,#1697,#1698,
#1699,#1700,#1701,#1702),.UNSPECIFIED.,.F.,.F.,(4,1,1,1,1,1,1,4),(34.5575191894877,
35.2871344794323,36.2864770005056,37.285819521579,38.2851620426523,39.2845045637256,
40.283847084799,40.8407044966673),.UNSPECIFIED.);
#223=B_SPLINE_CURVE_WITH_KNOTS('',3,(#1707,#1708,#1709,#1710,#1711,#1712,
#1713,#1714,#1715,#1716),.UNSPECIFIED.,.F.,.F.,(4,1,1,1,1,1,1,4),(28.2743338823081,
28.6039852631625,29.6033277842358,30.6026703053092,31.6020128263825,32.6013553474559,
33.6006978685292,34.5575191894877),.UNSPECIFIED.);
#224=B_SPLINE_CURVE_WITH_KNOTS('',3,(#1717,#1718,#1719,#1720,#1721,#1722,
#1723,#1724,#1725,#1726,#1727),.UNSPECIFIED.,.F.,.F.,(4,1,1,1,1,1,1,1,4),
(28.2743338823081,28.2917368319189,29.2910793529923,30.2904218740656,31.2897643951389,
32.2891069162123,33.2884494372856,34.287791958359,34.5575191894877),
 .UNSPECIFIED.);
#225=B_SPLINE_CURVE_WITH_KNOTS('',3,(#1732,#1733,#1734,#1735,#1736,#1737,
#1738,#1739,#1740,#1741),.UNSPECIFIED.,.F.,.F.,(4,1,1,1,1,1,1,4),(21.9911485751285,
22.6079301367225,23.6072726577958,24.6066151788692,25.6059576999425,26.6053002210158,
27.6046427420892,28.2743338823081),.UNSPECIFIED.);
#226=B_SPLINE_CURVE_WITH_KNOTS('',3,(#1742,#1743,#1744,#1745,#1746,#1747,
#1748,#1749,#1750,#1751),.UNSPECIFIED.,.F.,.F.,(4,1,1,1,1,1,1,4),(21.9911485751286,
22.2956817054789,23.2950242265523,24.2943667476256,25.2937092686989,26.2930517897723,
27.2923943108456,28.2743338823081),.UNSPECIFIED.);
#227=B_SPLINE_CURVE_WITH_KNOTS('',3,(#1756,#1757,#1758,#1759,#1760,#1761,
#1762,#1763,#1764,#1765),.UNSPECIFIED.,.F.,.F.,(4,1,1,1,1,1,1,4),(15.7079632679489,
16.6118750102825,17.6112175313558,18.6105600524291,19.6099025735025,20.6092450945758,
21.6085876156491,21.9911485751285),.UNSPECIFIED.);
#228=B_SPLINE_CURVE_WITH_KNOTS('',3,(#1766,#1767,#1768,#1769,#1770,#1771,
#1772,#1773,#1774,#1775),.UNSPECIFIED.,.F.,.F.,(4,1,1,1,1,1,1,4),(15.707963267949,
16.2996265790389,17.2989691001122,18.2983116211856,19.2976541422589,20.2969966633322,
21.2963391844056,21.9911485751286),.UNSPECIFIED.);
#229=B_SPLINE_CURVE_WITH_KNOTS('',3,(#1782,#1783,#1784,#1785,#1786,#1787,
#1788,#1789,#1790,#1791,#1792,#1793,#1794,#1795,#1796,#1797,#1798,#1799,
#1800,#1801,#1802,#1803,#1804,#1805,#1806,#1807,#1808,#1809,#1810,#1811,
#1812,#1813,#1814,#1815,#1816,#1817,#1818,#1819,#1820,#1821,#1822,#1823,
#1824),.UNSPECIFIED.,.F.,.F.,(4,3,3,3,3,3,3,3,3,3,3,3,3,3,4),(-0.270284474620439,
-0.266256980518302,-0.238008223125652,-0.208257195234946,-0.203942478453996,
-0.176167898251219,-0.148247822549607,-0.120618451664266,-0.105541145206233,
-0.100931277809442,-0.096904423164382,-0.0697644118768341,-0.0430106558602883,
-0.0171134518532092,0.),.UNSPECIFIED.);
#230=B_SPLINE_CURVE_WITH_KNOTS('',3,(#1825,#1826,#1827,#1828,#1829,#1830,
#1831,#1832,#1833,#1834,#1835,#1836,#1837,#1838,#1839,#1840,#1841,#1842,
#1843,#1844,#1845,#1846,#1847,#1848,#1849,#1850,#1851,#1852,#1853,#1854,
#1855,#1856,#1857,#1858,#1859,#1860,#1861,#1862,#1863,#1864,#1865,#1866,
#1867,#1868,#1869,#1870,#1871,#1872,#1873,#1874,#1875,#1876),
 .UNSPECIFIED.,.F.,.F.,(4,3,3,3,3,3,3,3,3,3,3,3,3,3,3,3,3,4),(-0.574228851017627,
-0.555561378820027,-0.529328641801146,-0.515209526950874,-0.50861026986043,
-0.503284559644226,-0.476125856963584,-0.454537975367735,-0.44385103079043,
-0.438184939216741,-0.433301674918104,-0.405485779197553,-0.377259783759668,
-0.349276950741644,-0.337766351636539,-0.332738050700396,-0.328709457509963,
-0.303422804196791),.UNSPECIFIED.);
#231=B_SPLINE_CURVE_WITH_KNOTS('',3,(#2042,#2043,#2044,#2045,#2046,#2047,
#2048,#2049,#2050,#2051,#2052,#2053,#2054,#2055,#2056,#2057,#2058,#2059,
#2060,#2061,#2062,#2063,#2064,#2065,#2066,#2067,#2068,#2069,#2070,#2071,
#2072,#2073,#2074,#2075,#2076,#2077,#2078,#2079,#2080,#2081,#2082,#2083,
#2084,#2085,#2086,#2087),.UNSPECIFIED.,.F.,.F.,(4,3,3,3,3,3,3,3,3,3,3,3,
3,3,3,4),(0.,0.0214217307251324,0.0506835334640941,0.0805124259004233,0.10837622318683,
0.113688086165156,0.117910395429228,0.147219414066588,0.176530406658719,
0.205401344525333,0.217654026983626,0.223555970223128,0.227730079339011,
0.256258117693291,0.28404668080314,0.303422804191678),.UNSPECIFIED.);
#232=B_SPLINE_CURVE_WITH_KNOTS('',3,(#2088,#2089,#2090,#2091,#2092,#2093,
#2094,#2095,#2096,#2097,#2098,#2099,#2100),.UNSPECIFIED.,.F.,.F.,(4,3,3,
3,4),(32.5358180862151,32.9783031954201,33.9776457164935,34.9769882375668,
35.9039160410262),.UNSPECIFIED.);
#233=B_SPLINE_CURVE_WITH_KNOTS('',3,(#2102,#2103,#2104,#2105,#2106,#2107,
#2108,#2109,#2110,#2111,#2112,#2113,#2114,#2115,#2116,#2117,#2118,#2119,
#2120,#2121,#2122,#2123,#2124,#2125,#2126,#2127,#2128,#2129,#2130,#2131,
#2132,#2133,#2134,#2135,#2136,#2137,#2138,#2139,#2140,#2141,#2142,#2143,
#2144),.UNSPECIFIED.,.F.,.F.,(4,3,3,3,3,3,3,3,3,3,3,3,3,3,4),(0.270284474621635,
0.286300782257238,0.311365031480465,0.3389361471319,0.368128771370443,0.397115831389276,
0.420487109592125,0.425433198905196,0.454845357770108,0.484253303587642,
0.49299124894257,0.499744791610923,0.529626830405753,0.558992210825337,
0.572477141040245),.UNSPECIFIED.);
#234=B_SPLINE_CURVE_WITH_KNOTS('',3,(#2146,#2147,#2148,#2149,#2150,#2151,
#2152,#2153,#2154,#2155,#2156,#2157,#2158,#2159,#2160,#2161,#2162,#2163,
#2164,#2165,#2166,#2167,#2168,#2169,#2170,#2171,#2172,#2173,#2174,#2175,
#2176,#2177,#2178,#2179,#2180,#2181,#2182,#2183,#2184,#2185,#2186,#2187,
#2188,#2189,#2190,#2191,#2192,#2193,#2194,#2195,#2196,#2197),
 .UNSPECIFIED.,.F.,.F.,(4,3,3,3,3,3,3,3,3,3,3,3,3,3,3,3,3,4),(-0.574228851017615,
-0.555561378820019,-0.529328619809124,-0.515209506333353,-0.50861020437584,
-0.503284550432114,-0.476125834666535,-0.454537955857817,-0.443851014310591,
-0.438184713992746,-0.433301639425108,-0.405485734114812,-0.377259739649339,
-0.349276904712365,-0.33776629290397,-0.332737989357518,-0.32870943792234,
-0.303422804196785),.UNSPECIFIED.);
#235=B_SPLINE_CURVE_WITH_KNOTS('',3,(#2198,#2199,#2200,#2201,#2202,#2203,
#2204,#2205,#2206),.UNSPECIFIED.,.F.,.F.,(4,1,1,1,1,1,4),(10.3759861702128,
11.3029139736722,12.3022564947455,13.3015990158189,14.3009415368922,15.3002840579656,
15.707963267949),.UNSPECIFIED.);
#236=B_SPLINE_CURVE_WITH_KNOTS('',3,(#2213,#2214,#2215,#2216,#2217,#2218,
#2219,#2220,#2221,#2222,#2223,#2224,#2225,#2226,#2227,#2228,#2229,#2230,
#2231,#2232,#2233,#2234,#2235,#2236,#2237,#2238,#2239,#2240,#2241,#2242,
#2243,#2244,#2245,#2246,#2247,#2248,#2249,#2250,#2251,#2252,#2253,#2254,
#2255),.UNSPECIFIED.,.F.,.F.,(4,3,3,3,3,3,3,3,3,3,3,3,3,3,4),(-0.270284474620439,
-0.2662569805183,-0.238008239619407,-0.208257209666981,-0.20394249225707,
-0.176167924822442,-0.148247845135407,-0.120618451106124,-0.105541144717859,
-0.100931274663378,-0.0969044213095905,-0.0697643913599491,-0.0430106036295029,
-0.0171133559363245,0.),.UNSPECIFIED.);
#237=B_SPLINE_CURVE_WITH_KNOTS('',3,(#2258,#2259,#2260,#2261,#2262,#2263,
#2264,#2265),.UNSPECIFIED.,.F.,.F.,(4,1,1,1,1,4),(11.6151624049158,12.6145049259891,
13.6138474470624,14.6131899681358,15.6125324892091,15.7079632679489),
 .UNSPECIFIED.);
#238=B_SPLINE_CURVE_WITH_KNOTS('',3,(#2430,#2431,#2432,#2433,#2434,#2435,
#2436,#2437,#2438,#2439,#2440,#2441,#2442,#2443,#2444,#2445,#2446,#2447,
#2448,#2449,#2450,#2451,#2452,#2453,#2454,#2455,#2456,#2457,#2458,#2459,
#2460,#2461,#2462,#2463,#2464,#2465,#2466,#2467,#2468,#2469,#2470,#2471,
#2472,#2473,#2474,#2475),.UNSPECIFIED.,.F.,.F.,(4,3,3,3,3,3,3,3,3,3,3,3,
3,3,3,4),(0.,0.021421730725127,0.0506835256591635,0.0805124177240786,0.108376216032528,
0.113688031919309,0.117910380423122,0.147219399144004,0.176530388031446,
0.205401311505517,0.217653998091286,0.22355587004806,0.227729994346368,
0.256258024655347,0.284046564408639,0.303422804191674),.UNSPECIFIED.);
#239=B_SPLINE_CURVE_WITH_KNOTS('',3,(#2477,#2478,#2479,#2480,#2481,#2482,
#2483,#2484,#2485,#2486),.UNSPECIFIED.,.F.,.F.,(4,3,3,4),(-37.9750158007868,
-36.9756732797135,-35.9763307586401,-35.5087273989311),.UNSPECIFIED.);
#240=B_SPLINE_CURVE_WITH_KNOTS('',3,(#2487,#2488,#2489,#2490,#2491,#2492,
#2493,#2494,#2495,#2496,#2497,#2498,#2499,#2500,#2501,#2502,#2503,#2504,
#2505,#2506,#2507,#2508,#2509,#2510,#2511,#2512,#2513,#2514,#2515,#2516,
#2517,#2518,#2519,#2520,#2521,#2522,#2523,#2524,#2525,#2526,#2527,#2528,
#2529),.UNSPECIFIED.,.F.,.F.,(4,3,3,3,3,3,3,3,3,3,3,3,3,3,4),(0.270284474621639,
0.286300782257247,0.311365031480481,0.338936136600074,0.3681287621551,0.397115815000644,
0.420487067494339,0.425433192549625,0.454845341558047,0.484253291428606,
0.492991180650159,0.49974478117089,0.529626825692804,0.558992236233336,
0.572477141040284),.UNSPECIFIED.);
#241=LINE('',#1376,#328);
#242=LINE('',#1400,#329);
#243=LINE('',#1448,#330);
#244=LINE('',#1496,#331);
#245=LINE('',#1544,#332);
#246=LINE('',#1598,#333);
#247=LINE('',#1646,#334);
#248=LINE('',#1656,#335);
#249=LINE('',#1681,#336);
#250=LINE('',#1706,#337);
#251=LINE('',#1731,#338);
#252=LINE('',#1755,#339);
#253=LINE('',#2534,#340);
#254=LINE('',#2541,#341);
#255=LINE('',#2549,#342);
#256=LINE('',#2558,#343);
#257=LINE('',#2560,#344);
#258=LINE('',#2561,#345);
#259=LINE('',#2564,#346);
#260=LINE('',#2566,#347);
#261=LINE('',#2567,#348);
#262=LINE('',#2570,#349);
#263=LINE('',#2572,#350);
#264=LINE('',#2573,#351);
#265=LINE('',#2576,#352);
#266=LINE('',#2578,#353);
#267=LINE('',#2579,#354);
#268=LINE('',#2582,#355);
#269=LINE('',#2586,#356);
#270=LINE('',#2588,#357);
#271=LINE('',#2590,#358);
#272=LINE('',#2591,#359);
#273=LINE('',#2594,#360);
#274=LINE('',#2596,#361);
#275=LINE('',#2597,#362);
#276=LINE('',#2600,#363);
#277=LINE('',#2602,#364);
#278=LINE('',#2603,#365);
#279=LINE('',#2605,#366);
#280=LINE('',#2606,#367);
#281=LINE('',#2609,#368);
#282=LINE('',#2611,#369);
#283=LINE('',#2612,#370);
#284=LINE('',#2615,#371);
#285=LINE('',#2617,#372);
#286=LINE('',#2618,#373);
#287=LINE('',#2620,#374);
#288=LINE('',#2621,#375);
#289=LINE('',#2626,#376);
#290=LINE('',#2628,#377);
#291=LINE('',#2630,#378);
#292=LINE('',#2631,#379);
#293=LINE('',#2634,#380);
#294=LINE('',#2636,#381);
#295=LINE('',#2637,#382);
#296=LINE('',#2640,#383);
#297=LINE('',#2642,#384);
#298=LINE('',#2643,#385);
#299=LINE('',#2645,#386);
#300=LINE('',#2646,#387);
#301=LINE('',#2649,#388);
#302=LINE('',#2651,#389);
#303=LINE('',#2652,#390);
#304=LINE('',#2654,#391);
#305=LINE('',#2656,#392);
#306=LINE('',#2657,#393);
#307=LINE('',#2660,#394);
#308=LINE('',#2661,#395);
#309=LINE('',#2667,#396);
#310=LINE('',#2671,#397);
#311=LINE('',#2676,#398);
#312=LINE('',#2677,#399);
#313=LINE('',#2680,#400);
#314=LINE('',#2681,#401);
#315=LINE('',#2684,#402);
#316=LINE('',#2685,#403);
#317=LINE('',#2687,#404);
#318=LINE('',#2689,#405);
#319=LINE('',#2690,#406);
#320=LINE('',#2692,#407);
#321=LINE('',#2693,#408);
#322=LINE('',#2694,#409);
#323=LINE('',#2697,#410);
#324=LINE('',#2699,#411);
#325=LINE('',#2702,#412);
#326=LINE('',#2705,#413);
#327=LINE('',#2711,#414);
#328=VECTOR('',#1123,3.25);
#329=VECTOR('',#1128,3.25);
#330=VECTOR('',#1131,3.25);
#331=VECTOR('',#1134,3.25);
#332=VECTOR('',#1137,3.25);
#333=VECTOR('',#1140,3.25);
#334=VECTOR('',#1143,2.55435);
#335=VECTOR('',#1148,2.55435);
#336=VECTOR('',#1153,2.55435);
#337=VECTOR('',#1156,2.55435);
#338=VECTOR('',#1159,2.55435);
#339=VECTOR('',#1162,2.55435);
#340=VECTOR('',#1183,0.45);
#341=VECTOR('',#1192,2.25);
#342=VECTOR('',#1201,3.);
#343=VECTOR('',#1212,10.);
#344=VECTOR('',#1213,10.);
#345=VECTOR('',#1214,10.);
#346=VECTOR('',#1217,10.);
#347=VECTOR('',#1218,10.);
#348=VECTOR('',#1219,10.);
#349=VECTOR('',#1222,10.);
#350=VECTOR('',#1223,10.);
#351=VECTOR('',#1224,10.);
#352=VECTOR('',#1227,10.);
#353=VECTOR('',#1228,10.);
#354=VECTOR('',#1229,10.);
#355=VECTOR('',#1234,2.75);
#356=VECTOR('',#1237,10.);
#357=VECTOR('',#1238,10.);
#358=VECTOR('',#1239,10.);
#359=VECTOR('',#1240,10.);
#360=VECTOR('',#1243,10.);
#361=VECTOR('',#1244,10.);
#362=VECTOR('',#1245,10.);
#363=VECTOR('',#1248,10.);
#364=VECTOR('',#1249,10.);
#365=VECTOR('',#1250,10.);
#366=VECTOR('',#1253,10.);
#367=VECTOR('',#1254,10.);
#368=VECTOR('',#1257,10.);
#369=VECTOR('',#1258,10.);
#370=VECTOR('',#1259,10.);
#371=VECTOR('',#1262,10.);
#372=VECTOR('',#1263,10.);
#373=VECTOR('',#1264,10.);
#374=VECTOR('',#1265,10.);
#375=VECTOR('',#1266,10.);
#376=VECTOR('',#1271,10.);
#377=VECTOR('',#1272,10.);
#378=VECTOR('',#1273,10.);
#379=VECTOR('',#1274,10.);
#380=VECTOR('',#1277,10.);
#381=VECTOR('',#1278,10.);
#382=VECTOR('',#1279,10.);
#383=VECTOR('',#1282,10.);
#384=VECTOR('',#1283,10.);
#385=VECTOR('',#1284,10.);
#386=VECTOR('',#1287,10.);
#387=VECTOR('',#1288,10.);
#388=VECTOR('',#1291,10.);
#389=VECTOR('',#1292,10.);
#390=VECTOR('',#1293,10.);
#391=VECTOR('',#1294,10.);
#392=VECTOR('',#1295,10.);
#393=VECTOR('',#1296,10.);
#394=VECTOR('',#1299,10.);
#395=VECTOR('',#1300,10.);
#396=VECTOR('',#1307,0.4);
#397=VECTOR('',#1312,0.45);
#398=VECTOR('',#1319,10.);
#399=VECTOR('',#1320,10.);
#400=VECTOR('',#1323,10.);
#401=VECTOR('',#1324,10.);
#402=VECTOR('',#1327,10.);
#403=VECTOR('',#1328,10.);
#404=VECTOR('',#1329,10.);
#405=VECTOR('',#1330,10.);
#406=VECTOR('',#1331,10.);
#407=VECTOR('',#1332,10.);
#408=VECTOR('',#1333,10.);
#409=VECTOR('',#1334,10.);
#410=VECTOR('',#1339,10.);
#411=VECTOR('',#1342,10.);
#412=VECTOR('',#1347,10.);
#413=VECTOR('',#1352,10.);
#414=VECTOR('',#1361,2.75);
#415=VERTEX_POINT('',#1374);
#416=VERTEX_POINT('',#1375);
#417=VERTEX_POINT('',#1377);
#418=VERTEX_POINT('',#1388);
#419=VERTEX_POINT('',#1398);
#420=VERTEX_POINT('',#1399);
#421=VERTEX_POINT('',#1446);
#422=VERTEX_POINT('',#1447);
#423=VERTEX_POINT('',#1494);
#424=VERTEX_POINT('',#1495);
#425=VERTEX_POINT('',#1542);
#426=VERTEX_POINT('',#1543);
#427=VERTEX_POINT('',#1596);
#428=VERTEX_POINT('',#1597);
#429=VERTEX_POINT('',#1644);
#430=VERTEX_POINT('',#1645);
#431=VERTEX_POINT('',#1647);
#432=VERTEX_POINT('',#1654);
#433=VERTEX_POINT('',#1655);
#434=VERTEX_POINT('',#1667);
#435=VERTEX_POINT('',#1679);
#436=VERTEX_POINT('',#1680);
#437=VERTEX_POINT('',#1704);
#438=VERTEX_POINT('',#1705);
#439=VERTEX_POINT('',#1729);
#440=VERTEX_POINT('',#1730);
#441=VERTEX_POINT('',#1753);
#442=VERTEX_POINT('',#1754);
#443=VERTEX_POINT('',#1777);
#444=VERTEX_POINT('',#1778);
#445=VERTEX_POINT('',#1780);
#446=VERTEX_POINT('',#2041);
#447=VERTEX_POINT('',#2101);
#448=VERTEX_POINT('',#2145);
#449=VERTEX_POINT('',#2208);
#450=VERTEX_POINT('',#2210);
#451=VERTEX_POINT('',#2212);
#452=VERTEX_POINT('',#2476);
#453=VERTEX_POINT('',#2531);
#454=VERTEX_POINT('',#2533);
#455=VERTEX_POINT('',#2538);
#456=VERTEX_POINT('',#2540);
#457=VERTEX_POINT('',#2545);
#458=VERTEX_POINT('',#2546);
#459=VERTEX_POINT('',#2548);
#460=VERTEX_POINT('',#2551);
#461=VERTEX_POINT('',#2553);
#462=VERTEX_POINT('',#2557);
#463=VERTEX_POINT('',#2559);
#464=VERTEX_POINT('',#2563);
#465=VERTEX_POINT('',#2565);
#466=VERTEX_POINT('',#2569);
#467=VERTEX_POINT('',#2571);
#468=VERTEX_POINT('',#2575);
#469=VERTEX_POINT('',#2577);
#470=VERTEX_POINT('',#2584);
#471=VERTEX_POINT('',#2585);
#472=VERTEX_POINT('',#2587);
#473=VERTEX_POINT('',#2589);
#474=VERTEX_POINT('',#2593);
#475=VERTEX_POINT('',#2595);
#476=VERTEX_POINT('',#2599);
#477=VERTEX_POINT('',#2601);
#478=VERTEX_POINT('',#2608);
#479=VERTEX_POINT('',#2610);
#480=VERTEX_POINT('',#2614);
#481=VERTEX_POINT('',#2616);
#482=VERTEX_POINT('',#2619);
#483=VERTEX_POINT('',#2624);
#484=VERTEX_POINT('',#2625);
#485=VERTEX_POINT('',#2627);
#486=VERTEX_POINT('',#2629);
#487=VERTEX_POINT('',#2633);
#488=VERTEX_POINT('',#2635);
#489=VERTEX_POINT('',#2639);
#490=VERTEX_POINT('',#2641);
#491=VERTEX_POINT('',#2648);
#492=VERTEX_POINT('',#2650);
#493=VERTEX_POINT('',#2653);
#494=VERTEX_POINT('',#2655);
#495=VERTEX_POINT('',#2659);
#496=VERTEX_POINT('',#2664);
#497=VERTEX_POINT('',#2666);
#498=VERTEX_POINT('',#2670);
#499=VERTEX_POINT('',#2675);
#500=VERTEX_POINT('',#2679);
#501=VERTEX_POINT('',#2683);
#502=VERTEX_POINT('',#2686);
#503=VERTEX_POINT('',#2688);
#504=VERTEX_POINT('',#2691);
#505=VERTEX_POINT('',#2708);
#506=EDGE_CURVE('',#415,#416,#241,.T.);
#507=EDGE_CURVE('',#415,#417,#206,.T.);
#508=EDGE_CURVE('',#417,#418,#182,.F.);
#509=EDGE_CURVE('',#418,#416,#207,.T.);
#510=EDGE_CURVE('',#419,#420,#242,.T.);
#511=EDGE_CURVE('',#419,#415,#208,.T.);
#512=EDGE_CURVE('',#416,#420,#209,.T.);
#513=EDGE_CURVE('',#421,#422,#243,.T.);
#514=EDGE_CURVE('',#421,#419,#210,.T.);
#515=EDGE_CURVE('',#420,#422,#211,.T.);
#516=EDGE_CURVE('',#423,#424,#244,.T.);
#517=EDGE_CURVE('',#423,#421,#212,.T.);
#518=EDGE_CURVE('',#422,#424,#213,.T.);
#519=EDGE_CURVE('',#425,#426,#245,.T.);
#520=EDGE_CURVE('',#425,#423,#214,.T.);
#521=EDGE_CURVE('',#424,#426,#215,.T.);
#522=EDGE_CURVE('',#427,#428,#246,.T.);
#523=EDGE_CURVE('',#427,#425,#216,.T.);
#524=EDGE_CURVE('',#426,#428,#217,.T.);
#525=EDGE_CURVE('',#429,#430,#247,.T.);
#526=EDGE_CURVE('',#429,#431,#218,.T.);
#527=EDGE_CURVE('',#430,#431,#183,.T.);
#528=EDGE_CURVE('',#432,#433,#248,.T.);
#529=EDGE_CURVE('',#432,#429,#219,.T.);
#530=EDGE_CURVE('',#434,#430,#184,.T.);
#531=EDGE_CURVE('',#433,#434,#220,.T.);
#532=EDGE_CURVE('',#435,#436,#249,.T.);
#533=EDGE_CURVE('',#435,#432,#221,.T.);
#534=EDGE_CURVE('',#436,#433,#222,.T.);
#535=EDGE_CURVE('',#437,#438,#250,.T.);
#536=EDGE_CURVE('',#437,#435,#223,.T.);
#537=EDGE_CURVE('',#438,#436,#224,.T.);
#538=EDGE_CURVE('',#439,#440,#251,.T.);
#539=EDGE_CURVE('',#439,#437,#225,.T.);
#540=EDGE_CURVE('',#440,#438,#226,.T.);
#541=EDGE_CURVE('',#441,#442,#252,.T.);
#542=EDGE_CURVE('',#441,#439,#227,.T.);
#543=EDGE_CURVE('',#442,#440,#228,.T.);
#544=EDGE_CURVE('',#443,#444,#185,.T.);
#545=EDGE_CURVE('',#444,#445,#186,.T.);
#546=EDGE_CURVE('',#445,#434,#229,.T.);
#547=EDGE_CURVE('',#431,#443,#230,.T.);
#548=EDGE_CURVE('',#446,#445,#231,.T.);
#549=EDGE_CURVE('',#428,#446,#232,.T.);
#550=EDGE_CURVE('',#447,#418,#233,.T.);
#551=EDGE_CURVE('',#448,#447,#234,.T.);
#552=EDGE_CURVE('',#448,#442,#235,.T.);
#553=EDGE_CURVE('',#447,#449,#187,.T.);
#554=EDGE_CURVE('',#449,#450,#188,.T.);
#555=EDGE_CURVE('',#450,#451,#236,.T.);
#556=EDGE_CURVE('',#451,#448,#189,.T.);
#557=EDGE_CURVE('',#451,#441,#237,.T.);
#558=EDGE_CURVE('',#417,#450,#238,.T.);
#559=EDGE_CURVE('',#452,#427,#239,.T.);
#560=EDGE_CURVE('',#443,#452,#240,.T.);
#561=EDGE_CURVE('',#453,#453,#190,.T.);
#562=EDGE_CURVE('',#453,#454,#253,.T.);
#563=EDGE_CURVE('',#454,#454,#191,.T.);
#564=EDGE_CURVE('',#455,#455,#192,.T.);
#565=EDGE_CURVE('',#455,#456,#254,.T.);
#566=EDGE_CURVE('',#456,#456,#193,.T.);
#567=EDGE_CURVE('',#457,#458,#194,.T.);
#568=EDGE_CURVE('',#458,#459,#255,.T.);
#569=EDGE_CURVE('',#459,#459,#195,.T.);
#570=EDGE_CURVE('',#458,#460,#196,.T.);
#571=EDGE_CURVE('',#460,#461,#197,.T.);
#572=EDGE_CURVE('',#461,#457,#198,.T.);
#573=EDGE_CURVE('',#460,#462,#256,.T.);
#574=EDGE_CURVE('',#463,#462,#257,.T.);
#575=EDGE_CURVE('',#463,#461,#258,.T.);
#576=EDGE_CURVE('',#458,#464,#259,.T.);
#577=EDGE_CURVE('',#465,#464,#260,.T.);
#578=EDGE_CURVE('',#465,#460,#261,.T.);
#579=EDGE_CURVE('',#457,#466,#262,.T.);
#580=EDGE_CURVE('',#467,#466,#263,.T.);
#581=EDGE_CURVE('',#467,#458,#264,.T.);
#582=EDGE_CURVE('',#461,#468,#265,.T.);
#583=EDGE_CURVE('',#469,#468,#266,.T.);
#584=EDGE_CURVE('',#469,#457,#267,.T.);
#585=EDGE_CURVE('',#450,#447,#199,.T.);
#586=EDGE_CURVE('',#449,#459,#268,.T.);
#587=EDGE_CURVE('',#470,#471,#269,.T.);
#588=EDGE_CURVE('',#471,#472,#270,.T.);
#589=EDGE_CURVE('',#472,#473,#271,.T.);
#590=EDGE_CURVE('',#470,#473,#272,.T.);
#591=EDGE_CURVE('',#471,#474,#273,.T.);
#592=EDGE_CURVE('',#474,#475,#274,.T.);
#593=EDGE_CURVE('',#475,#472,#275,.T.);
#594=EDGE_CURVE('',#474,#476,#276,.T.);
#595=EDGE_CURVE('',#476,#477,#277,.T.);
#596=EDGE_CURVE('',#477,#475,#278,.T.);
#597=EDGE_CURVE('',#473,#477,#279,.T.);
#598=EDGE_CURVE('',#476,#470,#280,.T.);
#599=EDGE_CURVE('',#478,#473,#281,.T.);
#600=EDGE_CURVE('',#479,#478,#282,.T.);
#601=EDGE_CURVE('',#479,#477,#283,.T.);
#602=EDGE_CURVE('',#480,#472,#284,.T.);
#603=EDGE_CURVE('',#480,#481,#285,.T.);
#604=EDGE_CURVE('',#464,#481,#286,.T.);
#605=EDGE_CURVE('',#482,#467,#287,.T.);
#606=EDGE_CURVE('',#482,#478,#288,.T.);
#607=EDGE_CURVE('',#483,#484,#289,.T.);
#608=EDGE_CURVE('',#484,#485,#290,.T.);
#609=EDGE_CURVE('',#485,#486,#291,.T.);
#610=EDGE_CURVE('',#483,#486,#292,.T.);
#611=EDGE_CURVE('',#484,#487,#293,.T.);
#612=EDGE_CURVE('',#487,#488,#294,.T.);
#613=EDGE_CURVE('',#488,#485,#295,.T.);
#614=EDGE_CURVE('',#487,#489,#296,.T.);
#615=EDGE_CURVE('',#489,#490,#297,.T.);
#616=EDGE_CURVE('',#490,#488,#298,.T.);
#617=EDGE_CURVE('',#486,#490,#299,.T.);
#618=EDGE_CURVE('',#489,#483,#300,.T.);
#619=EDGE_CURVE('',#491,#486,#301,.T.);
#620=EDGE_CURVE('',#491,#492,#302,.T.);
#621=EDGE_CURVE('',#468,#492,#303,.T.);
#622=EDGE_CURVE('',#493,#463,#304,.T.);
#623=EDGE_CURVE('',#493,#494,#305,.T.);
#624=EDGE_CURVE('',#494,#490,#306,.T.);
#625=EDGE_CURVE('',#495,#485,#307,.T.);
#626=EDGE_CURVE('',#491,#495,#308,.T.);
#627=EDGE_CURVE('',#496,#496,#200,.T.);
#628=EDGE_CURVE('',#496,#497,#309,.T.);
#629=EDGE_CURVE('',#497,#497,#201,.T.);
#630=EDGE_CURVE('',#497,#498,#310,.T.);
#631=EDGE_CURVE('',#498,#498,#202,.T.);
#632=EDGE_CURVE('',#481,#499,#311,.T.);
#633=EDGE_CURVE('',#499,#465,#312,.T.);
#634=EDGE_CURVE('',#499,#500,#313,.T.);
#635=EDGE_CURVE('',#462,#500,#314,.T.);
#636=EDGE_CURVE('',#480,#501,#315,.T.);
#637=EDGE_CURVE('',#501,#479,#316,.T.);
#638=EDGE_CURVE('',#502,#482,#317,.T.);
#639=EDGE_CURVE('',#503,#502,#318,.T.);
#640=EDGE_CURVE('',#492,#503,#319,.T.);
#641=EDGE_CURVE('',#495,#504,#320,.T.);
#642=EDGE_CURVE('',#504,#494,#321,.T.);
#643=EDGE_CURVE('',#500,#493,#322,.T.);
#644=EDGE_CURVE('',#503,#469,#323,.T.);
#645=EDGE_CURVE('',#466,#502,#324,.T.);
#646=EDGE_CURVE('',#501,#475,#325,.T.);
#647=EDGE_CURVE('',#504,#488,#326,.T.);
#648=EDGE_CURVE('',#505,#505,#203,.T.);
#649=EDGE_CURVE('',#505,#444,#327,.T.);
#650=EDGE_CURVE('',#445,#443,#204,.T.);
#651=EDGE_CURVE('',#452,#446,#205,.F.);
#652=ORIENTED_EDGE('',*,*,#506,.F.);
#653=ORIENTED_EDGE('',*,*,#507,.T.);
#654=ORIENTED_EDGE('',*,*,#508,.T.);
#655=ORIENTED_EDGE('',*,*,#509,.T.);
#656=ORIENTED_EDGE('',*,*,#510,.F.);
#657=ORIENTED_EDGE('',*,*,#511,.T.);
#658=ORIENTED_EDGE('',*,*,#506,.T.);
#659=ORIENTED_EDGE('',*,*,#512,.T.);
#660=ORIENTED_EDGE('',*,*,#513,.F.);
#661=ORIENTED_EDGE('',*,*,#514,.T.);
#662=ORIENTED_EDGE('',*,*,#510,.T.);
#663=ORIENTED_EDGE('',*,*,#515,.T.);
#664=ORIENTED_EDGE('',*,*,#516,.F.);
#665=ORIENTED_EDGE('',*,*,#517,.T.);
#666=ORIENTED_EDGE('',*,*,#513,.T.);
#667=ORIENTED_EDGE('',*,*,#518,.T.);
#668=ORIENTED_EDGE('',*,*,#519,.F.);
#669=ORIENTED_EDGE('',*,*,#520,.T.);
#670=ORIENTED_EDGE('',*,*,#516,.T.);
#671=ORIENTED_EDGE('',*,*,#521,.T.);
#672=ORIENTED_EDGE('',*,*,#522,.F.);
#673=ORIENTED_EDGE('',*,*,#523,.T.);
#674=ORIENTED_EDGE('',*,*,#519,.T.);
#675=ORIENTED_EDGE('',*,*,#524,.T.);
#676=ORIENTED_EDGE('',*,*,#525,.F.);
#677=ORIENTED_EDGE('',*,*,#526,.T.);
#678=ORIENTED_EDGE('',*,*,#527,.F.);
#679=ORIENTED_EDGE('',*,*,#528,.F.);
#680=ORIENTED_EDGE('',*,*,#529,.T.);
#681=ORIENTED_EDGE('',*,*,#525,.T.);
#682=ORIENTED_EDGE('',*,*,#530,.F.);
#683=ORIENTED_EDGE('',*,*,#531,.F.);
#684=ORIENTED_EDGE('',*,*,#532,.F.);
#685=ORIENTED_EDGE('',*,*,#533,.T.);
#686=ORIENTED_EDGE('',*,*,#528,.T.);
#687=ORIENTED_EDGE('',*,*,#534,.F.);
#688=ORIENTED_EDGE('',*,*,#535,.F.);
#689=ORIENTED_EDGE('',*,*,#536,.T.);
#690=ORIENTED_EDGE('',*,*,#532,.T.);
#691=ORIENTED_EDGE('',*,*,#537,.F.);
#692=ORIENTED_EDGE('',*,*,#538,.F.);
#693=ORIENTED_EDGE('',*,*,#539,.T.);
#694=ORIENTED_EDGE('',*,*,#535,.T.);
#695=ORIENTED_EDGE('',*,*,#540,.F.);
#696=ORIENTED_EDGE('',*,*,#541,.F.);
#697=ORIENTED_EDGE('',*,*,#542,.T.);
#698=ORIENTED_EDGE('',*,*,#538,.T.);
#699=ORIENTED_EDGE('',*,*,#543,.F.);
#700=ORIENTED_EDGE('',*,*,#544,.T.);
#701=ORIENTED_EDGE('',*,*,#545,.T.);
#702=ORIENTED_EDGE('',*,*,#546,.T.);
#703=ORIENTED_EDGE('',*,*,#530,.T.);
#704=ORIENTED_EDGE('',*,*,#527,.T.);
#705=ORIENTED_EDGE('',*,*,#547,.T.);
#706=ORIENTED_EDGE('',*,*,#548,.F.);
#707=ORIENTED_EDGE('',*,*,#549,.F.);
#708=ORIENTED_EDGE('',*,*,#524,.F.);
#709=ORIENTED_EDGE('',*,*,#521,.F.);
#710=ORIENTED_EDGE('',*,*,#518,.F.);
#711=ORIENTED_EDGE('',*,*,#515,.F.);
#712=ORIENTED_EDGE('',*,*,#512,.F.);
#713=ORIENTED_EDGE('',*,*,#509,.F.);
#714=ORIENTED_EDGE('',*,*,#550,.F.);
#715=ORIENTED_EDGE('',*,*,#551,.F.);
#716=ORIENTED_EDGE('',*,*,#552,.T.);
#717=ORIENTED_EDGE('',*,*,#543,.T.);
#718=ORIENTED_EDGE('',*,*,#540,.T.);
#719=ORIENTED_EDGE('',*,*,#537,.T.);
#720=ORIENTED_EDGE('',*,*,#534,.T.);
#721=ORIENTED_EDGE('',*,*,#531,.T.);
#722=ORIENTED_EDGE('',*,*,#546,.F.);
#723=ORIENTED_EDGE('',*,*,#553,.T.);
#724=ORIENTED_EDGE('',*,*,#554,.T.);
#725=ORIENTED_EDGE('',*,*,#555,.T.);
#726=ORIENTED_EDGE('',*,*,#556,.T.);
#727=ORIENTED_EDGE('',*,*,#551,.T.);
#728=ORIENTED_EDGE('',*,*,#541,.T.);
#729=ORIENTED_EDGE('',*,*,#552,.F.);
#730=ORIENTED_EDGE('',*,*,#556,.F.);
#731=ORIENTED_EDGE('',*,*,#557,.T.);
#732=ORIENTED_EDGE('',*,*,#547,.F.);
#733=ORIENTED_EDGE('',*,*,#526,.F.);
#734=ORIENTED_EDGE('',*,*,#529,.F.);
#735=ORIENTED_EDGE('',*,*,#533,.F.);
#736=ORIENTED_EDGE('',*,*,#536,.F.);
#737=ORIENTED_EDGE('',*,*,#539,.F.);
#738=ORIENTED_EDGE('',*,*,#542,.F.);
#739=ORIENTED_EDGE('',*,*,#557,.F.);
#740=ORIENTED_EDGE('',*,*,#555,.F.);
#741=ORIENTED_EDGE('',*,*,#558,.F.);
#742=ORIENTED_EDGE('',*,*,#507,.F.);
#743=ORIENTED_EDGE('',*,*,#511,.F.);
#744=ORIENTED_EDGE('',*,*,#514,.F.);
#745=ORIENTED_EDGE('',*,*,#517,.F.);
#746=ORIENTED_EDGE('',*,*,#520,.F.);
#747=ORIENTED_EDGE('',*,*,#523,.F.);
#748=ORIENTED_EDGE('',*,*,#559,.F.);
#749=ORIENTED_EDGE('',*,*,#560,.F.);
#750=ORIENTED_EDGE('',*,*,#561,.F.);
#751=ORIENTED_EDGE('',*,*,#562,.T.);
#752=ORIENTED_EDGE('',*,*,#563,.T.);
#753=ORIENTED_EDGE('',*,*,#562,.F.);
#754=ORIENTED_EDGE('',*,*,#563,.F.);
#755=ORIENTED_EDGE('',*,*,#564,.F.);
#756=ORIENTED_EDGE('',*,*,#565,.T.);
#757=ORIENTED_EDGE('',*,*,#566,.T.);
#758=ORIENTED_EDGE('',*,*,#565,.F.);
#759=ORIENTED_EDGE('',*,*,#566,.F.);
#760=ORIENTED_EDGE('',*,*,#561,.T.);
#761=ORIENTED_EDGE('',*,*,#567,.T.);
#762=ORIENTED_EDGE('',*,*,#568,.T.);
#763=ORIENTED_EDGE('',*,*,#569,.T.);
#764=ORIENTED_EDGE('',*,*,#568,.F.);
#765=ORIENTED_EDGE('',*,*,#570,.T.);
#766=ORIENTED_EDGE('',*,*,#571,.T.);
#767=ORIENTED_EDGE('',*,*,#572,.T.);
#768=ORIENTED_EDGE('',*,*,#571,.F.);
#769=ORIENTED_EDGE('',*,*,#573,.T.);
#770=ORIENTED_EDGE('',*,*,#574,.F.);
#771=ORIENTED_EDGE('',*,*,#575,.T.);
#772=ORIENTED_EDGE('',*,*,#570,.F.);
#773=ORIENTED_EDGE('',*,*,#576,.T.);
#774=ORIENTED_EDGE('',*,*,#577,.F.);
#775=ORIENTED_EDGE('',*,*,#578,.T.);
#776=ORIENTED_EDGE('',*,*,#567,.F.);
#777=ORIENTED_EDGE('',*,*,#579,.T.);
#778=ORIENTED_EDGE('',*,*,#580,.F.);
#779=ORIENTED_EDGE('',*,*,#581,.T.);
#780=ORIENTED_EDGE('',*,*,#572,.F.);
#781=ORIENTED_EDGE('',*,*,#582,.T.);
#782=ORIENTED_EDGE('',*,*,#583,.F.);
#783=ORIENTED_EDGE('',*,*,#584,.T.);
#784=ORIENTED_EDGE('',*,*,#553,.F.);
#785=ORIENTED_EDGE('',*,*,#585,.F.);
#786=ORIENTED_EDGE('',*,*,#554,.F.);
#787=ORIENTED_EDGE('',*,*,#586,.T.);
#788=ORIENTED_EDGE('',*,*,#569,.F.);
#789=ORIENTED_EDGE('',*,*,#586,.F.);
#790=ORIENTED_EDGE('',*,*,#587,.T.);
#791=ORIENTED_EDGE('',*,*,#588,.T.);
#792=ORIENTED_EDGE('',*,*,#589,.T.);
#793=ORIENTED_EDGE('',*,*,#590,.F.);
#794=ORIENTED_EDGE('',*,*,#591,.T.);
#795=ORIENTED_EDGE('',*,*,#592,.T.);
#796=ORIENTED_EDGE('',*,*,#593,.T.);
#797=ORIENTED_EDGE('',*,*,#588,.F.);
#798=ORIENTED_EDGE('',*,*,#594,.T.);
#799=ORIENTED_EDGE('',*,*,#595,.T.);
#800=ORIENTED_EDGE('',*,*,#596,.T.);
#801=ORIENTED_EDGE('',*,*,#592,.F.);
#802=ORIENTED_EDGE('',*,*,#597,.T.);
#803=ORIENTED_EDGE('',*,*,#595,.F.);
#804=ORIENTED_EDGE('',*,*,#598,.T.);
#805=ORIENTED_EDGE('',*,*,#590,.T.);
#806=ORIENTED_EDGE('',*,*,#597,.F.);
#807=ORIENTED_EDGE('',*,*,#599,.F.);
#808=ORIENTED_EDGE('',*,*,#600,.F.);
#809=ORIENTED_EDGE('',*,*,#601,.T.);
#810=ORIENTED_EDGE('',*,*,#589,.F.);
#811=ORIENTED_EDGE('',*,*,#602,.F.);
#812=ORIENTED_EDGE('',*,*,#603,.T.);
#813=ORIENTED_EDGE('',*,*,#604,.F.);
#814=ORIENTED_EDGE('',*,*,#576,.F.);
#815=ORIENTED_EDGE('',*,*,#581,.F.);
#816=ORIENTED_EDGE('',*,*,#605,.F.);
#817=ORIENTED_EDGE('',*,*,#606,.T.);
#818=ORIENTED_EDGE('',*,*,#599,.T.);
#819=ORIENTED_EDGE('',*,*,#587,.F.);
#820=ORIENTED_EDGE('',*,*,#598,.F.);
#821=ORIENTED_EDGE('',*,*,#594,.F.);
#822=ORIENTED_EDGE('',*,*,#591,.F.);
#823=ORIENTED_EDGE('',*,*,#607,.T.);
#824=ORIENTED_EDGE('',*,*,#608,.T.);
#825=ORIENTED_EDGE('',*,*,#609,.T.);
#826=ORIENTED_EDGE('',*,*,#610,.F.);
#827=ORIENTED_EDGE('',*,*,#611,.T.);
#828=ORIENTED_EDGE('',*,*,#612,.T.);
#829=ORIENTED_EDGE('',*,*,#613,.T.);
#830=ORIENTED_EDGE('',*,*,#608,.F.);
#831=ORIENTED_EDGE('',*,*,#614,.T.);
#832=ORIENTED_EDGE('',*,*,#615,.T.);
#833=ORIENTED_EDGE('',*,*,#616,.T.);
#834=ORIENTED_EDGE('',*,*,#612,.F.);
#835=ORIENTED_EDGE('',*,*,#617,.T.);
#836=ORIENTED_EDGE('',*,*,#615,.F.);
#837=ORIENTED_EDGE('',*,*,#618,.T.);
#838=ORIENTED_EDGE('',*,*,#610,.T.);
#839=ORIENTED_EDGE('',*,*,#617,.F.);
#840=ORIENTED_EDGE('',*,*,#619,.F.);
#841=ORIENTED_EDGE('',*,*,#620,.T.);
#842=ORIENTED_EDGE('',*,*,#621,.F.);
#843=ORIENTED_EDGE('',*,*,#582,.F.);
#844=ORIENTED_EDGE('',*,*,#575,.F.);
#845=ORIENTED_EDGE('',*,*,#622,.F.);
#846=ORIENTED_EDGE('',*,*,#623,.T.);
#847=ORIENTED_EDGE('',*,*,#624,.T.);
#848=ORIENTED_EDGE('',*,*,#609,.F.);
#849=ORIENTED_EDGE('',*,*,#625,.F.);
#850=ORIENTED_EDGE('',*,*,#626,.F.);
#851=ORIENTED_EDGE('',*,*,#619,.T.);
#852=ORIENTED_EDGE('',*,*,#607,.F.);
#853=ORIENTED_EDGE('',*,*,#618,.F.);
#854=ORIENTED_EDGE('',*,*,#614,.F.);
#855=ORIENTED_EDGE('',*,*,#611,.F.);
#856=ORIENTED_EDGE('',*,*,#627,.T.);
#857=ORIENTED_EDGE('',*,*,#628,.T.);
#858=ORIENTED_EDGE('',*,*,#629,.T.);
#859=ORIENTED_EDGE('',*,*,#628,.F.);
#860=ORIENTED_EDGE('',*,*,#629,.F.);
#861=ORIENTED_EDGE('',*,*,#630,.T.);
#862=ORIENTED_EDGE('',*,*,#631,.F.);
#863=ORIENTED_EDGE('',*,*,#630,.F.);
#864=ORIENTED_EDGE('',*,*,#627,.F.);
#865=ORIENTED_EDGE('',*,*,#577,.T.);
#866=ORIENTED_EDGE('',*,*,#604,.T.);
#867=ORIENTED_EDGE('',*,*,#632,.T.);
#868=ORIENTED_EDGE('',*,*,#633,.T.);
#869=ORIENTED_EDGE('',*,*,#633,.F.);
#870=ORIENTED_EDGE('',*,*,#634,.T.);
#871=ORIENTED_EDGE('',*,*,#635,.F.);
#872=ORIENTED_EDGE('',*,*,#573,.F.);
#873=ORIENTED_EDGE('',*,*,#578,.F.);
#874=ORIENTED_EDGE('',*,*,#632,.F.);
#875=ORIENTED_EDGE('',*,*,#603,.F.);
#876=ORIENTED_EDGE('',*,*,#636,.T.);
#877=ORIENTED_EDGE('',*,*,#637,.T.);
#878=ORIENTED_EDGE('',*,*,#600,.T.);
#879=ORIENTED_EDGE('',*,*,#606,.F.);
#880=ORIENTED_EDGE('',*,*,#638,.F.);
#881=ORIENTED_EDGE('',*,*,#639,.F.);
#882=ORIENTED_EDGE('',*,*,#640,.F.);
#883=ORIENTED_EDGE('',*,*,#620,.F.);
#884=ORIENTED_EDGE('',*,*,#626,.T.);
#885=ORIENTED_EDGE('',*,*,#641,.T.);
#886=ORIENTED_EDGE('',*,*,#642,.T.);
#887=ORIENTED_EDGE('',*,*,#623,.F.);
#888=ORIENTED_EDGE('',*,*,#643,.F.);
#889=ORIENTED_EDGE('',*,*,#634,.F.);
#890=ORIENTED_EDGE('',*,*,#631,.T.);
#891=ORIENTED_EDGE('',*,*,#574,.T.);
#892=ORIENTED_EDGE('',*,*,#635,.T.);
#893=ORIENTED_EDGE('',*,*,#643,.T.);
#894=ORIENTED_EDGE('',*,*,#622,.T.);
#895=ORIENTED_EDGE('',*,*,#583,.T.);
#896=ORIENTED_EDGE('',*,*,#621,.T.);
#897=ORIENTED_EDGE('',*,*,#640,.T.);
#898=ORIENTED_EDGE('',*,*,#644,.T.);
#899=ORIENTED_EDGE('',*,*,#644,.F.);
#900=ORIENTED_EDGE('',*,*,#639,.T.);
#901=ORIENTED_EDGE('',*,*,#645,.F.);
#902=ORIENTED_EDGE('',*,*,#579,.F.);
#903=ORIENTED_EDGE('',*,*,#584,.F.);
#904=ORIENTED_EDGE('',*,*,#580,.T.);
#905=ORIENTED_EDGE('',*,*,#645,.T.);
#906=ORIENTED_EDGE('',*,*,#638,.T.);
#907=ORIENTED_EDGE('',*,*,#605,.T.);
#908=ORIENTED_EDGE('',*,*,#593,.F.);
#909=ORIENTED_EDGE('',*,*,#646,.F.);
#910=ORIENTED_EDGE('',*,*,#636,.F.);
#911=ORIENTED_EDGE('',*,*,#602,.T.);
#912=ORIENTED_EDGE('',*,*,#596,.F.);
#913=ORIENTED_EDGE('',*,*,#601,.F.);
#914=ORIENTED_EDGE('',*,*,#637,.F.);
#915=ORIENTED_EDGE('',*,*,#646,.T.);
#916=ORIENTED_EDGE('',*,*,#613,.F.);
#917=ORIENTED_EDGE('',*,*,#647,.F.);
#918=ORIENTED_EDGE('',*,*,#641,.F.);
#919=ORIENTED_EDGE('',*,*,#625,.T.);
#920=ORIENTED_EDGE('',*,*,#616,.F.);
#921=ORIENTED_EDGE('',*,*,#624,.F.);
#922=ORIENTED_EDGE('',*,*,#642,.F.);
#923=ORIENTED_EDGE('',*,*,#647,.T.);
#924=ORIENTED_EDGE('',*,*,#648,.T.);
#925=ORIENTED_EDGE('',*,*,#564,.T.);
#926=ORIENTED_EDGE('',*,*,#648,.F.);
#927=ORIENTED_EDGE('',*,*,#649,.T.);
#928=ORIENTED_EDGE('',*,*,#544,.F.);
#929=ORIENTED_EDGE('',*,*,#650,.F.);
#930=ORIENTED_EDGE('',*,*,#545,.F.);
#931=ORIENTED_EDGE('',*,*,#649,.F.);
#932=ORIENTED_EDGE('',*,*,#550,.T.);
#933=ORIENTED_EDGE('',*,*,#508,.F.);
#934=ORIENTED_EDGE('',*,*,#558,.T.);
#935=ORIENTED_EDGE('',*,*,#585,.T.);
#936=ORIENTED_EDGE('',*,*,#522,.T.);
#937=ORIENTED_EDGE('',*,*,#549,.T.);
#938=ORIENTED_EDGE('',*,*,#651,.F.);
#939=ORIENTED_EDGE('',*,*,#559,.T.);
#940=ORIENTED_EDGE('',*,*,#548,.T.);
#941=ORIENTED_EDGE('',*,*,#650,.T.);
#942=ORIENTED_EDGE('',*,*,#560,.T.);
#943=ORIENTED_EDGE('',*,*,#651,.T.);
#944=CYLINDRICAL_SURFACE('',#1037,2.954);
#945=CYLINDRICAL_SURFACE('',#1039,2.954);
#946=CYLINDRICAL_SURFACE('',#1040,2.954);
#947=CYLINDRICAL_SURFACE('',#1041,2.954);
#948=CYLINDRICAL_SURFACE('',#1042,2.954);
#949=CYLINDRICAL_SURFACE('',#1043,2.954);
#950=CYLINDRICAL_SURFACE('',#1044,2.55435);
#951=CYLINDRICAL_SURFACE('',#1046,2.55435);
#952=CYLINDRICAL_SURFACE('',#1048,2.55435);
#953=CYLINDRICAL_SURFACE('',#1049,2.55435);
#954=CYLINDRICAL_SURFACE('',#1050,2.55435);
#955=CYLINDRICAL_SURFACE('',#1051,2.55435);
#956=CYLINDRICAL_SURFACE('',#1059,2.55435);
#957=CYLINDRICAL_SURFACE('',#1060,0.45);
#958=CYLINDRICAL_SURFACE('',#1064,2.25);
#959=CYLINDRICAL_SURFACE('',#1078,2.75);
#960=CYLINDRICAL_SURFACE('',#1097,0.45);
#961=CYLINDRICAL_SURFACE('',#1113,2.75);
#962=CYLINDRICAL_SURFACE('',#1116,2.954);
#963=ADVANCED_FACE('',(#59),#944,.T.);
#964=ADVANCED_FACE('',(#60),#945,.T.);
#965=ADVANCED_FACE('',(#61),#946,.T.);
#966=ADVANCED_FACE('',(#62),#947,.T.);
#967=ADVANCED_FACE('',(#63),#948,.T.);
#968=ADVANCED_FACE('',(#64),#949,.T.);
#969=ADVANCED_FACE('',(#65),#950,.T.);
#970=ADVANCED_FACE('',(#66),#951,.T.);
#971=ADVANCED_FACE('',(#67),#952,.T.);
#972=ADVANCED_FACE('',(#68),#953,.T.);
#973=ADVANCED_FACE('',(#69),#954,.T.);
#974=ADVANCED_FACE('',(#70),#955,.T.);
#975=ADVANCED_FACE('',(#71),#22,.F.);
#976=ADVANCED_FACE('',(#72),#20,.F.);
#977=ADVANCED_FACE('',(#73),#23,.T.);
#978=ADVANCED_FACE('',(#74),#956,.T.);
#979=ADVANCED_FACE('',(#75),#21,.F.);
#980=ADVANCED_FACE('',(#76),#957,.F.);
#981=ADVANCED_FACE('',(#77),#24,.T.);
#982=ADVANCED_FACE('',(#78),#958,.F.);
#983=ADVANCED_FACE('',(#79,#17),#25,.T.);
#984=ADVANCED_FACE('',(#80),#15,.T.);
#985=ADVANCED_FACE('',(#81),#26,.T.);
#986=ADVANCED_FACE('',(#82),#27,.T.);
#987=ADVANCED_FACE('',(#83),#28,.T.);
#988=ADVANCED_FACE('',(#84),#29,.T.);
#989=ADVANCED_FACE('',(#85),#959,.T.);
#990=ADVANCED_FACE('',(#86),#30,.T.);
#991=ADVANCED_FACE('',(#87),#31,.T.);
#992=ADVANCED_FACE('',(#88),#32,.T.);
#993=ADVANCED_FACE('',(#89),#33,.T.);
#994=ADVANCED_FACE('',(#90),#34,.T.);
#995=ADVANCED_FACE('',(#91),#35,.T.);
#996=ADVANCED_FACE('',(#92),#36,.T.);
#997=ADVANCED_FACE('',(#93),#37,.T.);
#998=ADVANCED_FACE('',(#94),#38,.T.);
#999=ADVANCED_FACE('',(#95),#39,.T.);
#1000=ADVANCED_FACE('',(#96),#40,.T.);
#1001=ADVANCED_FACE('',(#97),#41,.T.);
#1002=ADVANCED_FACE('',(#98),#42,.T.);
#1003=ADVANCED_FACE('',(#99),#43,.T.);
#1004=ADVANCED_FACE('',(#100),#16,.T.);
#1005=ADVANCED_FACE('',(#101),#960,.T.);
#1006=ADVANCED_FACE('',(#102),#44,.T.);
#1007=ADVANCED_FACE('',(#103),#45,.T.);
#1008=ADVANCED_FACE('',(#104),#46,.T.);
#1009=ADVANCED_FACE('',(#105,#18),#47,.F.);
#1010=ADVANCED_FACE('',(#106),#48,.T.);
#1011=ADVANCED_FACE('',(#107),#49,.T.);
#1012=ADVANCED_FACE('',(#108),#50,.T.);
#1013=ADVANCED_FACE('',(#109),#51,.T.);
#1014=ADVANCED_FACE('',(#110),#52,.T.);
#1015=ADVANCED_FACE('',(#111),#53,.T.);
#1016=ADVANCED_FACE('',(#112),#54,.T.);
#1017=ADVANCED_FACE('',(#113),#55,.T.);
#1018=ADVANCED_FACE('',(#114,#19),#56,.T.);
#1019=ADVANCED_FACE('',(#115),#961,.T.);
#1020=ADVANCED_FACE('',(#116),#57,.F.);
#1021=ADVANCED_FACE('',(#117),#962,.T.);
#1022=ADVANCED_FACE('',(#118),#58,.T.);
#1023=CLOSED_SHELL('',(#963,#964,#965,#966,#967,#968,#969,#970,#971,#972,
#973,#974,#975,#976,#977,#978,#979,#980,#981,#982,#983,#984,#985,#986,#987,
#988,#989,#990,#991,#992,#993,#994,#995,#996,#997,#998,#999,#1000,#1001,
#1002,#1003,#1004,#1005,#1006,#1007,#1008,#1009,#1010,#1011,#1012,#1013,
#1014,#1015,#1016,#1017,#1018,#1019,#1020,#1021,#1022));
#1024=DERIVED_UNIT_ELEMENT(#1026,1.);
#1025=DERIVED_UNIT_ELEMENT(#2722,-3.);
#1026=(
MASS_UNIT()
NAMED_UNIT(*)
SI_UNIT(.KILO.,.GRAM.)
);
#1027=DERIVED_UNIT((#1024,#1025));
#1028=MEASURE_REPRESENTATION_ITEM('density measure',
POSITIVE_RATIO_MEASURE(7850.),#1027);
#1029=PROPERTY_DEFINITION_REPRESENTATION(#1034,#1031);
#1030=PROPERTY_DEFINITION_REPRESENTATION(#1035,#1032);
#1031=REPRESENTATION('material name',(#1033),#2719);
#1032=REPRESENTATION('density',(#1028),#2719);
#1033=DESCRIPTIVE_REPRESENTATION_ITEM('Steel','Steel');
#1034=PROPERTY_DEFINITION('material property','material name',#2729);
#1035=PROPERTY_DEFINITION('material property','density of part',#2729);
#1036=AXIS2_PLACEMENT_3D('',#1372,#1119,#1120);
#1037=AXIS2_PLACEMENT_3D('',#1373,#1121,#1122);
#1038=AXIS2_PLACEMENT_3D('',#1389,#1124,#1125);
#1039=AXIS2_PLACEMENT_3D('',#1397,#1126,#1127);
#1040=AXIS2_PLACEMENT_3D('',#1445,#1129,#1130);
#1041=AXIS2_PLACEMENT_3D('',#1493,#1132,#1133);
#1042=AXIS2_PLACEMENT_3D('',#1541,#1135,#1136);
#1043=AXIS2_PLACEMENT_3D('',#1595,#1138,#1139);
#1044=AXIS2_PLACEMENT_3D('',#1643,#1141,#1142);
#1045=AXIS2_PLACEMENT_3D('',#1652,#1144,#1145);
#1046=AXIS2_PLACEMENT_3D('',#1653,#1146,#1147);
#1047=AXIS2_PLACEMENT_3D('',#1668,#1149,#1150);
#1048=AXIS2_PLACEMENT_3D('',#1678,#1151,#1152);
#1049=AXIS2_PLACEMENT_3D('',#1703,#1154,#1155);
#1050=AXIS2_PLACEMENT_3D('',#1728,#1157,#1158);
#1051=AXIS2_PLACEMENT_3D('',#1752,#1160,#1161);
#1052=AXIS2_PLACEMENT_3D('',#1776,#1163,#1164);
#1053=AXIS2_PLACEMENT_3D('',#1779,#1165,#1166);
#1054=AXIS2_PLACEMENT_3D('',#1781,#1167,#1168);
#1055=AXIS2_PLACEMENT_3D('',#2207,#1169,#1170);
#1056=AXIS2_PLACEMENT_3D('',#2209,#1171,#1172);
#1057=AXIS2_PLACEMENT_3D('',#2211,#1173,#1174);
#1058=AXIS2_PLACEMENT_3D('',#2256,#1175,#1176);
#1059=AXIS2_PLACEMENT_3D('',#2257,#1177,#1178);
#1060=AXIS2_PLACEMENT_3D('',#2530,#1179,#1180);
#1061=AXIS2_PLACEMENT_3D('',#2532,#1181,#1182);
#1062=AXIS2_PLACEMENT_3D('',#2535,#1184,#1185);
#1063=AXIS2_PLACEMENT_3D('',#2536,#1186,#1187);
#1064=AXIS2_PLACEMENT_3D('',#2537,#1188,#1189);
#1065=AXIS2_PLACEMENT_3D('',#2539,#1190,#1191);
#1066=AXIS2_PLACEMENT_3D('',#2542,#1193,#1194);
#1067=AXIS2_PLACEMENT_3D('',#2543,#1195,#1196);
#1068=AXIS2_PLACEMENT_3D('',#2544,#1197,#1198);
#1069=AXIS2_PLACEMENT_3D('',#2547,#1199,#1200);
#1070=AXIS2_PLACEMENT_3D('',#2550,#1202,#1203);
#1071=AXIS2_PLACEMENT_3D('',#2552,#1204,#1205);
#1072=AXIS2_PLACEMENT_3D('',#2554,#1206,#1207);
#1073=AXIS2_PLACEMENT_3D('',#2555,#1208,#1209);
#1074=AXIS2_PLACEMENT_3D('',#2556,#1210,#1211);
#1075=AXIS2_PLACEMENT_3D('',#2562,#1215,#1216);
#1076=AXIS2_PLACEMENT_3D('',#2568,#1220,#1221);
#1077=AXIS2_PLACEMENT_3D('',#2574,#1225,#1226);
#1078=AXIS2_PLACEMENT_3D('',#2580,#1230,#1231);
#1079=AXIS2_PLACEMENT_3D('',#2581,#1232,#1233);
#1080=AXIS2_PLACEMENT_3D('',#2583,#1235,#1236);
#1081=AXIS2_PLACEMENT_3D('',#2592,#1241,#1242);
#1082=AXIS2_PLACEMENT_3D('',#2598,#1246,#1247);
#1083=AXIS2_PLACEMENT_3D('',#2604,#1251,#1252);
#1084=AXIS2_PLACEMENT_3D('',#2607,#1255,#1256);
#1085=AXIS2_PLACEMENT_3D('',#2613,#1260,#1261);
#1086=AXIS2_PLACEMENT_3D('',#2622,#1267,#1268);
#1087=AXIS2_PLACEMENT_3D('',#2623,#1269,#1270);
#1088=AXIS2_PLACEMENT_3D('',#2632,#1275,#1276);
#1089=AXIS2_PLACEMENT_3D('',#2638,#1280,#1281);
#1090=AXIS2_PLACEMENT_3D('',#2644,#1285,#1286);
#1091=AXIS2_PLACEMENT_3D('',#2647,#1289,#1290);
#1092=AXIS2_PLACEMENT_3D('',#2658,#1297,#1298);
#1093=AXIS2_PLACEMENT_3D('',#2662,#1301,#1302);
#1094=AXIS2_PLACEMENT_3D('',#2663,#1303,#1304);
#1095=AXIS2_PLACEMENT_3D('',#2665,#1305,#1306);
#1096=AXIS2_PLACEMENT_3D('',#2668,#1308,#1309);
#1097=AXIS2_PLACEMENT_3D('',#2669,#1310,#1311);
#1098=AXIS2_PLACEMENT_3D('',#2672,#1313,#1314);
#1099=AXIS2_PLACEMENT_3D('',#2673,#1315,#1316);
#1100=AXIS2_PLACEMENT_3D('',#2674,#1317,#1318);
#1101=AXIS2_PLACEMENT_3D('',#2678,#1321,#1322);
#1102=AXIS2_PLACEMENT_3D('',#2682,#1325,#1326);
#1103=AXIS2_PLACEMENT_3D('',#2695,#1335,#1336);
#1104=AXIS2_PLACEMENT_3D('',#2696,#1337,#1338);
#1105=AXIS2_PLACEMENT_3D('',#2698,#1340,#1341);
#1106=AXIS2_PLACEMENT_3D('',#2700,#1343,#1344);
#1107=AXIS2_PLACEMENT_3D('',#2701,#1345,#1346);
#1108=AXIS2_PLACEMENT_3D('',#2703,#1348,#1349);
#1109=AXIS2_PLACEMENT_3D('',#2704,#1350,#1351);
#1110=AXIS2_PLACEMENT_3D('',#2706,#1353,#1354);
#1111=AXIS2_PLACEMENT_3D('',#2707,#1355,#1356);
#1112=AXIS2_PLACEMENT_3D('',#2709,#1357,#1358);
#1113=AXIS2_PLACEMENT_3D('',#2710,#1359,#1360);
#1114=AXIS2_PLACEMENT_3D('',#2712,#1362,#1363);
#1115=AXIS2_PLACEMENT_3D('',#2713,#1364,#1365);
#1116=AXIS2_PLACEMENT_3D('',#2714,#1366,#1367);
#1117=AXIS2_PLACEMENT_3D('',#2715,#1368,#1369);
#1118=AXIS2_PLACEMENT_3D('',#2716,#1370,#1371);
#1119=DIRECTION('axis',(0.,0.,1.));
#1120=DIRECTION('refdir',(1.,0.,0.));
#1121=DIRECTION('center_axis',(0.,0.,1.));
#1122=DIRECTION('ref_axis',(-1.,0.,0.));
#1123=DIRECTION('',(0.,0.,-1.));
#1124=DIRECTION('center_axis',(0.,0.,-1.));
#1125=DIRECTION('ref_axis',(-1.,0.,0.));
#1126=DIRECTION('center_axis',(0.,0.,1.));
#1127=DIRECTION('ref_axis',(-1.,0.,0.));
#1128=DIRECTION('',(0.,0.,-1.));
#1129=DIRECTION('center_axis',(0.,0.,1.));
#1130=DIRECTION('ref_axis',(-1.,0.,0.));
#1131=DIRECTION('',(0.,0.,-1.));
#1132=DIRECTION('center_axis',(0.,0.,1.));
#1133=DIRECTION('ref_axis',(-1.,0.,0.));
#1134=DIRECTION('',(0.,0.,-1.));
#1135=DIRECTION('center_axis',(0.,0.,1.));
#1136=DIRECTION('ref_axis',(-1.,0.,0.));
#1137=DIRECTION('',(0.,0.,-1.));
#1138=DIRECTION('center_axis',(0.,0.,1.));
#1139=DIRECTION('ref_axis',(-1.,0.,0.));
#1140=DIRECTION('',(0.,0.,-1.));
#1141=DIRECTION('center_axis',(0.,0.,1.));
#1142=DIRECTION('ref_axis',(-1.,-2.83250662178736E-16,0.));
#1143=DIRECTION('',(0.,0.,1.));
#1144=DIRECTION('center_axis',(0.,0.,1.));
#1145=DIRECTION('ref_axis',(-1.,-2.83250662178736E-16,0.));
#1146=DIRECTION('center_axis',(0.,0.,1.));
#1147=DIRECTION('ref_axis',(-1.,-2.83250662178736E-16,0.));
#1148=DIRECTION('',(0.,0.,1.));
#1149=DIRECTION('center_axis',(0.,0.,1.));
#1150=DIRECTION('ref_axis',(-1.,-2.83250662178736E-16,0.));
#1151=DIRECTION('center_axis',(0.,0.,1.));
#1152=DIRECTION('ref_axis',(-1.,-2.83250662178736E-16,0.));
#1153=DIRECTION('',(0.,0.,1.));
#1154=DIRECTION('center_axis',(0.,0.,1.));
#1155=DIRECTION('ref_axis',(-1.,-2.83250662178736E-16,0.));
#1156=DIRECTION('',(0.,0.,1.));
#1157=DIRECTION('center_axis',(0.,0.,1.));
#1158=DIRECTION('ref_axis',(-1.,-2.83250662178736E-16,0.));
#1159=DIRECTION('',(0.,0.,1.));
#1160=DIRECTION('center_axis',(0.,0.,1.));
#1161=DIRECTION('ref_axis',(-1.,-2.83250662178736E-16,0.));
#1162=DIRECTION('',(0.,0.,1.));
#1163=DIRECTION('center_axis',(0.,0.,1.));
#1164=DIRECTION('ref_axis',(1.,0.,0.));
#1165=DIRECTION('center_axis',(0.,0.,-1.));
#1166=DIRECTION('ref_axis',(-1.,0.,0.));
#1167=DIRECTION('center_axis',(0.,0.,-1.));
#1168=DIRECTION('ref_axis',(-1.,0.,0.));
#1169=DIRECTION('center_axis',(0.,0.,1.));
#1170=DIRECTION('ref_axis',(1.,0.,0.));
#1171=DIRECTION('center_axis',(0.,0.,1.));
#1172=DIRECTION('ref_axis',(-1.,0.,0.));
#1173=DIRECTION('center_axis',(0.,0.,1.));
#1174=DIRECTION('ref_axis',(-1.,0.,0.));
#1175=DIRECTION('center_axis',(0.,0.,-1.));
#1176=DIRECTION('ref_axis',(-1.,-2.83250662178736E-16,0.));
#1177=DIRECTION('center_axis',(0.,0.,1.));
#1178=DIRECTION('ref_axis',(-1.,-2.83250662178736E-16,0.));
#1179=DIRECTION('center_axis',(0.,0.,-1.));
#1180=DIRECTION('ref_axis',(-1.,0.,0.));
#1181=DIRECTION('center_axis',(0.,0.,-1.));
#1182=DIRECTION('ref_axis',(-1.,0.,0.));
#1183=DIRECTION('',(0.,0.,-1.));
#1184=DIRECTION('center_axis',(0.,0.,-1.));
#1185=DIRECTION('ref_axis',(-1.,0.,0.));
#1186=DIRECTION('center_axis',(0.,0.,1.));
#1187=DIRECTION('ref_axis',(-1.,0.,0.));
#1188=DIRECTION('center_axis',(0.,0.,-1.));
#1189=DIRECTION('ref_axis',(-1.,0.,0.));
#1190=DIRECTION('center_axis',(0.,0.,-1.));
#1191=DIRECTION('ref_axis',(-1.,0.,0.));
#1192=DIRECTION('',(0.,0.,-1.));
#1193=DIRECTION('center_axis',(0.,0.,-1.));
#1194=DIRECTION('ref_axis',(-1.,0.,0.));
#1195=DIRECTION('center_axis',(0.,0.,1.));
#1196=DIRECTION('ref_axis',(-1.,0.,0.));
#1197=DIRECTION('center_axis',(0.,0.,-1.));
#1198=DIRECTION('ref_axis',(-1.,0.,0.));
#1199=DIRECTION('center_axis',(0.,0.,1.));
#1200=DIRECTION('ref_axis',(-1.,0.,0.));
#1201=DIRECTION('',(-0.707106781186547,8.65956056235493E-17,0.707106781186547));
#1202=DIRECTION('center_axis',(0.,0.,-1.));
#1203=DIRECTION('ref_axis',(-1.,0.,0.));
#1204=DIRECTION('center_axis',(0.,0.,1.));
#1205=DIRECTION('ref_axis',(-1.,0.,0.));
#1206=DIRECTION('center_axis',(0.,0.,1.));
#1207=DIRECTION('ref_axis',(-1.,0.,0.));
#1208=DIRECTION('center_axis',(0.,0.,1.));
#1209=DIRECTION('ref_axis',(-1.,0.,0.));
#1210=DIRECTION('center_axis',(0.,0.,1.));
#1211=DIRECTION('ref_axis',(1.,0.,0.));
#1212=DIRECTION('',(-1.,0.,0.));
#1213=DIRECTION('',(0.707106781186548,0.707106781186548,0.));
#1214=DIRECTION('',(0.,-1.,0.));
#1215=DIRECTION('center_axis',(0.,0.,1.));
#1216=DIRECTION('ref_axis',(1.,0.,0.));
#1217=DIRECTION('',(0.,1.,0.));
#1218=DIRECTION('',(0.707106781186548,-0.707106781186548,0.));
#1219=DIRECTION('',(-1.,0.,0.));
#1220=DIRECTION('center_axis',(0.,0.,1.));
#1221=DIRECTION('ref_axis',(1.,0.,0.));
#1222=DIRECTION('',(1.,0.,0.));
#1223=DIRECTION('',(-0.707106781186548,-0.707106781186548,0.));
#1224=DIRECTION('',(0.,1.,0.));
#1225=DIRECTION('center_axis',(0.,0.,1.));
#1226=DIRECTION('ref_axis',(1.,0.,0.));
#1227=DIRECTION('',(0.,-1.,0.));
#1228=DIRECTION('',(-0.707106781186548,0.707106781186548,0.));
#1229=DIRECTION('',(1.,0.,0.));
#1230=DIRECTION('center_axis',(0.,0.,1.));
#1231=DIRECTION('ref_axis',(-1.,0.,0.));
#1232=DIRECTION('center_axis',(0.,0.,1.));
#1233=DIRECTION('ref_axis',(-1.,0.,0.));
#1234=DIRECTION('',(0.,0.,-1.));
#1235=DIRECTION('center_axis',(0.707106781186548,0.,-0.707106781186548));
#1236=DIRECTION('ref_axis',(-0.707106781186548,0.,-0.707106781186548));
#1237=DIRECTION('',(0.,1.,0.));
#1238=DIRECTION('',(0.577350269189626,0.577350269189626,0.577350269189626));
#1239=DIRECTION('',(0.,-1.,0.));
#1240=DIRECTION('',(0.577350269189626,-0.577350269189626,0.577350269189626));
#1241=DIRECTION('center_axis',(0.,0.707106781186548,-0.707106781186548));
#1242=DIRECTION('ref_axis',(-1.,0.,0.));
#1243=DIRECTION('',(-1.,0.,0.));
#1244=DIRECTION('',(-0.577350269189626,0.577350269189626,0.577350269189626));
#1245=DIRECTION('',(1.,0.,0.));
#1246=DIRECTION('center_axis',(-0.707106781186548,0.,-0.707106781186548));
#1247=DIRECTION('ref_axis',(-0.707106781186548,0.,0.707106781186548));
#1248=DIRECTION('',(0.,-1.,0.));
#1249=DIRECTION('',(-0.577350269189626,-0.577350269189626,0.577350269189626));
#1250=DIRECTION('',(0.,1.,0.));
#1251=DIRECTION('center_axis',(0.,-0.707106781186548,-0.707106781186548));
#1252=DIRECTION('ref_axis',(-1.,0.,0.));
#1253=DIRECTION('',(-1.,0.,0.));
#1254=DIRECTION('',(1.,0.,0.));
#1255=DIRECTION('center_axis',(0.,-1.,0.));
#1256=DIRECTION('ref_axis',(-1.,0.,0.));
#1257=DIRECTION('',(0.,0.,-1.));
#1258=DIRECTION('',(1.,0.,0.));
#1259=DIRECTION('',(0.,0.,-1.));
#1260=DIRECTION('center_axis',(1.,0.,0.));
#1261=DIRECTION('ref_axis',(0.,1.,0.));
#1262=DIRECTION('',(0.,0.,-1.));
#1263=DIRECTION('',(0.,1.,0.));
#1264=DIRECTION('',(0.,0.,-1.));
#1265=DIRECTION('',(0.,0.,1.));
#1266=DIRECTION('',(0.,1.,0.));
#1267=DIRECTION('center_axis',(0.,0.,-1.));
#1268=DIRECTION('ref_axis',(-1.,0.,0.));
#1269=DIRECTION('center_axis',(0.,-0.707106781186548,-0.707106781186548));
#1270=DIRECTION('ref_axis',(-1.,0.,0.));
#1271=DIRECTION('',(1.,0.,0.));
#1272=DIRECTION('',(0.577350269189626,-0.577350269189626,0.577350269189626));
#1273=DIRECTION('',(-1.,0.,0.));
#1274=DIRECTION('',(-0.577350269189626,-0.577350269189626,0.577350269189626));
#1275=DIRECTION('center_axis',(0.707106781186548,0.,-0.707106781186548));
#1276=DIRECTION('ref_axis',(-0.707106781186548,0.,-0.707106781186548));
#1277=DIRECTION('',(0.,1.,0.));
#1278=DIRECTION('',(0.577350269189626,0.577350269189626,0.577350269189626));
#1279=DIRECTION('',(0.,-1.,0.));
#1280=DIRECTION('center_axis',(0.,0.707106781186548,-0.707106781186548));
#1281=DIRECTION('ref_axis',(-1.,0.,0.));
#1282=DIRECTION('',(-1.,0.,0.));
#1283=DIRECTION('',(-0.577350269189626,0.577350269189626,0.577350269189626));
#1284=DIRECTION('',(1.,0.,0.));
#1285=DIRECTION('center_axis',(-0.707106781186548,0.,-0.707106781186548));
#1286=DIRECTION('ref_axis',(-0.707106781186548,0.,0.707106781186548));
#1287=DIRECTION('',(0.,1.,0.));
#1288=DIRECTION('',(0.,-1.,0.));
#1289=DIRECTION('center_axis',(-1.,0.,0.));
#1290=DIRECTION('ref_axis',(0.,-1.,0.));
#1291=DIRECTION('',(0.,0.,-1.));
#1292=DIRECTION('',(0.,-1.,0.));
#1293=DIRECTION('',(0.,0.,-1.));
#1294=DIRECTION('',(0.,0.,1.));
#1295=DIRECTION('',(0.,-1.,0.));
#1296=DIRECTION('',(0.,0.,-1.));
#1297=DIRECTION('center_axis',(0.,-1.,0.));
#1298=DIRECTION('ref_axis',(-1.,0.,0.));
#1299=DIRECTION('',(0.,0.,-1.));
#1300=DIRECTION('',(1.,0.,0.));
#1301=DIRECTION('center_axis',(0.,0.,-1.));
#1302=DIRECTION('ref_axis',(-1.,0.,0.));
#1303=DIRECTION('center_axis',(0.,0.,1.));
#1304=DIRECTION('ref_axis',(1.,0.,0.));
#1305=DIRECTION('center_axis',(0.,0.,1.));
#1306=DIRECTION('ref_axis',(1.,0.,0.));
#1307=DIRECTION('',(-0.707106781186547,8.65956056235493E-17,0.707106781186548));
#1308=DIRECTION('center_axis',(0.,0.,-1.));
#1309=DIRECTION('ref_axis',(1.,0.,0.));
#1310=DIRECTION('center_axis',(0.,0.,-1.));
#1311=DIRECTION('ref_axis',(1.,0.,0.));
#1312=DIRECTION('',(0.,0.,1.));
#1313=DIRECTION('center_axis',(0.,0.,1.));
#1314=DIRECTION('ref_axis',(1.,0.,0.));
#1315=DIRECTION('center_axis',(0.,0.,-1.));
#1316=DIRECTION('ref_axis',(1.,0.,0.));
#1317=DIRECTION('center_axis',(0.707106781186548,0.707106781186548,0.));
#1318=DIRECTION('ref_axis',(0.,0.,-1.));
#1319=DIRECTION('',(-0.707106781186548,0.707106781186548,0.));
#1320=DIRECTION('',(0.,0.,1.));
#1321=DIRECTION('center_axis',(0.,1.,0.));
#1322=DIRECTION('ref_axis',(-1.,0.,0.));
#1323=DIRECTION('',(-1.,0.,0.));
#1324=DIRECTION('',(0.,0.,-1.));
#1325=DIRECTION('center_axis',(0.,0.,1.));
#1326=DIRECTION('ref_axis',(1.,0.,0.));
#1327=DIRECTION('',(-1.,0.,0.));
#1328=DIRECTION('',(0.,-1.,0.));
#1329=DIRECTION('',(0.707106781186548,0.707106781186548,0.));
#1330=DIRECTION('',(1.,0.,0.));
#1331=DIRECTION('',(0.707106781186548,-0.707106781186548,0.));
#1332=DIRECTION('',(0.,1.,0.));
#1333=DIRECTION('',(-1.,0.,0.));
#1334=DIRECTION('',(-0.707106781186548,-0.707106781186548,0.));
#1335=DIRECTION('center_axis',(-0.707106781186548,0.707106781186548,0.));
#1336=DIRECTION('ref_axis',(0.,0.,1.));
#1337=DIRECTION('center_axis',(-0.707106781186548,-0.707106781186548,0.));
#1338=DIRECTION('ref_axis',(0.,0.,1.));
#1339=DIRECTION('',(0.,0.,1.));
#1340=DIRECTION('center_axis',(0.,-1.,0.));
#1341=DIRECTION('ref_axis',(1.,0.,0.));
#1342=DIRECTION('',(0.,0.,-1.));
#1343=DIRECTION('center_axis',(0.707106781186548,-0.707106781186548,0.));
#1344=DIRECTION('ref_axis',(0.,0.,-1.));
#1345=DIRECTION('center_axis',(0.,1.,0.));
#1346=DIRECTION('ref_axis',(1.,0.,0.));
#1347=DIRECTION('',(0.,0.,-1.));
#1348=DIRECTION('center_axis',(-1.,0.,0.));
#1349=DIRECTION('ref_axis',(0.,1.,0.));
#1350=DIRECTION('center_axis',(1.,0.,0.));
#1351=DIRECTION('ref_axis',(0.,-1.,0.));
#1352=DIRECTION('',(0.,0.,-1.));
#1353=DIRECTION('center_axis',(0.,1.,0.));
#1354=DIRECTION('ref_axis',(1.,0.,0.));
#1355=DIRECTION('center_axis',(0.,0.,1.));
#1356=DIRECTION('ref_axis',(-1.,0.,0.));
#1357=DIRECTION('center_axis',(0.,0.,1.));
#1358=DIRECTION('ref_axis',(-1.,0.,0.));
#1359=DIRECTION('center_axis',(0.,0.,1.));
#1360=DIRECTION('ref_axis',(-1.,0.,0.));
#1361=DIRECTION('',(0.,0.,-1.));
#1362=DIRECTION('center_axis',(0.,0.,-1.));
#1363=DIRECTION('ref_axis',(-1.,0.,0.));
#1364=DIRECTION('center_axis',(0.,0.,1.));
#1365=DIRECTION('ref_axis',(-1.,0.,0.));
#1366=DIRECTION('center_axis',(0.,0.,1.));
#1367=DIRECTION('ref_axis',(-1.,0.,0.));
#1368=DIRECTION('center_axis',(0.,0.,-1.));
#1369=DIRECTION('ref_axis',(-1.,0.,0.));
#1370=DIRECTION('center_axis',(0.,0.,1.));
#1371=DIRECTION('ref_axis',(-1.,0.,0.));
#1372=CARTESIAN_POINT('',(0.,0.,0.));
#1373=CARTESIAN_POINT('Origin',(0.,0.,4.5));
#1374=CARTESIAN_POINT('',(2.95774155901998,-0.00181844294546981,4.72523460682812));
#1375=CARTESIAN_POINT('',(2.95671574293947,-0.00313091320404847,4.62476539317188));
#1376=CARTESIAN_POINT('',(2.954,3.61760664468128E-16,4.5));
#1377=CARTESIAN_POINT('',(-1.28729429523682,-2.65875711516693,4.5));
#1378=CARTESIAN_POINT('Ctrl Pts',(2.95774155901998,-0.00181844294546981,
4.72523460682812));
#1379=CARTESIAN_POINT('Ctrl Pts',(2.95836191552319,-0.0954416344277821,
4.72169067479089));
#1380=CARTESIAN_POINT('Ctrl Pts',(2.95430488810267,-0.189006820182576,4.71814674275366));
#1381=CARTESIAN_POINT('Ctrl Pts',(2.94539511197068,-0.282103165633973,4.71460281071643));
#1382=CARTESIAN_POINT('Ctrl Pts',(2.85209273867436,-1.25699971153492,4.6774910735666));
#1383=CARTESIAN_POINT('Ctrl Pts',(2.22663358427632,-2.1804828087823,4.64037933641676));
#1384=CARTESIAN_POINT('Ctrl Pts',(1.3559712131316,-2.62962674501859,4.60326759926692));
#1385=CARTESIAN_POINT('Ctrl Pts',(0.548399092240406,-3.04622465161569,4.56884506617794));
#1386=CARTESIAN_POINT('Ctrl Pts',(-0.47012774931234,-3.05473621033545,4.53442253308897));
#1387=CARTESIAN_POINT('Ctrl Pts',(-1.2904274058887,-2.66266968591169,4.5));
#1388=CARTESIAN_POINT('',(1.28729429523681,-2.65875711516693,4.5));
#1389=CARTESIAN_POINT('Origin',(0.,0.,4.5));
#1390=CARTESIAN_POINT('Ctrl Pts',(1.28729429523681,-2.65875711516693,4.5));
#1391=CARTESIAN_POINT('Ctrl Pts',(2.17296397470101,-2.22994113971184,4.53711173714984));
#1392=CARTESIAN_POINT('Ctrl Pts',(2.81973600079792,-1.32736222104104,4.57422347429968));
#1393=CARTESIAN_POINT('Ctrl Pts',(2.93704640621335,-0.356576016406252,4.61133521144952));
#1394=CARTESIAN_POINT('Ctrl Pts',(2.95119736566401,-0.239471688206195,4.6158119386903));
#1395=CARTESIAN_POINT('Ctrl Pts',(2.95764402510101,-0.121374862394116,4.62028866593109));
#1396=CARTESIAN_POINT('Ctrl Pts',(2.95671574293947,-0.00313091320404847,
4.62476539317188));
#1397=CARTESIAN_POINT('Origin',(0.,0.,4.5));
#1398=CARTESIAN_POINT('',(2.95020256205479,-0.00176823865094572,5.42523460682812));
#1399=CARTESIAN_POINT('',(2.94979011952718,-0.00145200012715483,5.32476539317188));
#1400=CARTESIAN_POINT('',(2.954,3.61760664468128E-16,4.5));
#1401=CARTESIAN_POINT('Ctrl Pts',(2.95020256205479,-0.00176823865094572,
5.42523460682812));
#1402=CARTESIAN_POINT('Ctrl Pts',(2.95225342783272,-0.379581680253787,5.41102776435659));
#1403=CARTESIAN_POINT('Ctrl Pts',(2.88497134672308,-0.756691646516016,5.39682092188506));
#1404=CARTESIAN_POINT('Ctrl Pts',(2.74499795152694,-1.10455024357171,5.38261407941353));
#1405=CARTESIAN_POINT('Ctrl Pts',(2.3793533080462,-2.01324173114987,5.3455023422637));
#1406=CARTESIAN_POINT('Ctrl Pts',(1.51767636464235,-2.72232719803959,5.30839060511386));
#1407=CARTESIAN_POINT('Ctrl Pts',(0.555597004411932,-2.90625516030337,5.27127886796402));
#1408=CARTESIAN_POINT('Ctrl Pts',(-0.406482355818481,-3.09018312256714,
5.23416713081418));
#1409=CARTESIAN_POINT('Ctrl Pts',(-1.46896413287545,-2.74895358020497,5.19705539366434));
#1410=CARTESIAN_POINT('Ctrl Pts',(-2.14400713390129,-2.03919933825886,5.1599436565145));
#1411=CARTESIAN_POINT('Ctrl Pts',(-2.81905013492714,-1.32944509631274,5.12283191936466));
#1412=CARTESIAN_POINT('Ctrl Pts',(-3.10665435992186,-0.251166154782671,
5.08572018221482));
#1413=CARTESIAN_POINT('Ctrl Pts',(-2.87478417433508,0.700472923368309,5.04860844506498));
#1414=CARTESIAN_POINT('Ctrl Pts',(-2.6429139887483,1.65211200151929,5.01149670791514));
#1415=CARTESIAN_POINT('Ctrl Pts',(-1.89156939258003,2.47711121629118,4.9743849707653));
#1416=CARTESIAN_POINT('Ctrl Pts',(-0.965694850151237,2.79682798006262,4.93727323361547));
#1417=CARTESIAN_POINT('Ctrl Pts',(-0.0398203077224403,3.11654474383405,
4.90016149646563));
#1418=CARTESIAN_POINT('Ctrl Pts',(1.06058418096688,2.93097905660502,4.86304975931579));
#1419=CARTESIAN_POINT('Ctrl Pts',(1.83021362921424,2.32504121571325,4.82593802216595));
#1420=CARTESIAN_POINT('Ctrl Pts',(2.52634841868487,1.77696653865657,4.79237021705334));
#1421=CARTESIAN_POINT('Ctrl Pts',(2.95186559808695,0.884971995664495,4.75880241194073));
#1422=CARTESIAN_POINT('Ctrl Pts',(2.95774155901998,-0.00181844294546981,
4.72523460682812));
#1423=CARTESIAN_POINT('Ctrl Pts',(2.95671574293947,-0.00313091320404847,
4.62476539317188));
#1424=CARTESIAN_POINT('Ctrl Pts',(2.94994863475734,0.858858715814474,4.65740040308093));
#1425=CARTESIAN_POINT('Ctrl Pts',(2.55125485927046,1.72866692542071,4.69003541298998));
#1426=CARTESIAN_POINT('Ctrl Pts',(1.88823072431791,2.27878840208945,4.72267042289904));
#1427=CARTESIAN_POINT('Ctrl Pts',(1.13425585227311,2.90437312535159,4.75978216004887));
#1428=CARTESIAN_POINT('Ctrl Pts',(0.038457323449563,3.11654908127712,4.79689389719871));
#1429=CARTESIAN_POINT('Ctrl Pts',(-0.895252029988224,2.81995104100369,4.83400563434855));
#1430=CARTESIAN_POINT('Ctrl Pts',(-1.82896138342601,2.52335300073027,4.87111737149839));
#1431=CARTESIAN_POINT('Ctrl Pts',(-2.60058156147804,1.7179809642579,4.90822910864823));
#1432=CARTESIAN_POINT('Ctrl Pts',(-2.85622965897171,0.772585162749762,4.94534084579807));
#1433=CARTESIAN_POINT('Ctrl Pts',(-3.11187775646538,-0.172810638758375,
4.98245258294791));
#1434=CARTESIAN_POINT('Ctrl Pts',(-2.85155377340069,-1.25823020530227,5.01956432009774));
#1435=CARTESIAN_POINT('Ctrl Pts',(-2.19457547664644,-1.98477658973402,5.05667605724758));
#1436=CARTESIAN_POINT('Ctrl Pts',(-1.5375971798922,-2.71132297416577,5.09378779439742));
#1437=CARTESIAN_POINT('Ctrl Pts',(-0.483964569448384,-3.07899617648538,
5.13089953154726));
#1438=CARTESIAN_POINT('Ctrl Pts',(0.482444338624907,-2.91925732811193,5.1680112686971));
#1439=CARTESIAN_POINT('Ctrl Pts',(1.4488532466982,-2.75951847973848,5.20512300584694));
#1440=CARTESIAN_POINT('Ctrl Pts',(2.32803845240098,-2.07236758067197,5.24223474299678));
#1441=CARTESIAN_POINT('Ctrl Pts',(2.71638313920805,-1.17316270365483,5.27934648014662));
#1442=CARTESIAN_POINT('Ctrl Pts',(2.87480735491011,-0.806334387891935,5.2944861178217));
#1443=CARTESIAN_POINT('Ctrl Pts',(2.95154535003649,-0.404215815212601,5.30962575549679));
#1444=CARTESIAN_POINT('Ctrl Pts',(2.94979011952718,-0.00145200012715483,
5.32476539317188));
#1445=CARTESIAN_POINT('Origin',(0.,0.,4.5));
#1446=CARTESIAN_POINT('',(2.95132005173652,0.00233069374466738,6.12523460682812));
#1447=CARTESIAN_POINT('',(2.95195527741784,0.0025196677318675,6.02476539317188));
#1448=CARTESIAN_POINT('',(2.954,3.61760664468128E-16,4.5));
#1449=CARTESIAN_POINT('Ctrl Pts',(2.95132005173652,0.00233069374466738,
6.12523460682812));
#1450=CARTESIAN_POINT('Ctrl Pts',(2.9464636110743,-0.658419910334523,6.10036485392229));
#1451=CARTESIAN_POINT('Ctrl Pts',(2.72726391996885,-1.32209194200682,6.07549510101646));
#1452=CARTESIAN_POINT('Ctrl Pts',(2.31981100070061,-1.8367140904667,6.05062534811063));
#1453=CARTESIAN_POINT('Ctrl Pts',(1.71179186604837,-2.60465585399954,6.01351361096079));
#1454=CARTESIAN_POINT('Ctrl Pts',(0.68457197400921,-3.04069454983544,5.97640187381096));
#1455=CARTESIAN_POINT('Ctrl Pts',(-0.290206330959442,-2.94462580078963,
5.93929013666112));
#1456=CARTESIAN_POINT('Ctrl Pts',(-1.26498463592809,-2.84855705174382,5.90217839951128));
#1457=CARTESIAN_POINT('Ctrl Pts',(-2.18732135382624,-2.22038085781627,5.86506666236144));
#1458=CARTESIAN_POINT('Ctrl Pts',(-2.63373043203768,-1.34852009588955,5.8279549252116));
#1459=CARTESIAN_POINT('Ctrl Pts',(-3.08013951024912,-0.47665933396283,5.79084318806176));
#1460=CARTESIAN_POINT('Ctrl Pts',(-3.05062094877386,0.638885995963072,5.75373145091192));
#1461=CARTESIAN_POINT('Ctrl Pts',(-2.55872835460891,1.48591777106322,5.71661971376208));
#1462=CARTESIAN_POINT('Ctrl Pts',(-2.06683576044396,2.33294954616337,5.67950797661225));
#1463=CARTESIAN_POINT('Ctrl Pts',(-1.11256913358932,2.91146776643775,5.64239623946241));
#1464=CARTESIAN_POINT('Ctrl Pts',(-0.134074188685733,2.95585192221286,5.60528450231257));
#1465=CARTESIAN_POINT('Ctrl Pts',(0.844420756217855,3.00023607798798,5.56817276516273));
#1466=CARTESIAN_POINT('Ctrl Pts',(1.84714401917039,2.51048616926382,5.53106102801289));
#1467=CARTESIAN_POINT('Ctrl Pts',(2.41369947886784,1.71146246076844,5.49394929086305));
#1468=CARTESIAN_POINT('Ctrl Pts',(2.76337034125289,1.21831513611839,5.47104439618474));
#1469=CARTESIAN_POINT('Ctrl Pts',(2.94689606627735,0.6073591663516,5.44813950150643));
#1470=CARTESIAN_POINT('Ctrl Pts',(2.95020256205479,-0.00176823865094572,
5.42523460682812));
#1471=CARTESIAN_POINT('Ctrl Pts',(2.94979011952718,-0.00145200012715483,
5.32476539317188));
#1472=CARTESIAN_POINT('Ctrl Pts',(2.94724276006064,0.583077616750687,5.34673749264663));
#1473=CARTESIAN_POINT('Ctrl Pts',(2.7793681945964,1.16896628242962,5.36870959212138));
#1474=CARTESIAN_POINT('Ctrl Pts',(2.45592679703508,1.65031082394303,5.39068169159613));
#1475=CARTESIAN_POINT('Ctrl Pts',(1.90962160014367,2.46332061955598,5.42779342874597));
#1476=CARTESIAN_POINT('Ctrl Pts',(0.919507038449462,2.97808135581412,5.46490516589581));
#1477=CARTESIAN_POINT('Ctrl Pts',(-0.0597959723758394,2.95828219353652,
5.50201690304565));
#1478=CARTESIAN_POINT('Ctrl Pts',(-1.03909898320114,2.93848303125892,5.53912864019549));
#1479=CARTESIAN_POINT('Ctrl Pts',(-2.00759044315754,2.38412397044558,5.57624037734533));
#1480=CARTESIAN_POINT('Ctrl Pts',(-2.5206006637474,1.54971582108061,5.61335211449517));
#1481=CARTESIAN_POINT('Ctrl Pts',(-3.03361088433726,0.715307671715635,5.65046385164501));
#1482=CARTESIAN_POINT('Ctrl Pts',(-3.09113986556057,-0.399149566200968,
5.68757558879484));
#1483=CARTESIAN_POINT('Ctrl Pts',(-2.66676938441814,-1.28194844828979,5.72468732594468));
#1484=CARTESIAN_POINT('Ctrl Pts',(-2.2423989032757,-2.1647473303786,5.76179906309452));
#1485=CARTESIAN_POINT('Ctrl Pts',(-1.33612895976752,-2.81588785663964,5.79891080024436));
#1486=CARTESIAN_POINT('Ctrl Pts',(-0.36407060217973,-2.9364078335102,5.8360225373942));
#1487=CARTESIAN_POINT('Ctrl Pts',(0.607987755408064,-3.05692781038076,5.87313427454404));
#1488=CARTESIAN_POINT('Ctrl Pts',(1.64583452707546,-2.64682723786084,5.91024601169388));
#1489=CARTESIAN_POINT('Ctrl Pts',(2.27294911960414,-1.89439873773869,5.94735774884372));
#1490=CARTESIAN_POINT('Ctrl Pts',(2.7089608961073,-1.37126039757183,5.9731602969531));
#1491=CARTESIAN_POINT('Ctrl Pts',(2.94642657515199,-0.68264226904508,5.99896284506249));
#1492=CARTESIAN_POINT('Ctrl Pts',(2.95195527741784,0.0025196677318675,6.02476539317188));
#1493=CARTESIAN_POINT('Origin',(0.,0.,4.5));
#1494=CARTESIAN_POINT('',(2.95864816839437,0.000771830867101198,6.82523460682812));
#1495=CARTESIAN_POINT('',(2.95884957189188,0.000320277022567181,6.72476539317188));
#1496=CARTESIAN_POINT('',(2.954,3.61760664468128E-16,4.5));
#1497=CARTESIAN_POINT('Ctrl Pts',(2.95864816839437,0.000771830867101198,
6.82523460682812));
#1498=CARTESIAN_POINT('Ctrl Pts',(2.9553800241082,-0.9372593134612,6.78970194348799));
#1499=CARTESIAN_POINT('Ctrl Pts',(2.47122375533984,-1.87819285936702,6.75416928014787));
#1500=CARTESIAN_POINT('Ctrl Pts',(1.70467994362098,-2.41849292306322,6.71863661680774));
#1501=CARTESIAN_POINT('Ctrl Pts',(0.904070876351337,-2.98280395581629,6.6815248796579));
#1502=CARTESIAN_POINT('Ctrl Pts',(-0.204582067051832,-3.11008193293508,
6.64441314250806));
#1503=CARTESIAN_POINT('Ctrl Pts',(-1.11224669861731,-2.74188783878735,6.60730140535822));
#1504=CARTESIAN_POINT('Ctrl Pts',(-2.01991133018278,-2.37369374463963,6.57018966820838));
#1505=CARTESIAN_POINT('Ctrl Pts',(-2.72658764991056,-1.5100275792254,6.53307793105854));
#1506=CARTESIAN_POINT('Ctrl Pts',(-2.90780917997333,-0.54743696655123,6.4959661939087));
#1507=CARTESIAN_POINT('Ctrl Pts',(-3.08903071003609,0.415153646122938,6.45885445675887));
#1508=CARTESIAN_POINT('Ctrl Pts',(-2.74479745043384,1.47666870605704,6.42174271960903));
#1509=CARTESIAN_POINT('Ctrl Pts',(-2.03316217706463,2.14971932479963,6.38463098245919));
#1510=CARTESIAN_POINT('Ctrl Pts',(-1.32152690369543,2.82276994354223,6.34751924530935));
#1511=CARTESIAN_POINT('Ctrl Pts',(-0.242489616559278,3.10735612109333,6.3104075081595));
#1512=CARTESIAN_POINT('Ctrl Pts',(0.708515563559905,2.87281171601575,6.27329577100966));
#1513=CARTESIAN_POINT('Ctrl Pts',(1.65952074367909,2.63826731093817,6.23618403385982));
#1514=CARTESIAN_POINT('Ctrl Pts',(2.4824938167813,1.88459232323191,6.19907229670999));
#1515=CARTESIAN_POINT('Ctrl Pts',(2.79957116469975,0.957832413763906,6.16196055956016));
#1516=CARTESIAN_POINT('Ctrl Pts',(2.90416491846767,0.652123732871922,6.14971857531615));
#1517=CARTESIAN_POINT('Ctrl Pts',(2.95371060504414,0.327581150192162,6.13747659107214));
#1518=CARTESIAN_POINT('Ctrl Pts',(2.95132005173652,0.00233069374466738,
6.12523460682812));
#1519=CARTESIAN_POINT('Ctrl Pts',(2.95195527741784,0.0025196677318675,6.02476539317188));
#1520=CARTESIAN_POINT('Ctrl Pts',(2.95437849309436,0.302824344366271,6.03607458221233));
#1521=CARTESIAN_POINT('Ctrl Pts',(2.91224555169457,0.602465070712848,6.04738377125278));
#1522=CARTESIAN_POINT('Ctrl Pts',(2.82274497672027,0.887217617058393,6.05869296029324));
#1523=CARTESIAN_POINT('Ctrl Pts',(2.52904382791776,1.82164904400892,6.09580469744308));
#1524=CARTESIAN_POINT('Ctrl Pts',(1.72525911692279,2.59575547018559,6.13291643459291));
#1525=CARTESIAN_POINT('Ctrl Pts',(0.780444519422603,2.85411090305844,6.17002817174275));
#1526=CARTESIAN_POINT('Ctrl Pts',(-0.164370078077581,3.1124663359313,6.20713990889259));
#1527=CARTESIAN_POINT('Ctrl Pts',(-1.25021456208297,2.85507077550035,6.24425164604243));
#1528=CARTESIAN_POINT('Ctrl Pts',(-1.97852949427196,2.20010559690274,6.28136338319227));
#1529=CARTESIAN_POINT('Ctrl Pts',(-2.70684442646095,1.54514041830512,6.31847512034211));
#1530=CARTESIAN_POINT('Ctrl Pts',(-3.07762980683353,0.492605621540839,6.35558685749195));
#1531=CARTESIAN_POINT('Ctrl Pts',(-2.92064147207557,-0.474232959448164,
6.39269859464178));
#1532=CARTESIAN_POINT('Ctrl Pts',(-2.76365313731761,-1.44107154043716,6.42981033179162));
#1533=CARTESIAN_POINT('Ctrl Pts',(-2.07889108742912,-2.32221390565088,6.46692206894146));
#1534=CARTESIAN_POINT('Ctrl Pts',(-1.18076011940496,-2.71308843756412,6.5040338060913));
#1535=CARTESIAN_POINT('Ctrl Pts',(-0.2826291513808,-3.10396296947736,6.54114554324114));
#1536=CARTESIAN_POINT('Ctrl Pts',(0.828870734779031,-3.00456966809012,6.57825728039098));
#1537=CARTESIAN_POINT('Ctrl Pts',(1.64340040199405,-2.46054437094754,6.61536901754082));
#1538=CARTESIAN_POINT('Ctrl Pts',(2.44374552441473,-1.92599294751045,6.65183447608451));
#1539=CARTESIAN_POINT('Ctrl Pts',(2.95737348420911,-0.962160686793427,6.68829993462819));
#1540=CARTESIAN_POINT('Ctrl Pts',(2.95884957189188,0.000320277022567181,
6.72476539317188));
#1541=CARTESIAN_POINT('Origin',(0.,0.,4.5));
#1542=CARTESIAN_POINT('',(2.95365353664537,-0.00272605925467864,7.52523460682812));
#1543=CARTESIAN_POINT('',(2.95291791377265,-0.00268373024190644,7.42476539317188));
#1544=CARTESIAN_POINT('',(2.954,3.61760664468128E-16,4.5));
#1545=CARTESIAN_POINT('Ctrl Pts',(2.95365353664537,-0.00272605925467864,
7.52523460682812));
#1546=CARTESIAN_POINT('Ctrl Pts',(2.95585383913898,-0.2435870440456,7.51615077020353));
#1547=CARTESIAN_POINT('Ctrl Pts',(2.9288695670709,-0.483960781285593,7.50706693357894));
#1548=CARTESIAN_POINT('Ctrl Pts',(2.87080569720658,-0.716576399965637,7.49798309695436));
#1549=CARTESIAN_POINT('Ctrl Pts',(2.63358752988794,-1.66692040703774,7.46087135980452));
#1550=CARTESIAN_POINT('Ctrl Pts',(1.87761790782285,-2.48777318595902,7.42375962265467));
#1551=CARTESIAN_POINT('Ctrl Pts',(0.949974707813765,-2.80224785644946,7.38664788550483));
#1552=CARTESIAN_POINT('Ctrl Pts',(0.0223315078046767,-3.1167225269399,7.34953614835499));
#1553=CARTESIAN_POINT('Ctrl Pts',(-1.07698527014841,-2.9248190889995,7.31242441120516));
#1554=CARTESIAN_POINT('Ctrl Pts',(-1.84321914887096,-2.31464729454444,7.27531267405532));
#1555=CARTESIAN_POINT('Ctrl Pts',(-2.6094530275935,-1.70447550008938,7.23820093690548));
#1556=CARTESIAN_POINT('Ctrl Pts',(-3.04260400708551,-0.676035349119679,
7.20108919975564));
#1557=CARTESIAN_POINT('Ctrl Pts',(-2.94379897043241,0.298469589409475,7.1639774626058));
#1558=CARTESIAN_POINT('Ctrl Pts',(-2.84499393377932,1.27297452793864,7.12686572545596));
#1559=CARTESIAN_POINT('Ctrl Pts',(-2.21423288098109,2.19354425402726,7.08975398830612));
#1560=CARTESIAN_POINT('Ctrl Pts',(-1.34112330439791,2.63750463458208,7.05264225115628));
#1561=CARTESIAN_POINT('Ctrl Pts',(-0.468013727814739,3.08146501513689,7.01553051400645));
#1562=CARTESIAN_POINT('Ctrl Pts',(0.647444372553384,3.04881605015792,6.97841877685661));
#1563=CARTESIAN_POINT('Ctrl Pts',(1.49309290944433,2.55454810121603,6.94130703970677));
#1564=CARTESIAN_POINT('Ctrl Pts',(2.33874144633529,2.06028015227414,6.90419530255693));
#1565=CARTESIAN_POINT('Ctrl Pts',(2.91458041974906,1.10439321936932,6.86708356540709));
#1566=CARTESIAN_POINT('Ctrl Pts',(2.95621731088789,0.125777708723233,6.82997182825725));
#1567=CARTESIAN_POINT('Ctrl Pts',(2.95798892626794,0.0841384258085542,6.82839275444754));
#1568=CARTESIAN_POINT('Ctrl Pts',(2.95879340493348,0.0424579943421723,6.82681368063783));
#1569=CARTESIAN_POINT('Ctrl Pts',(2.95864816839437,0.000771830867101198,
6.82523460682812));
#1570=CARTESIAN_POINT('Ctrl Pts',(2.95884957189188,0.000320277022567181,
6.72476539317188));
#1571=CARTESIAN_POINT('Ctrl Pts',(2.95887573264587,0.0173783610446833,6.72541167177803));
#1572=CARTESIAN_POINT('Ctrl Pts',(2.95874102343546,0.0344360206163655,6.72605795038418));
#1573=CARTESIAN_POINT('Ctrl Pts',(2.95844418928561,0.0514908584467188,6.72670422899034));
#1574=CARTESIAN_POINT('Ctrl Pts',(2.94139886109195,1.03084349780048,6.76381596614018));
#1575=CARTESIAN_POINT('Ctrl Pts',(2.38974875643445,2.0008914836101,6.80092770329002));
#1576=CARTESIAN_POINT('Ctrl Pts',(1.55678091162837,2.51624257602964,6.83803944043986));
#1577=CARTESIAN_POINT('Ctrl Pts',(0.723813066822283,3.03159366844917,6.87515117758969));
#1578=CARTESIAN_POINT('Ctrl Pts',(-0.390472518132379,3.09224786747863,6.91226291473953));
#1579=CARTESIAN_POINT('Ctrl Pts',(-1.2744574587111,2.67035611542027,6.94937465188937));
#1580=CARTESIAN_POINT('Ctrl Pts',(-2.15844239928982,2.24846436336191,6.9864863890392));
#1581=CARTESIAN_POINT('Ctrl Pts',(-2.81212669549262,1.34402666021572,7.02359812618905));
#1582=CARTESIAN_POINT('Ctrl Pts',(-2.93537518201615,0.37231067088859,7.06070986333888));
#1583=CARTESIAN_POINT('Ctrl Pts',(-3.05862366853969,-0.599405318438545,
7.09782160048872));
#1584=CARTESIAN_POINT('Ctrl Pts',(-2.65143634538397,-1.63839959394662,7.13493333763856));
#1585=CARTESIAN_POINT('Ctrl Pts',(-1.90077023884506,-2.26762360252737,7.1720450747884));
#1586=CARTESIAN_POINT('Ctrl Pts',(-1.15010413230615,-2.89684761110811,7.20915681193824));
#1587=CARTESIAN_POINT('Ctrl Pts',(-0.0559592423840408,-3.11630135276153,
7.24626854908808));
#1588=CARTESIAN_POINT('Ctrl Pts',(0.87929217864593,-2.82522380395381,7.28338028623792));
#1589=CARTESIAN_POINT('Ctrl Pts',(1.81454359967591,-2.53414625514609,7.32049202338776));
#1590=CARTESIAN_POINT('Ctrl Pts',(2.59090155181375,-1.73253741587724,7.3576037605376));
#1591=CARTESIAN_POINT('Ctrl Pts',(2.85190853807463,-0.788451684333657,7.39471549768744));
#1592=CARTESIAN_POINT('Ctrl Pts',(2.92235554720799,-0.533638519730281,7.40473212951559));
#1593=CARTESIAN_POINT('Ctrl Pts',(2.95525999064126,-0.268446121472289,7.41474876134373));
#1594=CARTESIAN_POINT('Ctrl Pts',(2.95291791377265,-0.00268373024190644,
7.42476539317188));
#1595=CARTESIAN_POINT('Origin',(0.,0.,4.5));
#1596=CARTESIAN_POINT('',(2.94972535182768,0.000596135558726951,8.22523460682813));
#1597=CARTESIAN_POINT('',(2.9494653645143,0.000915753113713877,8.12476539317188));
#1598=CARTESIAN_POINT('',(2.954,3.61760664468128E-16,4.5));
#1599=CARTESIAN_POINT('Ctrl Pts',(2.94972535182768,0.000596135558726951,
8.22523460682813));
#1600=CARTESIAN_POINT('Ctrl Pts',(2.94863977247943,-0.525026387830008,8.20548785976923));
#1601=CARTESIAN_POINT('Ctrl Pts',(2.81444780814052,-1.05106135453523,8.18574111271034));
#1602=CARTESIAN_POINT('Ctrl Pts',(2.55003584936842,-1.50030394117143,8.16599436565145));
#1603=CARTESIAN_POINT('Ctrl Pts',(2.05310402135847,-2.34460364998097,8.12888262850161));
#1604=CARTESIAN_POINT('Ctrl Pts',(1.09622379261877,-2.91766596122559,8.09177089135177));
#1605=CARTESIAN_POINT('Ctrl Pts',(0.117644276550353,-2.95653418479754,8.05465915420194));
#1606=CARTESIAN_POINT('Ctrl Pts',(-0.860935239518049,-2.99540240836949,
8.0175474170521));
#1607=CARTESIAN_POINT('Ctrl Pts',(-1.86121404291517,-2.50007654426878,7.98043567990226));
#1608=CARTESIAN_POINT('Ctrl Pts',(-2.4233530289135,-1.69789831279222,7.94332394275242));
#1609=CARTESIAN_POINT('Ctrl Pts',(-2.98549201491183,-0.895720081315641,
7.90621220560258));
#1610=CARTESIAN_POINT('Ctrl Pts',(-3.10949118351137,0.213310517536799,7.86910046845274));
#1611=CARTESIAN_POINT('Ctrl Pts',(-2.73871107291484,1.11994417394948,7.8319887313029));
#1612=CARTESIAN_POINT('Ctrl Pts',(-2.36793096231832,2.02657783036217,7.79487699415306));
#1613=CARTESIAN_POINT('Ctrl Pts',(-1.50237157252572,2.7308145443351,7.75776525700323));
#1614=CARTESIAN_POINT('Ctrl Pts',(-0.539296965562307,2.90933070452894,7.72065351985339));
#1615=CARTESIAN_POINT('Ctrl Pts',(0.423777641401112,3.08784686472278,7.68354178270355));
#1616=CARTESIAN_POINT('Ctrl Pts',(1.48436746553536,2.74064247113753,7.64643004555371));
#1617=CARTESIAN_POINT('Ctrl Pts',(2.15542902131638,2.02712265673345,7.60931830840387));
#1618=CARTESIAN_POINT('Ctrl Pts',(2.66223489935465,1.48825102428553,7.58129040787862));
#1619=CARTESIAN_POINT('Ctrl Pts',(2.94686457048877,0.740443154495717,7.55326250735337));
#1620=CARTESIAN_POINT('Ctrl Pts',(2.95365353664537,-0.00272605925467864,
7.52523460682812));
#1621=CARTESIAN_POINT('Ctrl Pts',(2.95291791377265,-0.00268373024190644,
7.42476539317188));
#1622=CARTESIAN_POINT('Ctrl Pts',(2.94658256866711,0.716206621772121,7.45186049849357));
#1623=CARTESIAN_POINT('Ctrl Pts',(2.68234534077425,1.43926766239587,7.47895560381526));
#1624=CARTESIAN_POINT('Ctrl Pts',(2.20565141428694,1.97234698073045,7.50605070913695));
#1625=CARTESIAN_POINT('Ctrl Pts',(1.5527312838544,2.70249729043271,7.54316244628679));
#1626=CARTESIAN_POINT('Ctrl Pts',(0.501235002605378,3.07623528601893,7.58027418343663));
#1627=CARTESIAN_POINT('Ctrl Pts',(-0.466037391984509,2.92196098219392,7.61738592058648));
#1628=CARTESIAN_POINT('Ctrl Pts',(-1.43330978657438,2.76768667836892,7.65449765773631));
#1629=CARTESIAN_POINT('Ctrl Pts',(-2.31635829450512,2.08540007513272,7.69160939488615));
#1630=CARTESIAN_POINT('Ctrl Pts',(-2.70975762317115,1.18836977350211,7.72872113203598));
#1631=CARTESIAN_POINT('Ctrl Pts',(-3.10315695183718,0.291339471871488,7.76583286918582));
#1632=CARTESIAN_POINT('Ctrl Pts',(-3.00690710123848,-0.820434528153541,
7.80294460633566));
#1633=CARTESIAN_POINT('Ctrl Pts',(-2.46515904714352,-1.63648804465691,7.8400563434855));
#1634=CARTESIAN_POINT('Ctrl Pts',(-1.92341099304856,-2.45254156116027,7.87716808063534));
#1635=CARTESIAN_POINT('Ctrl Pts',(-0.936164735457328,-2.97287459414197,
7.91427981778518));
#1636=CARTESIAN_POINT('Ctrl Pts',(0.043210882030462,-2.95857751426165,7.95139155493501));
#1637=CARTESIAN_POINT('Ctrl Pts',(1.02258649951825,-2.94428043438133,7.98850329208485));
#1638=CARTESIAN_POINT('Ctrl Pts',(1.9940914769026,-2.395353241639,8.0256150292347));
#1639=CARTESIAN_POINT('Ctrl Pts',(2.51181872743506,-1.56383585075701,8.06272676638454));
#1640=CARTESIAN_POINT('Ctrl Pts',(2.80030866027166,-1.10049459143311,8.08340630864698));
#1641=CARTESIAN_POINT('Ctrl Pts',(2.94790136439026,-0.549409546055687,8.10408585090943));
#1642=CARTESIAN_POINT('Ctrl Pts',(2.9494653645143,0.000915753113713877,
8.12476539317188));
#1643=CARTESIAN_POINT('Origin',(0.,0.,3.20597264190976));
#1644=CARTESIAN_POINT('',(2.55065367381213,0.000515483704954076,8.45597264190976));
#1645=CARTESIAN_POINT('',(2.55435,1.03633898407646E-15,8.5));
#1646=CARTESIAN_POINT('',(2.55435,1.03633898407646E-15,3.20597264190976));
#1647=CARTESIAN_POINT('',(2.35747080935298,0.983379532809497,8.5));
#1648=CARTESIAN_POINT('Ctrl Pts',(2.55065367381213,0.000515483704954002,
8.45597264190976));
#1649=CARTESIAN_POINT('Ctrl Pts',(2.5513513233235,0.338307739238995,8.47064842793984));
#1650=CARTESIAN_POINT('Ctrl Pts',(2.48847484392215,0.675903004038344,8.48532421396992));
#1651=CARTESIAN_POINT('Ctrl Pts',(2.36099966372709,0.985896154110739,8.5));
#1652=CARTESIAN_POINT('Origin',(0.,0.,8.5));
#1653=CARTESIAN_POINT('Origin',(0.,0.,3.20597264190976));
#1654=CARTESIAN_POINT('',(2.55405041006435,-0.00235724761587533,7.75597264190976));
#1655=CARTESIAN_POINT('',(2.55042886047634,0.000791859839581466,7.89402735809024));
#1656=CARTESIAN_POINT('',(2.55435,1.03633898407646E-15,3.20597264190976));
#1657=CARTESIAN_POINT('Ctrl Pts',(2.55405041006435,-0.00235724761587515,
7.75597264190976));
#1658=CARTESIAN_POINT('Ctrl Pts',(2.54817993081517,0.6402677629269,7.78400054243501));
#1659=CARTESIAN_POINT('Ctrl Pts',(1.97616830499195,2.14311458032819,7.84914018011008));
#1660=CARTESIAN_POINT('Ctrl Pts',(-0.550657142506562,2.97031928966118,7.95139155493503));
#1661=CARTESIAN_POINT('Ctrl Pts',(-2.79602778636239,1.14344009162114,8.06272676638453));
#1662=CARTESIAN_POINT('Ctrl Pts',(-2.47435824372979,-1.73352569393613,8.17406197783405));
#1663=CARTESIAN_POINT('Ctrl Pts',(0.120491615570259,-3.018463697625,8.28539718928358));
#1664=CARTESIAN_POINT('Ctrl Pts',(2.21559983705455,-1.7637324118791,8.37936741064214));
#1665=CARTESIAN_POINT('Ctrl Pts',(2.54971496372133,-0.453994974188754,8.43622589485087));
#1666=CARTESIAN_POINT('Ctrl Pts',(2.55065367381213,0.000515483704954002,
8.45597264190976));
#1667=CARTESIAN_POINT('',(1.69733541754873,-1.90886259401631,8.5));
#1668=CARTESIAN_POINT('Origin',(0.,0.,8.5));
#1669=CARTESIAN_POINT('Ctrl Pts',(2.55042886047634,0.000791859839581535,
7.89402735809024));
#1670=CARTESIAN_POINT('Ctrl Pts',(2.55150349639484,0.378924395928509,7.91045955297764));
#1671=CARTESIAN_POINT('Ctrl Pts',(2.29520936495587,1.60970899091443,7.96400348501487));
#1672=CARTESIAN_POINT('Ctrl Pts',(0.38797285164112,2.99585008575078,8.05465915420193));
#1673=CARTESIAN_POINT('Ctrl Pts',(-2.30864306160685,1.94708960556069,8.16599436565146));
#1674=CARTESIAN_POINT('Ctrl Pts',(-2.88904918183341,-0.889578189975178,
8.27732957710096));
#1675=CARTESIAN_POINT('Ctrl Pts',(-0.808864122656082,-2.90960235980566,
8.38866478855049));
#1676=CARTESIAN_POINT('Ctrl Pts',(1.06146623185313,-2.47426907910971,8.46288826285016));
#1677=CARTESIAN_POINT('Ctrl Pts',(1.69733541754874,-1.9088625940163,8.5));
#1678=CARTESIAN_POINT('Origin',(0.,0.,3.20597264190976));
#1679=CARTESIAN_POINT('',(2.55836931243675,0.000667408996369103,7.05597264190975));
#1680=CARTESIAN_POINT('',(2.55341431044183,-0.00232064534304716,7.19402735809025));
#1681=CARTESIAN_POINT('',(2.55435,1.03633898407646E-15,3.20597264190976));
#1682=CARTESIAN_POINT('Ctrl Pts',(2.55836931243675,0.00066740899636895,
7.05597264190975));
#1683=CARTESIAN_POINT('Ctrl Pts',(2.55849489976027,0.0367138042816038,7.05755171571947));
#1684=CARTESIAN_POINT('Ctrl Pts',(2.54145018071391,0.919808999356524,7.09624252667901));
#1685=CARTESIAN_POINT('Ctrl Pts',(1.52439740409854,2.60810642993461,7.1720450747884));
#1686=CARTESIAN_POINT('Ctrl Pts',(-1.36924213416348,2.69280197870987,7.28338028623793));
#1687=CARTESIAN_POINT('Ctrl Pts',(-3.0055161645106,0.304727557754111,7.39471549768743));
#1688=CARTESIAN_POINT('Ctrl Pts',(-1.88186768333379,-2.36317640260081,7.50605070913696));
#1689=CARTESIAN_POINT('Ctrl Pts',(0.969899220963217,-2.86099821712661,7.61738592058646));
#1690=CARTESIAN_POINT('Ctrl Pts',(2.43729102908198,-1.2676635006201,7.70069323151074));
#1691=CARTESIAN_POINT('Ctrl Pts',(2.55595303114579,-0.210631877440064,7.74688880528517));
#1692=CARTESIAN_POINT('Ctrl Pts',(2.55405041006435,-0.00235724761587515,
7.75597264190976));
#1693=CARTESIAN_POINT('Ctrl Pts',(2.55341431044183,-0.00232064534304712,
7.19402735809025));
#1694=CARTESIAN_POINT('Ctrl Pts',(2.5479360813388,0.619310218119043,7.22112246341194));
#1695=CARTESIAN_POINT('Ctrl Pts',(2.00649103148658,2.10092514538987,7.28532930588346));
#1696=CARTESIAN_POINT('Ctrl Pts',(-0.475815808091854,2.98322249555453,7.38664788550484));
#1697=CARTESIAN_POINT('Ctrl Pts',(-2.76655543866014,1.21328466382494,7.49798309695436));
#1698=CARTESIAN_POINT('Ctrl Pts',(-2.51687114020709,-1.67079785171054,7.60931830840386));
#1699=CARTESIAN_POINT('Ctrl Pts',(0.0441706452480489,-3.02060761758407,
7.72065351985339));
#1700=CARTESIAN_POINT('Ctrl Pts',(2.19241498915481,-1.80679012361687,7.81555653641551));
#1701=CARTESIAN_POINT('Ctrl Pts',(2.54907645569745,-0.475079307368744,7.8733478158278));
#1702=CARTESIAN_POINT('Ctrl Pts',(2.55042886047634,0.000791859839581535,
7.89402735809024));
#1703=CARTESIAN_POINT('Origin',(0.,0.,3.20597264190976));
#1704=CARTESIAN_POINT('',(2.55203262496722,0.00201537155267822,6.35597264190976));
#1705=CARTESIAN_POINT('',(2.55854346782736,0.000276946382046506,6.49402735809024));
#1706=CARTESIAN_POINT('',(2.55435,1.03633898407646E-15,3.20597264190976));
#1707=CARTESIAN_POINT('Ctrl Pts',(2.55203262496722,0.00201537155267825,
6.35597264190976));
#1708=CARTESIAN_POINT('Ctrl Pts',(2.55409975761493,0.283262325996374,6.36821462615377));
#1709=CARTESIAN_POINT('Ctrl Pts',(2.38137927076369,1.41464543435008,6.41756834754762));
#1710=CARTESIAN_POINT('Ctrl Pts',(0.723370190364941,2.93304258989248,6.50403380609129));
#1711=CARTESIAN_POINT('Ctrl Pts',(-2.0757891472074,2.19479001444125,6.61536901754082));
#1712=CARTESIAN_POINT('Ctrl Pts',(-2.96877380529645,-0.55891444731501,6.72670422899034));
#1713=CARTESIAN_POINT('Ctrl Pts',(-1.13556596105474,-2.79937382743605,6.83803944043985));
#1714=CARTESIAN_POINT('Ctrl Pts',(1.69962985954924,-2.47388153435251,6.94779557807966));
#1715=CARTESIAN_POINT('Ctrl Pts',(2.55554331908623,-0.810456441211811,7.02043997856963));
#1716=CARTESIAN_POINT('Ctrl Pts',(2.55836931243675,0.00066740899636895,
7.05597264190975));
#1717=CARTESIAN_POINT('Ctrl Pts',(2.55854346782736,0.000276946382047141,
6.49402735809024));
#1718=CARTESIAN_POINT('Ctrl Pts',(2.55856608926336,0.0150272229297456,6.4946736366964));
#1719=CARTESIAN_POINT('Ctrl Pts',(2.55176064333316,0.876772158961627,6.53243165245239));
#1720=CARTESIAN_POINT('Ctrl Pts',(1.58942020689453,2.56899770944897,6.60730140535822));
#1721=CARTESIAN_POINT('Ctrl Pts',(-1.30117767793513,2.72634238103756,6.71863661680773));
#1722=CARTESIAN_POINT('Ctrl Pts',(-2.99691750393945,0.380116470037437,6.82997182825726));
#1723=CARTESIAN_POINT('Ctrl Pts',(-1.94062203450533,-2.31516622560651,6.94130703970676));
#1724=CARTESIAN_POINT('Ctrl Pts',(0.897728337436989,-2.8844570160524,7.05264225115629));
#1725=CARTESIAN_POINT('Ctrl Pts',(2.42156893995241,-1.31105380269,7.13688235728411));
#1726=CARTESIAN_POINT('Ctrl Pts',(2.55543952508277,-0.232127742174247,7.1840107262621));
#1727=CARTESIAN_POINT('Ctrl Pts',(2.55341431044183,-0.00232064534304712,
7.19402735809025));
#1728=CARTESIAN_POINT('Origin',(0.,0.,3.20597264190976));
#1729=CARTESIAN_POINT('',(2.55106632172805,-0.0015290116446005,5.65597264190975));
#1730=CARTESIAN_POINT('',(2.55258191024788,0.00217877903553737,5.79402735809024));
#1731=CARTESIAN_POINT('',(2.55435,1.03633898407646E-15,3.20597264190976));
#1732=CARTESIAN_POINT('Ctrl Pts',(2.55106632172805,-0.00152901164460036,
5.65597264190975));
#1733=CARTESIAN_POINT('Ctrl Pts',(2.5482071655029,0.525188858012911,5.67887753658806));
#1734=CARTESIAN_POINT('Ctrl Pts',(2.1323825623142,1.90946631372215,5.73889416841621));
#1735=CARTESIAN_POINT('Ctrl Pts',(-0.136885581610604,3.01782183654643,5.8360225373942));
#1736=CARTESIAN_POINT('Ctrl Pts',(-2.6123740294503,1.51707232812611,5.94735774884372));
#1737=CARTESIAN_POINT('Ctrl Pts',(-2.68894891520283,-1.37679349465275,6.05869296029323));
#1738=CARTESIAN_POINT('Ctrl Pts',(-0.296290693777864,-3.00636207382553,
6.17002817174276));
#1739=CARTESIAN_POINT('Ctrl Pts',(2.07544354597327,-1.99959817372475,6.26912139894825));
#1740=CARTESIAN_POINT('Ctrl Pts',(2.54783321765322,-0.56934153620956,6.33110288900392));
#1741=CARTESIAN_POINT('Ctrl Pts',(2.55203262496722,0.00201537155267825,
6.35597264190976));
#1742=CARTESIAN_POINT('Ctrl Pts',(2.55258191024788,0.00217877903553775,
5.79402735809024));
#1743=CARTESIAN_POINT('Ctrl Pts',(2.55467728633567,0.261854896422492,5.8053365471307));
#1744=CARTESIAN_POINT('Ctrl Pts',(2.3986885206631,1.37121459207067,5.85375747332098));
#1745=CARTESIAN_POINT('Ctrl Pts',(0.796807091666114,2.91394947020071,5.93929013666112));
#1746=CARTESIAN_POINT('Ctrl Pts',(-2.02001097643054,2.24623279810851,6.05062534811063));
#1747=CARTESIAN_POINT('Ctrl Pts',(-2.98187519750843,-0.484175724012177,
6.16196055956016));
#1748=CARTESIAN_POINT('Ctrl Pts',(-1.2055157437515,-2.76997057903961,6.27329577100966));
#1749=CARTESIAN_POINT('Ctrl Pts',(1.66111829199693,-2.51362847389871,6.38398470385304));
#1750=CARTESIAN_POINT('Ctrl Pts',(2.55726708171616,-0.83198887959066,6.45756189954656));
#1751=CARTESIAN_POINT('Ctrl Pts',(2.55854346782736,0.000276946382047141,
6.49402735809024));
#1752=CARTESIAN_POINT('Origin',(0.,0.,3.20597264190976));
#1753=CARTESIAN_POINT('',(2.5575853592697,-0.00157242374335898,4.95597264190976));
#1754=CARTESIAN_POINT('',(2.55070967901633,-0.00125555738822267,5.09402735809024));
#1755=CARTESIAN_POINT('',(2.55435,1.03633898407646E-15,3.20597264190976));
#1756=CARTESIAN_POINT('Ctrl Pts',(2.5575853592697,-0.00157242374335908,
4.95597264190976));
#1757=CARTESIAN_POINT('Ctrl Pts',(2.55250436373509,0.765243133759486,4.98954044702237));
#1758=CARTESIAN_POINT('Ctrl Pts',(1.77776112418229,2.3893062159414,5.06021998928481));
#1759=CARTESIAN_POINT('Ctrl Pts',(-0.985962494486927,2.85536417724644,5.1680112686971));
#1760=CARTESIAN_POINT('Ctrl Pts',(-2.93504550317592,0.715211762636496,5.27934648014662));
#1761=CARTESIAN_POINT('Ctrl Pts',(-2.18896373054701,-2.08198033042104,5.39068169159613));
#1762=CARTESIAN_POINT('Ctrl Pts',(0.567248517820084,-2.96717296569472,5.50201690304565));
#1763=CARTESIAN_POINT('Ctrl Pts',(2.34268149821313,-1.5061454501385,5.59044721981686));
#1764=CARTESIAN_POINT('Ctrl Pts',(2.55283972355603,-0.328227645550552,5.64176579943822));
#1765=CARTESIAN_POINT('Ctrl Pts',(2.55106632172805,-0.00152901164460036,
5.65597264190975));
#1766=CARTESIAN_POINT('Ctrl Pts',(2.55070967901633,-0.00125555738822301,
5.09402735809025));
#1767=CARTESIAN_POINT('Ctrl Pts',(2.54850695469224,0.504192386711952,5.115999457565));
#1768=CARTESIAN_POINT('Ctrl Pts',(2.15815896495069,1.86652182731356,5.17508329418958));
#1769=CARTESIAN_POINT('Ctrl Pts',(-0.061054951591132,3.02029153618306,5.27127886796403));
#1770=CARTESIAN_POINT('Ctrl Pts',(-2.57344441747431,1.5822139461473,5.38261407941353));
#1771=CARTESIAN_POINT('Ctrl Pts',(-2.72268187839621,-1.30882922819828,5.49394929086306));
#1772=CARTESIAN_POINT('Ctrl Pts',(-0.371702903920793,-2.9979701929121,5.60528450231256));
#1773=CARTESIAN_POINT('Ctrl Pts',(2.04712443129322,-2.04218124402477,5.70531052472164));
#1774=CARTESIAN_POINT('Ctrl Pts',(2.54780119236273,-0.590286824622629,5.76822480998086));
#1775=CARTESIAN_POINT('Ctrl Pts',(2.55258191024788,0.00217877903553775,
5.79402735809024));
#1776=CARTESIAN_POINT('Origin',(6.63227884858235E-17,0.,8.5));
#1777=CARTESIAN_POINT('',(0.442085386439634,2.71615478576639,8.5));
#1778=CARTESIAN_POINT('',(2.75,3.36777869765522E-16,8.5));
#1779=CARTESIAN_POINT('Origin',(0.,0.,8.5));
#1780=CARTESIAN_POINT('',(-0.77883722856748,-2.6396185645522,8.50000000000009));
#1781=CARTESIAN_POINT('Origin',(0.,0.,8.5));
#1782=CARTESIAN_POINT('Ctrl Pts',(-0.778937650565407,-2.64180106616457,
8.5));
#1783=CARTESIAN_POINT('Ctrl Pts',(-0.765951779265334,-2.64467889980322,
8.5));
#1784=CARTESIAN_POINT('Ctrl Pts',(-0.752944771430673,-2.64745322326142,
8.5));
#1785=CARTESIAN_POINT('Ctrl Pts',(-0.73991737261618,-2.65012312400571,8.5));
#1786=CARTESIAN_POINT('Ctrl Pts',(-0.64854347628382,-2.66884975065626,8.5));
#1787=CARTESIAN_POINT('Ctrl Pts',(-0.556166200376099,-2.6824435115527,8.5));
#1788=CARTESIAN_POINT('Ctrl Pts',(-0.463155582941358,-2.69102768738481,
8.5));
#1789=CARTESIAN_POINT('Ctrl Pts',(-0.365198655669476,-2.70006837016777,
8.5));
#1790=CARTESIAN_POINT('Ctrl Pts',(-0.26653801979788,-2.70355258332915,8.5));
#1791=CARTESIAN_POINT('Ctrl Pts',(-0.167619290478561,-2.70156471265744,
8.5));
#1792=CARTESIAN_POINT('Ctrl Pts',(-0.153273355846918,-2.70127641677143,
8.5));
#1793=CARTESIAN_POINT('Ctrl Pts',(-0.138919470864574,-2.70087283208021,
8.5));
#1794=CARTESIAN_POINT('Ctrl Pts',(-0.124567364402683,-2.70035442802807,
8.5));
#1795=CARTESIAN_POINT('Ctrl Pts',(-0.0321803660799617,-2.69701737123977,
8.5));
#1796=CARTESIAN_POINT('Ctrl Pts',(0.0599049539547112,-2.6889370388847,8.50000000000001));
#1797=CARTESIAN_POINT('Ctrl Pts',(0.151334632066329,-2.67626850021387,8.50000000000001));
#1798=CARTESIAN_POINT('Ctrl Pts',(0.243243259149561,-2.66353359815104,8.50000000000001));
#1799=CARTESIAN_POINT('Ctrl Pts',(0.334490291815751,-2.64616196152603,8.50000000000001));
#1800=CARTESIAN_POINT('Ctrl Pts',(0.424705797024167,-2.62425930582225,8.50000000000001));
#1801=CARTESIAN_POINT('Ctrl Pts',(0.513981975199705,-2.60258470134478,8.50000000000001));
#1802=CARTESIAN_POINT('Ctrl Pts',(0.602248836899951,-2.57647251859344,8.50000000000001));
#1803=CARTESIAN_POINT('Ctrl Pts',(0.689124563424941,-2.54598042840091,8.50000000000001));
#1804=CARTESIAN_POINT('Ctrl Pts',(0.736532517736218,-2.52934094028927,8.50000000000001));
#1805=CARTESIAN_POINT('Ctrl Pts',(0.783525728594758,-2.51139642758084,8.5));
#1806=CARTESIAN_POINT('Ctrl Pts',(0.830037819554422,-2.49215120957836,8.5));
#1807=CARTESIAN_POINT('Ctrl Pts',(0.844258832589365,-2.48626700849372,8.5));
#1808=CARTESIAN_POINT('Ctrl Pts',(0.85843484430432,-2.48026119062662,8.5));
#1809=CARTESIAN_POINT('Ctrl Pts',(0.87256388822299,-2.47413381741029,8.5));
#1810=CARTESIAN_POINT('Ctrl Pts',(0.88490602330778,-2.46878137683567,8.5));
#1811=CARTESIAN_POINT('Ctrl Pts',(0.897203070722693,-2.46334019292058,8.5));
#1812=CARTESIAN_POINT('Ctrl Pts',(0.909453863979136,-2.45781070600952,8.5));
#1813=CARTESIAN_POINT('Ctrl Pts',(0.992021201657719,-2.42054332230485,8.5));
#1814=CARTESIAN_POINT('Ctrl Pts',(1.07249073797668,-2.3792679563412,8.5));
#1815=CARTESIAN_POINT('Ctrl Pts',(1.15051924406794,-2.33408145271714,8.5));
#1816=CARTESIAN_POINT('Ctrl Pts',(1.22743725239827,-2.28953804113228,8.5));
#1817=CARTESIAN_POINT('Ctrl Pts',(1.30198394315305,-2.24119358896877,8.50000000000001));
#1818=CARTESIAN_POINT('Ctrl Pts',(1.37380072917707,-2.18910087638031,8.50000000000001));
#1819=CARTESIAN_POINT('Ctrl Pts',(1.44331821889502,-2.1386759713931,8.50000000000001));
#1820=CARTESIAN_POINT('Ctrl Pts',(1.51027829485078,-2.08473851977495,8.5));
#1821=CARTESIAN_POINT('Ctrl Pts',(1.57431897987878,-2.02730528044843,8.5));
#1822=CARTESIAN_POINT('Ctrl Pts',(1.61663849744422,-1.98935211084295,8.5));
#1823=CARTESIAN_POINT('Ctrl Pts',(1.65768239751417,-1.94987176027141,8.5));
#1824=CARTESIAN_POINT('Ctrl Pts',(1.69733541754874,-1.9088625940163,8.5));
#1825=CARTESIAN_POINT('Ctrl Pts',(2.3609996637271,0.985896154110722,8.5));
#1826=CARTESIAN_POINT('Ctrl Pts',(2.3418766124334,1.04471156989919,8.5));
#1827=CARTESIAN_POINT('Ctrl Pts',(2.32051492317577,1.10267861866955,8.5));
#1828=CARTESIAN_POINT('Ctrl Pts',(2.29690704407873,1.15966680669161,8.5));
#1829=CARTESIAN_POINT('Ctrl Pts',(2.26373172835464,1.23975028739755,8.5));
#1830=CARTESIAN_POINT('Ctrl Pts',(2.22612313489582,1.31790172738104,8.5));
#1831=CARTESIAN_POINT('Ctrl Pts',(2.18442384730306,1.39395505375796,8.5));
#1832=CARTESIAN_POINT('Ctrl Pts',(2.16198024828886,1.43488885525523,8.5));
#1833=CARTESIAN_POINT('Ctrl Pts',(2.13835073253471,1.47521466482846,8.5));
#1834=CARTESIAN_POINT('Ctrl Pts',(2.11358293969826,1.51490471521669,8.5));
#1835=CARTESIAN_POINT('Ctrl Pts',(2.10200650348225,1.53345579644397,8.5));
#1836=CARTESIAN_POINT('Ctrl Pts',(2.09018134364062,1.55186796645288,8.5));
#1837=CARTESIAN_POINT('Ctrl Pts',(2.07811205296552,1.57013826168817,8.5));
#1838=CARTESIAN_POINT('Ctrl Pts',(2.06837193468104,1.58488269377409,8.5));
#1839=CARTESIAN_POINT('Ctrl Pts',(2.05847224350596,1.59953538412613,8.50000000000001));
#1840=CARTESIAN_POINT('Ctrl Pts',(2.04842504304557,1.61408116032923,8.50000000000001));
#1841=CARTESIAN_POINT('Ctrl Pts',(1.99718888504992,1.68825801095046,8.50000000000001));
#1842=CARTESIAN_POINT('Ctrl Pts',(1.94206588890445,1.7597407430979,8.50000000000001));
#1843=CARTESIAN_POINT('Ctrl Pts',(1.88342404661053,1.82834825603079,8.50000000000001));
#1844=CARTESIAN_POINT('Ctrl Pts',(1.83681087944677,1.88288292520099,8.50000000000001));
#1845=CARTESIAN_POINT('Ctrl Pts',(1.78797317505201,1.93560079320242,8.50000000000001));
#1846=CARTESIAN_POINT('Ctrl Pts',(1.73707440520556,1.98640119479408,8.50000000000001));
#1847=CARTESIAN_POINT('Ctrl Pts',(1.71187729033411,2.01154961308165,8.50000000000001));
#1848=CARTESIAN_POINT('Ctrl Pts',(1.68617480535639,2.03622796740512,8.50000000000001));
#1849=CARTESIAN_POINT('Ctrl Pts',(1.65998532857159,2.06042302315938,8.50000000000001));
#1850=CARTESIAN_POINT('Ctrl Pts',(1.64609997783768,2.07325095545963,8.50000000000001));
#1851=CARTESIAN_POINT('Ctrl Pts',(1.63207771877419,2.08594302040527,8.50000000000001));
#1852=CARTESIAN_POINT('Ctrl Pts',(1.61792119290247,2.09849715677268,8.50000000000001));
#1853=CARTESIAN_POINT('Ctrl Pts',(1.60572053280318,2.10931681351947,8.50000000000001));
#1854=CARTESIAN_POINT('Ctrl Pts',(1.59342606050124,2.1200287253087,8.5));
#1855=CARTESIAN_POINT('Ctrl Pts',(1.58104437485426,2.13062798700241,8.5));
#1856=CARTESIAN_POINT('Ctrl Pts',(1.51051620850105,2.19100316638178,8.5));
#1857=CARTESIAN_POINT('Ctrl Pts',(1.43711635220841,2.24776583344478,8.5));
#1858=CARTESIAN_POINT('Ctrl Pts',(1.36121213300165,2.30072788152778,8.5));
#1859=CARTESIAN_POINT('Ctrl Pts',(1.28418883069386,2.35447076806253,8.5));
#1860=CARTESIAN_POINT('Ctrl Pts',(1.20458613260574,2.40430087477072,8.5));
#1861=CARTESIAN_POINT('Ctrl Pts',(1.12274453470498,2.44999099990556,8.5));
#1862=CARTESIAN_POINT('Ctrl Pts',(1.04160798903291,2.49528751194654,8.5));
#1863=CARTESIAN_POINT('Ctrl Pts',(0.958270164256307,2.53651568248635,8.50000000000001));
#1864=CARTESIAN_POINT('Ctrl Pts',(0.873031547065725,2.5734142987405,8.50000000000001));
#1865=CARTESIAN_POINT('Ctrl Pts',(0.837969066075243,2.58859236091029,8.50000000000001));
#1866=CARTESIAN_POINT('Ctrl Pts',(0.802584659989956,2.60303732025321,8.5));
#1867=CARTESIAN_POINT('Ctrl Pts',(0.766898162141443,2.61672863589818,8.5));
#1868=CARTESIAN_POINT('Ctrl Pts',(0.751308838866362,2.62270956309805,8.5));
#1869=CARTESIAN_POINT('Ctrl Pts',(0.735661860823295,2.62854665335077,8.5));
#1870=CARTESIAN_POINT('Ctrl Pts',(0.719958853598733,2.63423810258942,8.5));
#1871=CARTESIAN_POINT('Ctrl Pts',(0.707377858790035,2.63879799944875,8.5));
#1872=CARTESIAN_POINT('Ctrl Pts',(0.694771414000102,2.64326060866459,8.5));
#1873=CARTESIAN_POINT('Ctrl Pts',(0.682138497258763,2.64762611509449,8.5));
#1874=CARTESIAN_POINT('Ctrl Pts',(0.602844269504267,2.67502750372099,8.5));
#1875=CARTESIAN_POINT('Ctrl Pts',(0.522534261664433,2.69859585803826,8.5));
#1876=CARTESIAN_POINT('Ctrl Pts',(0.441447771178141,2.71818055032455,8.5));
#1877=CARTESIAN_POINT('Ctrl Pts',(1.11313479452882,-2.29905085887835,4.26926196491837));
#1878=CARTESIAN_POINT('Ctrl Pts',(1.87898122165793,-1.92824988159205,4.30637370206821));
#1879=CARTESIAN_POINT('Ctrl Pts',(2.99752023645864,-0.367313889102713,4.38059717636788));
#1880=CARTESIAN_POINT('Ctrl Pts',(1.92834780242188,2.32796677038709,4.49193238781741));
#1881=CARTESIAN_POINT('Ctrl Pts',(-0.914292318194662,2.87837806322903,4.60326759926691));
#1882=CARTESIAN_POINT('Ctrl Pts',(-2.91597275334077,0.789141034085631,4.71460281071643));
#1883=CARTESIAN_POINT('Ctrl Pts',(-2.24065938217494,-2.02657474431796,4.82593802216595));
#1884=CARTESIAN_POINT('Ctrl Pts',(0.492597007622432,-2.98036558149983,4.93727323361546));
#1885=CARTESIAN_POINT('Ctrl Pts',(2.77331474308643,-1.19780915052773,5.04860844506499));
#1886=CARTESIAN_POINT('Ctrl Pts',(2.50742757785733,1.68493701350773,5.1599436565145));
#1887=CARTESIAN_POINT('Ctrl Pts',(-0.061054951591132,3.02029153618306,5.27127886796403));
#1888=CARTESIAN_POINT('Ctrl Pts',(-2.57344441747431,1.5822139461473,5.38261407941353));
#1889=CARTESIAN_POINT('Ctrl Pts',(-2.72268187839621,-1.30882922819828,5.49394929086306));
#1890=CARTESIAN_POINT('Ctrl Pts',(-0.371702903920793,-2.9979701929121,5.60528450231256));
#1891=CARTESIAN_POINT('Ctrl Pts',(2.32060302147726,-1.93411738578659,5.71661971376209));
#1892=CARTESIAN_POINT('Ctrl Pts',(2.88192639755307,0.905819392640431,5.8279549252116));
#1893=CARTESIAN_POINT('Ctrl Pts',(0.796807091666114,2.91394947020071,5.93929013666112));
#1894=CARTESIAN_POINT('Ctrl Pts',(-2.02001097643054,2.24623279810851,6.05062534811063));
#1895=CARTESIAN_POINT('Ctrl Pts',(-2.98187519750843,-0.484175724012177,
6.16196055956016));
#1896=CARTESIAN_POINT('Ctrl Pts',(-1.2055157437515,-2.76997057903961,6.27329577100966));
#1897=CARTESIAN_POINT('Ctrl Pts',(1.67785568571266,-2.51213177125507,6.3846309824592));
#1898=CARTESIAN_POINT('Ctrl Pts',(3.02047042168656,0.0525704184339441,6.49596619390869));
#1899=CARTESIAN_POINT('Ctrl Pts',(1.58942020689453,2.56899770944897,6.60730140535822));
#1900=CARTESIAN_POINT('Ctrl Pts',(-1.30117767793513,2.72634238103756,6.71863661680773));
#1901=CARTESIAN_POINT('Ctrl Pts',(-2.99691750393945,0.380116470037437,6.82997182825726));
#1902=CARTESIAN_POINT('Ctrl Pts',(-1.94062203450533,-2.31516622560651,6.94130703970676));
#1903=CARTESIAN_POINT('Ctrl Pts',(0.897728337436989,-2.8844570160524,7.05264225115629));
#1904=CARTESIAN_POINT('Ctrl Pts',(2.91169915840172,-0.804982196905779,7.1639774626058));
#1905=CARTESIAN_POINT('Ctrl Pts',(2.25189867329787,2.01369881678779,7.27531267405531));
#1906=CARTESIAN_POINT('Ctrl Pts',(-0.475815808091854,2.98322249555453,7.38664788550484));
#1907=CARTESIAN_POINT('Ctrl Pts',(-2.76655543866014,1.21328466382494,7.49798309695436));
#1908=CARTESIAN_POINT('Ctrl Pts',(-2.51687114020709,-1.67079785171054,7.60931830840386));
#1909=CARTESIAN_POINT('Ctrl Pts',(0.0441706452480489,-3.02060761758407,
7.72065351985339));
#1910=CARTESIAN_POINT('Ctrl Pts',(2.5643775568747,-1.59662098104238,7.8319887313029));
#1911=CARTESIAN_POINT('Ctrl Pts',(2.73027071782272,1.29351515980131,7.94332394275242));
#1912=CARTESIAN_POINT('Ctrl Pts',(0.38797285164112,2.99585008575078,8.05465915420193));
#1913=CARTESIAN_POINT('Ctrl Pts',(-2.30864306160685,1.94708960556069,8.16599436565146));
#1914=CARTESIAN_POINT('Ctrl Pts',(-2.88904918183341,-0.889578189975178,
8.27732957710096));
#1915=CARTESIAN_POINT('Ctrl Pts',(-0.808864122656082,-2.90960235980566,
8.38866478855049));
#1916=CARTESIAN_POINT('Ctrl Pts',(1.06146623185313,-2.47426907910971,8.46288826285016));
#1917=CARTESIAN_POINT('Ctrl Pts',(1.69733541754874,-1.9088625940163,8.5));
#1918=CARTESIAN_POINT('Ctrl Pts',(1.17118796143149,-2.41895294430788,4.34617464327891));
#1919=CARTESIAN_POINT('Ctrl Pts',(1.97697547267229,-2.02881363429865,4.38328638042875));
#1920=CARTESIAN_POINT('Ctrl Pts',(3.15384949993737,-0.386470360191887,4.45750985472843));
#1921=CARTESIAN_POINT('Ctrl Pts',(2.02891666198014,2.44937690340008,4.56884506617795));
#1922=CARTESIAN_POINT('Ctrl Pts',(-0.961975280587768,3.02849372122024,4.68018027762746));
#1923=CARTESIAN_POINT('Ctrl Pts',(-3.06804908207054,0.83029699865226,4.79151548907698));
#1924=CARTESIAN_POINT('Ctrl Pts',(-2.35751618489529,-2.1322664201607,4.9028507005265));
#1925=CARTESIAN_POINT('Ctrl Pts',(0.518287352080096,-3.13580018060155,5.01418591197601));
#1926=CARTESIAN_POINT('Ctrl Pts',(2.91795104809221,-1.26027832755364,5.12552112342553));
#1927=CARTESIAN_POINT('Ctrl Pts',(2.63819710585085,1.77281130343777,5.23685633487505));
#1928=CARTESIAN_POINT('Ctrl Pts',(-0.0642391421423347,3.17780838814613,
5.34819154632456));
#1929=CARTESIAN_POINT('Ctrl Pts',(-2.70765691268752,1.66473093397561,5.45952675777407));
#1930=CARTESIAN_POINT('Ctrl Pts',(-2.86467753452544,-1.37708842017138,5.5708619692236));
#1931=CARTESIAN_POINT('Ctrl Pts',(-0.391088274700305,-3.15432292290829,
5.68219718067311));
#1932=CARTESIAN_POINT('Ctrl Pts',(2.44162911389912,-2.03498714563804,5.79353239212263));
#1933=CARTESIAN_POINT('Ctrl Pts',(3.03222711133962,0.953060467704374,5.90486760357214));
#1934=CARTESIAN_POINT('Ctrl Pts',(0.838362863086678,3.06592027892123,6.01620281502166));
#1935=CARTESIAN_POINT('Ctrl Pts',(-2.12536033298314,2.36338027042881,6.12753802647117));
#1936=CARTESIAN_POINT('Ctrl Pts',(-3.13738852740766,-0.509426874415928,
6.2388732379207));
#1937=CARTESIAN_POINT('Ctrl Pts',(-1.26838684168121,-2.91443247631461,6.35020844937021));
#1938=CARTESIAN_POINT('Ctrl Pts',(1.76536066412139,-2.64314663640434,6.46154366081973));
#1939=CARTESIAN_POINT('Ctrl Pts',(3.17799660304086,0.0553121162862528,6.57287887226924));
#1940=CARTESIAN_POINT('Ctrl Pts',(1.67231302185534,2.70297829610588,6.68421408371876));
#1941=CARTESIAN_POINT('Ctrl Pts',(-1.36903781965243,2.86852894286107,6.79554929516828));
#1942=CARTESIAN_POINT('Ctrl Pts',(-3.15321533319143,0.39994063238147,6.9068845066178));
#1943=CARTESIAN_POINT('Ctrl Pts',(-2.04183103041297,-2.4359087735559,7.0182197180673));
#1944=CARTESIAN_POINT('Ctrl Pts',(0.944547440804015,-3.03488970883992,7.12955492951683));
#1945=CARTESIAN_POINT('Ctrl Pts',(3.06355260691834,-0.846964323473318,7.24089014096635));
#1946=CARTESIAN_POINT('Ctrl Pts',(2.36934163723305,2.11871897614069,7.35222535241586));
#1947=CARTESIAN_POINT('Ctrl Pts',(-0.50063096494244,3.13880609090473,7.46356056386538));
#1948=CARTESIAN_POINT('Ctrl Pts',(-2.91083922658539,1.27656093318213,7.5748957753149));
#1949=CARTESIAN_POINT('Ctrl Pts',(-2.64813317701798,-1.75793474386655,7.6862309867644));
#1950=CARTESIAN_POINT('Ctrl Pts',(0.0464742708766646,-3.17814095409727,
7.79756619821394));
#1951=CARTESIAN_POINT('Ctrl Pts',(2.69811718934545,-1.67988933699381,7.90890140966343));
#1952=CARTESIAN_POINT('Ctrl Pts',(2.87266215365803,1.36097567925695,8.02023662111297));
#1953=CARTESIAN_POINT('Ctrl Pts',(0.408206746781877,3.15209224608776,8.13157183256248));
#1954=CARTESIAN_POINT('Ctrl Pts',(-2.42904540787513,2.04863590381821,8.242907044012));
#1955=CARTESIAN_POINT('Ctrl Pts',(-3.03972136921568,-0.935972239814806,
8.35424225546151));
#1956=CARTESIAN_POINT('Ctrl Pts',(-0.85104870276707,-3.06134645427148,8.46557746691103));
#1957=CARTESIAN_POINT('Ctrl Pts',(1.11682473526367,-2.60330929644696,8.53980094121071));
#1958=CARTESIAN_POINT('Ctrl Pts',(1.78585631975131,-2.00841524416195,8.57691267836055));
#1959=CARTESIAN_POINT('Ctrl Pts',(1.22924112833415,-2.5388550297374,4.42308732163946));
#1960=CARTESIAN_POINT('Ctrl Pts',(2.07496972368665,-2.12937738700524,4.4601990587893));
#1961=CARTESIAN_POINT('Ctrl Pts',(3.31017876341611,-0.405626831281062,4.53442253308897));
#1962=CARTESIAN_POINT('Ctrl Pts',(2.12948552153839,2.57078703641308,4.64575774453849));
#1963=CARTESIAN_POINT('Ctrl Pts',(-1.00965824298087,3.17860937921144,4.757092955988));
#1964=CARTESIAN_POINT('Ctrl Pts',(-3.22012541080031,0.871452963218892,4.86842816743753));
#1965=CARTESIAN_POINT('Ctrl Pts',(-2.47437298761565,-2.23795809600343,4.97976337888704));
#1966=CARTESIAN_POINT('Ctrl Pts',(0.543977696537759,-3.29123477970327,5.09109859033656));
#1967=CARTESIAN_POINT('Ctrl Pts',(3.06258735309798,-1.32274750457955,5.20243380178607));
#1968=CARTESIAN_POINT('Ctrl Pts',(2.76896663384436,1.86068559336781,5.31376901323559));
#1969=CARTESIAN_POINT('Ctrl Pts',(-0.067423332693537,3.33532524010919,5.42510422468511));
#1970=CARTESIAN_POINT('Ctrl Pts',(-2.84186940790073,1.74724792180393,5.53643943613462));
#1971=CARTESIAN_POINT('Ctrl Pts',(-3.00667319065466,-1.44534761214447,5.64777464758414));
#1972=CARTESIAN_POINT('Ctrl Pts',(-0.410473645479817,-3.31067565290448,
5.75910985903366));
#1973=CARTESIAN_POINT('Ctrl Pts',(2.56265520632099,-2.13585690548948,5.87044507048317));
#1974=CARTESIAN_POINT('Ctrl Pts',(3.18252782512618,1.00030154276832,5.98178028193269));
#1975=CARTESIAN_POINT('Ctrl Pts',(0.879918634507243,3.21789108764173,6.09311549338221));
#1976=CARTESIAN_POINT('Ctrl Pts',(-2.23070968953575,2.48052774274911,6.20445070483172));
#1977=CARTESIAN_POINT('Ctrl Pts',(-3.29290185730688,-0.534678024819681,
6.31578591628124));
#1978=CARTESIAN_POINT('Ctrl Pts',(-1.33125793961092,-3.05889437358961,6.42712112773076));
#1979=CARTESIAN_POINT('Ctrl Pts',(1.85286564253013,-2.7741615015536,6.53845633918028));
#1980=CARTESIAN_POINT('Ctrl Pts',(3.33552278439516,0.0580538141385602,6.64979155062978));
#1981=CARTESIAN_POINT('Ctrl Pts',(1.75520583681614,2.8369588827628,6.76112676207932));
#1982=CARTESIAN_POINT('Ctrl Pts',(-1.43689796136973,3.01071550468458,6.87246197352881));
#1983=CARTESIAN_POINT('Ctrl Pts',(-3.30951316244342,0.419764794725505,6.98379718497835));
#1984=CARTESIAN_POINT('Ctrl Pts',(-2.14304002632061,-2.5566513215053,7.09513239642785));
#1985=CARTESIAN_POINT('Ctrl Pts',(0.991366544171039,-3.18532240162743,7.20646760787738));
#1986=CARTESIAN_POINT('Ctrl Pts',(3.21540605543495,-0.888946450040859,7.31780281932689));
#1987=CARTESIAN_POINT('Ctrl Pts',(2.48678460116824,2.22373913549359,7.42913803077641));
#1988=CARTESIAN_POINT('Ctrl Pts',(-0.525446121793029,3.29438968625494,7.54047324222593));
#1989=CARTESIAN_POINT('Ctrl Pts',(-3.05512301451063,1.33983720253932,7.65180845367544));
#1990=CARTESIAN_POINT('Ctrl Pts',(-2.77939521382888,-1.84507163602256,7.76314366512496));
#1991=CARTESIAN_POINT('Ctrl Pts',(0.0487778965052816,-3.33567429061047,
7.87447887657448));
#1992=CARTESIAN_POINT('Ctrl Pts',(2.8318568218162,-1.76315769294524,7.98581408802399));
#1993=CARTESIAN_POINT('Ctrl Pts',(3.01505358949335,1.4284361987126,8.09714929947352));
#1994=CARTESIAN_POINT('Ctrl Pts',(0.428440641922635,3.30833440642474,8.20848451092301));
#1995=CARTESIAN_POINT('Ctrl Pts',(-2.54944775414342,2.15018220207574,8.31981972237256));
#1996=CARTESIAN_POINT('Ctrl Pts',(-3.19039355659795,-0.982366289654437,
8.43115493382205));
#1997=CARTESIAN_POINT('Ctrl Pts',(-0.893233282878058,-3.21309054873731,
8.54249014527158));
#1998=CARTESIAN_POINT('Ctrl Pts',(1.1721832386742,-2.7323495137842,8.61671361957125));
#1999=CARTESIAN_POINT('Ctrl Pts',(1.87437722195387,-2.1079678943076,8.65382535672109));
#2000=CARTESIAN_POINT('Ctrl Pts',(1.28729429523681,-2.65875711516693,4.5));
#2001=CARTESIAN_POINT('Ctrl Pts',(2.17296397470101,-2.22994113971184,4.53711173714984));
#2002=CARTESIAN_POINT('Ctrl Pts',(3.46650802689484,-0.424783302370237,4.61133521144951));
#2003=CARTESIAN_POINT('Ctrl Pts',(2.23005438109665,2.69219716942607,4.72267042289904));
#2004=CARTESIAN_POINT('Ctrl Pts',(-1.05734120537398,3.32872503720264,4.83400563434855));
#2005=CARTESIAN_POINT('Ctrl Pts',(-3.37220173953007,0.912608927785524,4.94534084579807));
#2006=CARTESIAN_POINT('Ctrl Pts',(-2.591229790336,-2.34364977184617,5.05667605724758));
#2007=CARTESIAN_POINT('Ctrl Pts',(0.569668040995424,-3.44666937880498,5.1680112686971));
#2008=CARTESIAN_POINT('Ctrl Pts',(3.20722365810376,-1.38521668160546,5.27934648014662));
#2009=CARTESIAN_POINT('Ctrl Pts',(2.89973616183787,1.94855988329784,5.39068169159613));
#2010=CARTESIAN_POINT('Ctrl Pts',(-0.0706075232447397,3.49284209207226,
5.50201690304565));
#2011=CARTESIAN_POINT('Ctrl Pts',(-2.97608190311395,1.82976490963224,5.61335211449517));
#2012=CARTESIAN_POINT('Ctrl Pts',(-3.14866884678389,-1.51360680411757,5.72468732594468));
#2013=CARTESIAN_POINT('Ctrl Pts',(-0.429859016259332,-3.46702838290067,
5.8360225373942));
#2014=CARTESIAN_POINT('Ctrl Pts',(2.68368129874286,-2.23672666534092,5.94735774884372));
#2015=CARTESIAN_POINT('Ctrl Pts',(3.33282853891274,1.04754261783226,6.05869296029324));
#2016=CARTESIAN_POINT('Ctrl Pts',(0.921474405927811,3.36986189636225,6.17002817174274));
#2017=CARTESIAN_POINT('Ctrl Pts',(-2.33605904608836,2.5976752150694,6.28136338319228));
#2018=CARTESIAN_POINT('Ctrl Pts',(-3.44841518720611,-0.55992917522343,6.39269859464178));
#2019=CARTESIAN_POINT('Ctrl Pts',(-1.39412903754063,-3.20335627086461,6.5040338060913));
#2020=CARTESIAN_POINT('Ctrl Pts',(1.94037062093886,-2.90517636670287,6.61536901754082));
#2021=CARTESIAN_POINT('Ctrl Pts',(3.49304896574946,0.0607955119908682,6.72670422899033));
#2022=CARTESIAN_POINT('Ctrl Pts',(1.83809865177694,2.97093946941971,6.83803944043986));
#2023=CARTESIAN_POINT('Ctrl Pts',(-1.50475810308703,3.1529020665081,6.94937465188936));
#2024=CARTESIAN_POINT('Ctrl Pts',(-3.4658109916954,0.43958895706954,7.06070986333889));
#2025=CARTESIAN_POINT('Ctrl Pts',(-2.24424902222826,-2.6773938694547,7.1720450747884));
#2026=CARTESIAN_POINT('Ctrl Pts',(1.03818564753807,-3.33575509441494,7.28338028623792));
#2027=CARTESIAN_POINT('Ctrl Pts',(3.36725950395157,-0.930928576608401,7.39471549768744));
#2028=CARTESIAN_POINT('Ctrl Pts',(2.60422756510342,2.32875929484649,7.50605070913694));
#2029=CARTESIAN_POINT('Ctrl Pts',(-0.550261278643619,3.44997328160514,7.61738592058648));
#2030=CARTESIAN_POINT('Ctrl Pts',(-3.19940680243587,1.40311347189652,7.72872113203598));
#2031=CARTESIAN_POINT('Ctrl Pts',(-2.91065725063978,-1.93220852817857,7.84005634348551));
#2032=CARTESIAN_POINT('Ctrl Pts',(0.0510815221339013,-3.49320762712367,
7.95139155493501));
#2033=CARTESIAN_POINT('Ctrl Pts',(2.96559645428695,-1.84642604889667,8.06272676638454));
#2034=CARTESIAN_POINT('Ctrl Pts',(3.15744502532867,1.49589671816825,8.17406197783405));
#2035=CARTESIAN_POINT('Ctrl Pts',(0.44867453706339,3.46457656676172,8.28539718928357));
#2036=CARTESIAN_POINT('Ctrl Pts',(-2.6698501004117,2.25172850033327,8.39673240073309));
#2037=CARTESIAN_POINT('Ctrl Pts',(-3.34106574398022,-1.02876033949407,8.5080676121826));
#2038=CARTESIAN_POINT('Ctrl Pts',(-0.935417862989046,-3.36483464320313,
8.61940282363212));
#2039=CARTESIAN_POINT('Ctrl Pts',(1.22754174208474,-2.86138973112145,8.6936262979318));
#2040=CARTESIAN_POINT('Ctrl Pts',(1.96289812415643,-2.20752054445325,8.73073803508164));
#2041=CARTESIAN_POINT('',(-2.87854645214098,-0.663390023188906,8.5));
#2042=CARTESIAN_POINT('Ctrl Pts',(-2.88305761819068,-0.665574750335467,
8.5));
#2043=CARTESIAN_POINT('Ctrl Pts',(-2.86292445731493,-0.733770529721051,
8.5));
#2044=CARTESIAN_POINT('Ctrl Pts',(-2.84020777366037,-0.80103662152262,8.5));
#2045=CARTESIAN_POINT('Ctrl Pts',(-2.81487646204443,-0.86723607110006,8.5));
#2046=CARTESIAN_POINT('Ctrl Pts',(-2.78027422317141,-0.957663649516506,
8.5));
#2047=CARTESIAN_POINT('Ctrl Pts',(-2.74079508354484,-1.04610222086092,8.5));
#2048=CARTESIAN_POINT('Ctrl Pts',(-2.69677978132532,-1.13232483734844,8.5));
#2049=CARTESIAN_POINT('Ctrl Pts',(-2.65191146862527,-1.22021843624009,8.5));
#2050=CARTESIAN_POINT('Ctrl Pts',(-2.60232881134147,-1.30581005135296,8.5));
#2051=CARTESIAN_POINT('Ctrl Pts',(-2.54834883019712,-1.38882863978264,8.5));
#2052=CARTESIAN_POINT('Ctrl Pts',(-2.49792499178807,-1.46637805345752,8.5));
#2053=CARTESIAN_POINT('Ctrl Pts',(-2.44366319613684,-1.54168240581564,8.5));
#2054=CARTESIAN_POINT('Ctrl Pts',(-2.38579620914495,-1.61448931080034,8.5));
#2055=CARTESIAN_POINT('Ctrl Pts',(-2.37476463643037,-1.62836898050865,8.5));
#2056=CARTESIAN_POINT('Ctrl Pts',(-2.36360198520735,-1.64215778681102,8.5));
#2057=CARTESIAN_POINT('Ctrl Pts',(-2.35230979315916,-1.65585383462306,8.5));
#2058=CARTESIAN_POINT('Ctrl Pts',(-2.3433338223385,-1.66674058938197,8.5));
#2059=CARTESIAN_POINT('Ctrl Pts',(-2.33428216590765,-1.67756125426204,8.5));
#2060=CARTESIAN_POINT('Ctrl Pts',(-2.32515633525198,-1.68831462619806,8.5));
#2061=CARTESIAN_POINT('Ctrl Pts',(-2.26180968676174,-1.76295879808977,8.5));
#2062=CARTESIAN_POINT('Ctrl Pts',(-2.19488508963318,-1.83437213436366,8.5));
#2063=CARTESIAN_POINT('Ctrl Pts',(-2.12471261889367,-1.90231666013481,8.5));
#2064=CARTESIAN_POINT('Ctrl Pts',(-2.05453542205654,-1.97026576195206,8.5));
#2065=CARTESIAN_POINT('Ctrl Pts',(-1.98110910178813,-2.03474616637409,8.5));
#2066=CARTESIAN_POINT('Ctrl Pts',(-1.90473082890419,-2.0954798678753,8.5));
#2067=CARTESIAN_POINT('Ctrl Pts',(-1.82949924594566,-2.15530175609486,8.5));
#2068=CARTESIAN_POINT('Ctrl Pts',(-1.75140288444251,-2.21148903182605,8.5));
#2069=CARTESIAN_POINT('Ctrl Pts',(-1.67070577703751,-2.2637298853159,8.5));
#2070=CARTESIAN_POINT('Ctrl Pts',(-1.63645832595351,-2.28590064374844,8.5));
#2071=CARTESIAN_POINT('Ctrl Pts',(-1.60174227234759,-2.30735999640158,8.5));
#2072=CARTESIAN_POINT('Ctrl Pts',(-1.5665772129953,-2.32808124836084,8.5));
#2073=CARTESIAN_POINT('Ctrl Pts',(-1.54963870299821,-2.33806238133571,8.5));
#2074=CARTESIAN_POINT('Ctrl Pts',(-1.53259601078895,-2.3478722325903,8.5));
#2075=CARTESIAN_POINT('Ctrl Pts',(-1.5154513130389,-2.35750766579217,8.5));
#2076=CARTESIAN_POINT('Ctrl Pts',(-1.50332584245006,-2.3643222602285,8.5));
#2077=CARTESIAN_POINT('Ctrl Pts',(-1.49115034154389,-2.37104898366377,8.5));
#2078=CARTESIAN_POINT('Ctrl Pts',(-1.47893647206078,-2.3776810430128,8.5));
#2079=CARTESIAN_POINT('Ctrl Pts',(-1.39546051889455,-2.42300799499806,8.5));
#2080=CARTESIAN_POINT('Ctrl Pts',(-1.31005884654291,-2.46399356228753,8.50000000000002));
#2081=CARTESIAN_POINT('Ctrl Pts',(-1.22300994864879,-2.50038384254,8.50000000000005));
#2082=CARTESIAN_POINT('Ctrl Pts',(-1.1382174451218,-2.5358308503862,8.50000000000007));
#2083=CARTESIAN_POINT('Ctrl Pts',(-1.05186125989103,-2.56691797599253,8.5000000000001));
#2084=CARTESIAN_POINT('Ctrl Pts',(-0.964184938985116,-2.59336391063839,
8.50000000000013));
#2085=CARTESIAN_POINT('Ctrl Pts',(-0.903050895982948,-2.6118038598649,8.50000000000015));
#2086=CARTESIAN_POINT('Ctrl Pts',(-0.841274733507726,-2.62798637864169,
8.50000000000017));
#2087=CARTESIAN_POINT('Ctrl Pts',(-0.778937650565515,-2.64180106616487,
8.50000000000018));
#2088=CARTESIAN_POINT('Ctrl Pts',(2.9494653645143,0.000915753113713877,
8.12476539317188));
#2089=CARTESIAN_POINT('Ctrl Pts',(2.95070813645365,0.438210372726041,8.14119758805927));
#2090=CARTESIAN_POINT('Ctrl Pts',(2.85974737973383,0.87502528335411,8.15762978294666));
#2091=CARTESIAN_POINT('Ctrl Pts',(2.67400851544417,1.26695623175635,8.17406197783405));
#2092=CARTESIAN_POINT('Ctrl Pts',(2.25452152924024,2.15212333436608,8.21117371498389));
#2093=CARTESIAN_POINT('Ctrl Pts',(1.35159803315181,2.8083499505639,8.24828545213373));
#2094=CARTESIAN_POINT('Ctrl Pts',(0.380382178861757,2.93432191425807,8.28539718928357));
#2095=CARTESIAN_POINT('Ctrl Pts',(-0.590833675428307,3.06029387795224,8.32250892643341));
#2096=CARTESIAN_POINT('Ctrl Pts',(-1.63034188792,2.65601118914275,8.35962066358325));
#2097=CARTESIAN_POINT('Ctrl Pts',(-2.26196526809394,1.90712170476679,8.39673240073309));
#2098=CARTESIAN_POINT('Ctrl Pts',(-2.84781972745331,1.21249851987427,8.43115493382206));
#2099=CARTESIAN_POINT('Ctrl Pts',(-3.08276023060397,0.221401123667044,8.46557746691103));
#2100=CARTESIAN_POINT('Ctrl Pts',(-2.88305761819067,-0.665574750335528,
8.5));
#2101=CARTESIAN_POINT('',(2.74642794150841,-0.173398678485563,4.5));
#2102=CARTESIAN_POINT('Ctrl Pts',(2.74826060715704,-0.174469844017422,4.50000000000077));
#2103=CARTESIAN_POINT('Ctrl Pts',(2.74892746237925,-0.22743419599294,4.50000000000067));
#2104=CARTESIAN_POINT('Ctrl Pts',(2.74795891860298,-0.280398849992433,4.50000000000053));
#2105=CARTESIAN_POINT('Ctrl Pts',(2.745314900359,-0.333298598510333,4.5000000000004));
#2106=CARTESIAN_POINT('Ctrl Pts',(2.74117722182999,-0.416082502944796,4.50000000000019));
#2107=CARTESIAN_POINT('Ctrl Pts',(2.73293797905776,-0.498707756283028,4.5));
#2108=CARTESIAN_POINT('Ctrl Pts',(2.72074615556749,-0.580976071530229,4.5));
#2109=CARTESIAN_POINT('Ctrl Pts',(2.70733621068064,-0.67146405917865,4.5));
#2110=CARTESIAN_POINT('Ctrl Pts',(2.68921097200616,-0.761076753841367,4.5));
#2111=CARTESIAN_POINT('Ctrl Pts',(2.66666232741909,-0.849552760610831,4.5));
#2112=CARTESIAN_POINT('Ctrl Pts',(2.64278755510879,-0.943232205882512,4.5));
#2113=CARTESIAN_POINT('Ctrl Pts',(2.61395393031909,-1.03563805691662,4.5));
#2114=CARTESIAN_POINT('Ctrl Pts',(2.58044749424526,-1.12646418800404,4.5));
#2115=CARTESIAN_POINT('Ctrl Pts',(2.54717699874089,-1.2166507533363,4.5));
#2116=CARTESIAN_POINT('Ctrl Pts',(2.50929878142345,-1.30528058199667,4.5));
#2117=CARTESIAN_POINT('Ctrl Pts',(2.46703854350904,-1.39204611435623,4.5));
#2118=CARTESIAN_POINT('Ctrl Pts',(2.43296555450724,-1.46200220489718,4.5));
#2119=CARTESIAN_POINT('Ctrl Pts',(2.39604285565607,-1.53074641346176,4.5));
#2120=CARTESIAN_POINT('Ctrl Pts',(2.35636589905415,-1.5981083055573,4.5));
#2121=CARTESIAN_POINT('Ctrl Pts',(2.34796902108622,-1.61236417687551,4.5));
#2122=CARTESIAN_POINT('Ctrl Pts',(2.3394529825614,-1.62655080039601,4.5));
#2123=CARTESIAN_POINT('Ctrl Pts',(2.33082180223054,-1.64066220459783,4.5));
#2124=CARTESIAN_POINT('Ctrl Pts',(2.27949607173629,-1.72457635088994,4.5));
#2125=CARTESIAN_POINT('Ctrl Pts',(2.2240729074183,-1.80588271338706,4.5));
#2126=CARTESIAN_POINT('Ctrl Pts',(2.16480795142578,-1.88426951030961,4.5));
#2127=CARTESIAN_POINT('Ctrl Pts',(2.10555148464579,-1.96264507897479,4.5));
#2128=CARTESIAN_POINT('Ctrl Pts',(2.04245387924658,-2.03810275237664,4.5));
#2129=CARTESIAN_POINT('Ctrl Pts',(1.97572358489264,-2.11031024269305,4.5));
#2130=CARTESIAN_POINT('Ctrl Pts',(1.9558960978182,-2.13176516200349,4.5));
#2131=CARTESIAN_POINT('Ctrl Pts',(1.93574760589938,-2.15293295257756,4.5));
#2132=CARTESIAN_POINT('Ctrl Pts',(1.91528286574068,-2.17380437700603,4.5));
#2133=CARTESIAN_POINT('Ctrl Pts',(1.89946570389719,-2.18993586440971,4.5));
#2134=CARTESIAN_POINT('Ctrl Pts',(1.88345712856512,-2.20589256196594,4.5));
#2135=CARTESIAN_POINT('Ctrl Pts',(1.86727797404494,-2.221652318916,4.5));
#2136=CARTESIAN_POINT('Ctrl Pts',(1.79569093494841,-2.29138367203022,4.5));
#2137=CARTESIAN_POINT('Ctrl Pts',(1.72069977333291,-2.35733325169411,4.5));
#2138=CARTESIAN_POINT('Ctrl Pts',(1.64253812803331,-2.41917097600662,4.5));
#2139=CARTESIAN_POINT('Ctrl Pts',(1.56572789215207,-2.47993953036082,4.5));
#2140=CARTESIAN_POINT('Ctrl Pts',(1.48585530015633,-2.53673791119426,4.5));
#2141=CARTESIAN_POINT('Ctrl Pts',(1.40310353881854,-2.58922144236494,4.5));
#2142=CARTESIAN_POINT('Ctrl Pts',(1.36510295068188,-2.6133225009978,4.5));
#2143=CARTESIAN_POINT('Ctrl Pts',(1.32649472703986,-2.63651315742829,4.5));
#2144=CARTESIAN_POINT('Ctrl Pts',(1.28729429523681,-2.65875711516693,4.5));
#2145=CARTESIAN_POINT('',(1.48331076107625,2.07954156211782,4.5));
#2146=CARTESIAN_POINT('Ctrl Pts',(1.48655000496477,2.08242128291563,4.5));
#2147=CARTESIAN_POINT('Ctrl Pts',(1.5396355103125,2.05069003708553,4.5));
#2148=CARTESIAN_POINT('Ctrl Pts',(1.59139577141153,2.0169650693095,4.5));
#2149=CARTESIAN_POINT('Ctrl Pts',(1.64170188540727,1.98126805584411,4.5));
#2150=CARTESIAN_POINT('Ctrl Pts',(1.71239534359252,1.93110426603186,4.5));
#2151=CARTESIAN_POINT('Ctrl Pts',(1.78021869119821,1.87704828366368,4.5));
#2152=CARTESIAN_POINT('Ctrl Pts',(1.84508625269552,1.8194710541644,4.5));
#2153=CARTESIAN_POINT('Ctrl Pts',(1.87999956323586,1.78848157888339,4.5));
#2154=CARTESIAN_POINT('Ctrl Pts',(1.91405623244338,1.7564712161732,4.5));
#2155=CARTESIAN_POINT('Ctrl Pts',(1.94723979032704,1.72349258936781,4.5));
#2156=CARTESIAN_POINT('Ctrl Pts',(1.96274985183868,1.7080783130532,4.5));
#2157=CARTESIAN_POINT('Ctrl Pts',(1.97806913576055,1.69245245780411,4.5));
#2158=CARTESIAN_POINT('Ctrl Pts',(1.99319577482002,1.67662016075086,4.5));
#2159=CARTESIAN_POINT('Ctrl Pts',(2.00540301211286,1.66384345561102,4.5));
#2160=CARTESIAN_POINT('Ctrl Pts',(2.01748530181486,1.6509315964083,4.5));
#2161=CARTESIAN_POINT('Ctrl Pts',(2.02943053671635,1.6378997199538,4.5));
#2162=CARTESIAN_POINT('Ctrl Pts',(2.09034648110002,1.57144233607949,4.5));
#2163=CARTESIAN_POINT('Ctrl Pts',(2.14777094295846,1.50179507238729,4.5));
#2164=CARTESIAN_POINT('Ctrl Pts',(2.20160924978899,1.42935698897893,4.5));
#2165=CARTESIAN_POINT('Ctrl Pts',(2.24440416149086,1.37177751507253,4.5));
#2166=CARTESIAN_POINT('Ctrl Pts',(2.28493281549454,1.3124335594328,4.5));
#2167=CARTESIAN_POINT('Ctrl Pts',(2.32313344726989,1.25150689295371,4.5));
#2168=CARTESIAN_POINT('Ctrl Pts',(2.34204442608664,1.221345535782,4.5));
#2169=CARTESIAN_POINT('Ctrl Pts',(2.36038467105082,1.1907960791116,4.5));
#2170=CARTESIAN_POINT('Ctrl Pts',(2.37814536904909,1.15987938513548,4.5));
#2171=CARTESIAN_POINT('Ctrl Pts',(2.38756223057753,1.14348711124407,4.5));
#2172=CARTESIAN_POINT('Ctrl Pts',(2.39681615421147,1.12699158742082,4.5));
#2173=CARTESIAN_POINT('Ctrl Pts',(2.40590571805789,1.11039584791644,4.5));
#2174=CARTESIAN_POINT('Ctrl Pts',(2.41373887471385,1.09609405857255,4.5));
#2175=CARTESIAN_POINT('Ctrl Pts',(2.42144612152163,1.08172479152078,4.5));
#2176=CARTESIAN_POINT('Ctrl Pts',(2.42902414621271,1.06729556875826,4.5));
#2177=CARTESIAN_POINT('Ctrl Pts',(2.47219154296787,0.985101064352499,4.5));
#2178=CARTESIAN_POINT('Ctrl Pts',(2.51119798656193,0.900910727632473,4.5));
#2179=CARTESIAN_POINT('Ctrl Pts',(2.54594182627162,0.815124529111604,4.5));
#2180=CARTESIAN_POINT('Ctrl Pts',(2.58119789348983,0.728073586938322,4.5));
#2181=CARTESIAN_POINT('Ctrl Pts',(2.61206531498805,0.639378590546414,4.5));
#2182=CARTESIAN_POINT('Ctrl Pts',(2.63839835483499,0.549422051001695,4.5));
#2183=CARTESIAN_POINT('Ctrl Pts',(2.66450454246027,0.460240463417229,4.5));
#2184=CARTESIAN_POINT('Ctrl Pts',(2.68615456274524,0.369818068665153,4.5));
#2185=CARTESIAN_POINT('Ctrl Pts',(2.70316061845403,0.278505940019961,4.5));
#2186=CARTESIAN_POINT('Ctrl Pts',(2.71015598207951,0.240945111440573,4.5));
#2187=CARTESIAN_POINT('Ctrl Pts',(2.71636498741674,0.203233557012721,4.5));
#2188=CARTESIAN_POINT('Ctrl Pts',(2.72177202200809,0.165395183303968,4.5));
#2189=CARTESIAN_POINT('Ctrl Pts',(2.72413403470247,0.148865842216036,4.5));
#2190=CARTESIAN_POINT('Ctrl Pts',(2.72634298738944,0.132312298056206,4.5));
#2191=CARTESIAN_POINT('Ctrl Pts',(2.72839748296967,0.115736537069905,4.5));
#2192=CARTESIAN_POINT('Ctrl Pts',(2.73004349360563,0.102456450636455,4.5));
#2193=CARTESIAN_POINT('Ctrl Pts',(2.73158899479934,0.0891732011741809,4.5));
#2194=CARTESIAN_POINT('Ctrl Pts',(2.73303393949186,0.0758857502276617,4.5));
#2195=CARTESIAN_POINT('Ctrl Pts',(2.74210364799165,-0.00751765435519321,
4.5));
#2196=CARTESIAN_POINT('Ctrl Pts',(2.74721040419003,-0.0910584562780784,
4.5));
#2197=CARTESIAN_POINT('Ctrl Pts',(2.74826060715571,-0.174469844017309,4.5));
#2198=CARTESIAN_POINT('Ctrl Pts',(1.48655000496476,2.08242128291563,4.50000000000001));
#2199=CARTESIAN_POINT('Ctrl Pts',(0.844214105161197,2.535716560768,4.53442253308898));
#2200=CARTESIAN_POINT('Ctrl Pts',(-0.962641147685984,2.82791438125692,4.60595680332777));
#2201=CARTESIAN_POINT('Ctrl Pts',(-2.91597275334077,0.789141034085631,4.71460281071643));
#2202=CARTESIAN_POINT('Ctrl Pts',(-2.24065938217494,-2.02657474431796,4.82593802216595));
#2203=CARTESIAN_POINT('Ctrl Pts',(0.492597007622432,-2.98036558149983,4.93727323361546));
#2204=CARTESIAN_POINT('Ctrl Pts',(2.32321314175999,-1.54959819112642,5.02663634559023));
#2205=CARTESIAN_POINT('Ctrl Pts',(2.55222744240545,-0.349529000537683,5.07888772041516));
#2206=CARTESIAN_POINT('Ctrl Pts',(2.55070967901633,-0.00125555738822301,
5.09402735809025));
#2207=CARTESIAN_POINT('Origin',(-6.63227884858235E-17,0.,4.5));
#2208=CARTESIAN_POINT('',(2.75,3.36777869765522E-16,4.5));
#2209=CARTESIAN_POINT('Origin',(0.,0.,4.5));
#2210=CARTESIAN_POINT('',(-2.74674604249363,-0.171938603142556,4.49999999999991));
#2211=CARTESIAN_POINT('Origin',(0.,0.,4.5));
#2212=CARTESIAN_POINT('',(-1.48331076107624,2.07954156211782,4.5));
#2213=CARTESIAN_POINT('Ctrl Pts',(-2.74889680912826,-0.171549693292517,
4.5));
#2214=CARTESIAN_POINT('Ctrl Pts',(-2.74881286244585,-0.158249026086762,
4.5));
#2215=CARTESIAN_POINT('Ctrl Pts',(-2.74862329718269,-0.144950785958318,
4.5));
#2216=CARTESIAN_POINT('Ctrl Pts',(-2.74832738957805,-0.131655902840316,
4.5));
#2217=CARTESIAN_POINT('Ctrl Pts',(-2.74625190118709,-0.0384059317771708,
4.5));
#2218=CARTESIAN_POINT('Ctrl Pts',(-2.73894895693606,0.0546800672678579,
4.5));
#2219=CARTESIAN_POINT('Ctrl Pts',(-2.72662109044334,0.147268772032335,4.5));
#2220=CARTESIAN_POINT('Ctrl Pts',(-2.71363761884059,0.244781412987326,4.5));
#2221=CARTESIAN_POINT('Ctrl Pts',(-2.695080385873,0.341743666411361,4.5));
#2222=CARTESIAN_POINT('Ctrl Pts',(-2.67113082376947,0.437739872987167,4.5));
#2223=CARTESIAN_POINT('Ctrl Pts',(-2.66765747872114,0.451661962557188,4.5));
#2224=CARTESIAN_POINT('Ctrl Pts',(-2.66406996604685,0.465566148588704,4.5));
#2225=CARTESIAN_POINT('Ctrl Pts',(-2.66037090827287,0.479443050768183,4.5));
#2226=CARTESIAN_POINT('Ctrl Pts',(-2.63655944628654,0.568771022626162,4.5));
#2227=CARTESIAN_POINT('Ctrl Pts',(-2.60819075844196,0.656749390236938,4.5));
#2228=CARTESIAN_POINT('Ctrl Pts',(-2.57549479307713,0.743067576194272,4.5));
#2229=CARTESIAN_POINT('Ctrl Pts',(-2.54262753202692,0.829837987148158,4.5));
#2230=CARTESIAN_POINT('Ctrl Pts',(-2.50538700118714,0.914931612552113,4.5));
#2231=CARTESIAN_POINT('Ctrl Pts',(-2.46395858644728,0.998011323166381,4.5));
#2232=CARTESIAN_POINT('Ctrl Pts',(-2.42296149733841,1.08022606202568,4.5));
#2233=CARTESIAN_POINT('Ctrl Pts',(-2.37786267433704,1.16046933006106,4.5));
#2234=CARTESIAN_POINT('Ctrl Pts',(-2.32880330825992,1.23838171856604,4.5));
#2235=CARTESIAN_POINT('Ctrl Pts',(-2.30203170795718,1.28089835688558,4.5));
#2236=CARTESIAN_POINT('Ctrl Pts',(-2.27408009212137,1.32272025554121,4.5));
#2237=CARTESIAN_POINT('Ctrl Pts',(-2.24496744239208,1.36378366424114,4.5));
#2238=CARTESIAN_POINT('Ctrl Pts',(-2.23606628135326,1.37633875685688,4.5));
#2239=CARTESIAN_POINT('Ctrl Pts',(-2.22705656639877,1.3888229142001,4.5));
#2240=CARTESIAN_POINT('Ctrl Pts',(-2.21793879501862,1.40123423278894,4.5));
#2241=CARTESIAN_POINT('Ctrl Pts',(-2.20997416091238,1.41207587459093,4.5));
#2242=CARTESIAN_POINT('Ctrl Pts',(-2.20193304153596,1.42285381206042,4.5));
#2243=CARTESIAN_POINT('Ctrl Pts',(-2.19381612574205,1.43356700599559,4.5));
#2244=CARTESIAN_POINT('Ctrl Pts',(-2.13911005169588,1.50577137469534,4.5));
#2245=CARTESIAN_POINT('Ctrl Pts',(-2.08096328750266,1.57503868096376,4.5));
#2246=CARTESIAN_POINT('Ctrl Pts',(-2.01954662838926,1.64105585541588,4.5));
#2247=CARTESIAN_POINT('Ctrl Pts',(-1.95900401793223,1.70613350916693,4.5));
#2248=CARTESIAN_POINT('Ctrl Pts',(-1.89528333352287,1.76805349148221,4.5));
#2249=CARTESIAN_POINT('Ctrl Pts',(-1.82851582832222,1.826477953829,4.5));
#2250=CARTESIAN_POINT('Ctrl Pts',(-1.76388592853166,1.88303191874715,4.5));
#2251=CARTESIAN_POINT('Ctrl Pts',(-1.6964006260623,1.93631097749966,4.5));
#2252=CARTESIAN_POINT('Ctrl Pts',(-1.62615681020689,1.98596596021709,4.5));
#2253=CARTESIAN_POINT('Ctrl Pts',(-1.5797384634659,2.01877884455612,4.5));
#2254=CARTESIAN_POINT('Ctrl Pts',(-1.53211509542755,2.05000828958767,4.5));
#2255=CARTESIAN_POINT('Ctrl Pts',(-1.48331076107624,2.07954156211782,4.5));
#2256=CARTESIAN_POINT('Origin',(0.,0.,4.5));
#2257=CARTESIAN_POINT('Origin',(0.,0.,3.20597264190976));
#2258=CARTESIAN_POINT('Ctrl Pts',(-1.48331076107624,2.07954156211782,4.5));
#2259=CARTESIAN_POINT('Ctrl Pts',(-2.17603553019744,1.58542972361477,4.53711173714984));
#2260=CARTESIAN_POINT('Ctrl Pts',(-3.01664426580218,-0.141132406465401,
4.61133521144952));
#2261=CARTESIAN_POINT('Ctrl Pts',(-1.51014688162886,-2.61866724605834,4.72267042289904));
#2262=CARTESIAN_POINT('Ctrl Pts',(1.38454973085971,-2.68402684904093,4.83400563434854));
#2263=CARTESIAN_POINT('Ctrl Pts',(2.51787663376749,-1.01068298456693,4.91177304068546));
#2264=CARTESIAN_POINT('Ctrl Pts',(2.55812178704017,-0.0825292277930559,
4.95242870987253));
#2265=CARTESIAN_POINT('Ctrl Pts',(2.5575853592697,-0.00157242374335908,
4.95597264190976));
#2266=CARTESIAN_POINT('Ctrl Pts',(-1.71538747165393,2.40490370328892,4.26926196491837));
#2267=CARTESIAN_POINT('Ctrl Pts',(-2.51649498158171,1.83348382310883,4.30637370206821));
#2268=CARTESIAN_POINT('Ctrl Pts',(-3.48862417490933,-0.163213783819288,
4.38059717636789));
#2269=CARTESIAN_POINT('Ctrl Pts',(-1.74642233379593,-3.02838023170526,4.4919323878174));
#2270=CARTESIAN_POINT('Ctrl Pts',(1.60117442987828,-3.10396590602968,4.60326759926692));
#2271=CARTESIAN_POINT('Ctrl Pts',(3.4775518930724,-0.333516614287534,4.71460281071643));
#2272=CARTESIAN_POINT('Ctrl Pts',(2.1609886696562,2.74541336937598,4.82593802216595));
#2273=CARTESIAN_POINT('Ctrl Pts',(-1.14022479641176,3.30211043106308,4.93727323361547));
#2274=CARTESIAN_POINT('Ctrl Pts',(-3.39425858491658,0.827112786747394,5.04860844506498));
#2275=CARTESIAN_POINT('Ctrl Pts',(-2.53144590993242,-2.4077240378428,5.1599436565145));
#2276=CARTESIAN_POINT('Ctrl Pts',(0.655999421238488,-3.43141266492931,5.27127886796402));
#2277=CARTESIAN_POINT('Ctrl Pts',(3.24103025145006,-1.30415626426015,5.38261407941354));
#2278=CARTESIAN_POINT('Ctrl Pts',(2.84986728212292,2.02073626053966,5.49394929086304));
#2279=CARTESIAN_POINT('Ctrl Pts',(-0.15830250673468,3.48998598671213,5.60528450231257));
#2280=CARTESIAN_POINT('Ctrl Pts',(-3.0211023872986,1.75443132588898,5.71661971376208));
#2281=CARTESIAN_POINT('Ctrl Pts',(-3.10965807172438,-1.59220466388875,5.82795492521159));
#2282=CARTESIAN_POINT('Ctrl Pts',(-0.34264791802995,-3.47673324567135,5.93929013666113));
#2283=CARTESIAN_POINT('Ctrl Pts',(2.73901175808753,-2.16861715816363,6.05062534811062));
#2284=CARTESIAN_POINT('Ctrl Pts',(3.30546688988352,1.13091733552565,6.16196055956016));
#2285=CARTESIAN_POINT('Ctrl Pts',(0.836547670576871,3.39194229864443,6.27329577100965));
#2286=CARTESIAN_POINT('Ctrl Pts',(-2.40056419083158,2.53818376599114,6.3846309824592));
#2287=CARTESIAN_POINT('Ctrl Pts',(-3.43326396963835,-0.646361413811157,
6.4959661939087));
#2288=CARTESIAN_POINT('Ctrl Pts',(-1.31323501045499,-3.23735991005387,6.60730140535821));
#2289=CARTESIAN_POINT('Ctrl Pts',(2.01272381975449,-2.8555259786975,6.71863661680774));
#2290=CARTESIAN_POINT('Ctrl Pts',(3.49041939316283,0.148506286464507,6.82997182825724));
#2291=CARTESIAN_POINT('Ctrl Pts',(1.76290247292152,3.01616708517895,6.94130703970678));
#2292=CARTESIAN_POINT('Ctrl Pts',(-1.58347182818288,3.11411398011586,7.05264225115628));
#2293=CARTESIAN_POINT('Ctrl Pts',(-3.47575498657753,0.352404801850039,7.1639774626058));
#2294=CARTESIAN_POINT('Ctrl Pts',(-2.17630204810149,-2.73291565105909,7.27531267405532));
#2295=CARTESIAN_POINT('Ctrl Pts',(1.12164828575776,-3.3086259648803,7.38664788550483));
#2296=CARTESIAN_POINT('Ctrl Pts',(3.38955715195303,-0.846067628116451,7.49798309695436));
#2297=CARTESIAN_POINT('Ctrl Pts',(2.5449572896696,2.39343807755228,7.60931830840386));
#2298=CARTESIAN_POINT('Ctrl Pts',(-0.636812182733134,3.43505125830803,7.7206535198534));
#2299=CARTESIAN_POINT('Ctrl Pts',(-3.23349035211091,1.32234111638924,7.83198873130289));
#2300=CARTESIAN_POINT('Ctrl Pts',(-2.86149284631229,-2.00475068016807,7.94332394275242));
#2301=CARTESIAN_POINT('Ctrl Pts',(0.139343563879084,-3.4907282724702,8.05465915420194));
#2302=CARTESIAN_POINT('Ctrl Pts',(3.00998425009815,-1.77154133873636,8.16599436565144));
#2303=CARTESIAN_POINT('Ctrl Pts',(3.1209345319388,1.57506998038701,8.27732957710099));
#2304=CARTESIAN_POINT('Ctrl Pts',(0.357232622258853,3.47412179213459,8.38866478855047));
#2305=CARTESIAN_POINT('Ctrl Pts',(-1.69050188652377,2.61469181617782,8.46288826285016));
#2306=CARTESIAN_POINT('Ctrl Pts',(-2.30564659443556,1.84664825604869,8.5));
#2307=CARTESIAN_POINT('Ctrl Pts',(-1.63802856812803,2.29644965623189,4.34617464327891));
#2308=CARTESIAN_POINT('Ctrl Pts',(-2.40300849778696,1.75079912327748,4.38328638042875));
#2309=CARTESIAN_POINT('Ctrl Pts',(-3.33129753854028,-0.155853324701326,
4.45750985472843));
#2310=CARTESIAN_POINT('Ctrl Pts',(-1.66766384974024,-2.89180923648962,4.56884506617794));
#2311=CARTESIAN_POINT('Ctrl Pts',(1.52896619687209,-2.96398622036677,4.68018027762746));
#2312=CARTESIAN_POINT('Ctrl Pts',(3.32072458387963,-0.318476001006105,4.79151548907698));
#2313=CARTESIAN_POINT('Ctrl Pts',(2.06353446949505,2.62160334307592,4.90285070052649));
#2314=CARTESIAN_POINT('Ctrl Pts',(-1.08880402910348,3.1531950131242,5.01418591197601));
#2315=CARTESIAN_POINT('Ctrl Pts',(-3.24118755766969,0.789812445377091,5.12552112342552));
#2316=CARTESIAN_POINT('Ctrl Pts',(-2.41728518347062,-2.29914280203555,5.23685633487505));
#2317=CARTESIAN_POINT('Ctrl Pts',(0.626415786765687,-3.27666609851779,5.34819154632456));
#2318=CARTESIAN_POINT('Ctrl Pts',(3.09486936903164,-1.24534267240599,5.45952675777408));
#2319=CARTESIAN_POINT('Ctrl Pts',(2.72134669317004,1.92960702938137,5.57086196922359));
#2320=CARTESIAN_POINT('Ctrl Pts',(-0.151163531693322,3.3325979366569,5.68219718067311));
#2321=CARTESIAN_POINT('Ctrl Pts',(-2.88485960134917,1.67531165996802,5.79353239212263));
#2322=CARTESIAN_POINT('Ctrl Pts',(-2.9694216862172,-1.52040094081009,5.90486760357214));
#2323=CARTESIAN_POINT('Ctrl Pts',(-0.327195509945923,-3.31994285505607,
6.01620281502167));
#2324=CARTESIAN_POINT('Ctrl Pts',(2.61549042553058,-2.07081893572399,6.12753802647118));
#2325=CARTESIAN_POINT('Ctrl Pts',(3.15640010557502,1.07991630718636,6.2388732379207));
#2326=CARTESIAN_POINT('Ctrl Pts',(0.798821843839563,3.23897572906044,6.35020844937021));
#2327=CARTESIAN_POINT('Ctrl Pts',(-2.29230584295685,2.42371918214118,6.46154366081973));
#2328=CARTESIAN_POINT('Ctrl Pts',(-3.27843391485771,-0.617212424979111,
6.57287887226925));
#2329=CARTESIAN_POINT('Ctrl Pts',(-1.25401199398824,-3.09136454918126,6.68421408371876));
#2330=CARTESIAN_POINT('Ctrl Pts',(1.9219559259873,-2.72675019925873,6.79554929516828));
#2331=CARTESIAN_POINT('Ctrl Pts',(3.33301179775801,0.141809091995365,6.90688450661779));
#2332=CARTESIAN_POINT('Ctrl Pts',(1.68340078331386,2.88014686676417,7.01821971806732));
#2333=CARTESIAN_POINT('Ctrl Pts',(-1.51206193017642,2.97367664631386,7.12955492951683));
#2334=CARTESIAN_POINT('Ctrl Pts',(-3.31900871255522,0.336512387151398,7.24089014096635));
#2335=CARTESIAN_POINT('Ctrl Pts',(-2.07815725984559,-2.60966923490633,7.35222535241586));
#2336=CARTESIAN_POINT('Ctrl Pts',(1.07106526415958,-3.15941671562907,7.46356056386538));
#2337=CARTESIAN_POINT('Ctrl Pts',(3.23669814543328,-0.80791247943932,7.5748957753149));
#2338=CARTESIAN_POINT('Ctrl Pts',(2.43018723992728,2.2855010963185,7.68623098676442));
#2339=CARTESIAN_POINT('Ctrl Pts',(-0.608093835990946,3.28014060209241,7.79756619821393));
#2340=CARTESIAN_POINT('Ctrl Pts',(-3.0876694968614,1.26270744146654,7.90890140966345));
#2341=CARTESIAN_POINT('Ctrl Pts',(-2.73244797878479,-1.91434235142409,8.02023662111296));
#2342=CARTESIAN_POINT('Ctrl Pts',(0.133059581109476,-3.3333067475218,8.13157183256249));
#2343=CARTESIAN_POINT('Ctrl Pts',(2.87424285926631,-1.69165006182077,8.24290704401199));
#2344=CARTESIAN_POINT('Ctrl Pts',(2.98018961141417,1.50403898087656,8.35424225546152));
#2345=CARTESIAN_POINT('Ctrl Pts',(0.34112248713295,3.31744917035321,8.46557746691102));
#2346=CARTESIAN_POINT('Ctrl Pts',(-1.61426524931443,2.49677694545615,8.53980094121071));
#2347=CARTESIAN_POINT('Ctrl Pts',(-2.20166874953981,1.76336987921165,8.57691267836055));
#2348=CARTESIAN_POINT('Ctrl Pts',(-1.56066966460214,2.18799560917485,4.42308732163946));
#2349=CARTESIAN_POINT('Ctrl Pts',(-2.2895220139922,1.66811442344613,4.4601990587893));
#2350=CARTESIAN_POINT('Ctrl Pts',(-3.17397090217123,-0.148492865583365,
4.53442253308898));
#2351=CARTESIAN_POINT('Ctrl Pts',(-1.58890536568455,-2.75523824127398,4.64575774453848));
#2352=CARTESIAN_POINT('Ctrl Pts',(1.4567579638659,-2.82400653470385,4.75709295598801));
#2353=CARTESIAN_POINT('Ctrl Pts',(3.16389727468685,-0.30343538772468,4.86842816743752));
#2354=CARTESIAN_POINT('Ctrl Pts',(1.9660802693339,2.49779331677587,4.97976337888704));
#2355=CARTESIAN_POINT('Ctrl Pts',(-1.03738326179521,3.00427959518532,5.09109859033655));
#2356=CARTESIAN_POINT('Ctrl Pts',(-3.0881165304228,0.752512104006796,5.20243380178607));
#2357=CARTESIAN_POINT('Ctrl Pts',(-2.30312445700881,-2.1905615662283,5.31376901323559));
#2358=CARTESIAN_POINT('Ctrl Pts',(0.596832152292885,-3.12191953210625,5.42510422468511));
#2359=CARTESIAN_POINT('Ctrl Pts',(2.94870848661323,-1.18652908055183,5.53643943613462));
#2360=CARTESIAN_POINT('Ctrl Pts',(2.59282610421716,1.8384777982231,5.64777464758414));
#2361=CARTESIAN_POINT('Ctrl Pts',(-0.144024556651962,3.17520988660166,5.75910985903366));
#2362=CARTESIAN_POINT('Ctrl Pts',(-2.74861681539973,1.59619199404707,5.87044507048317));
#2363=CARTESIAN_POINT('Ctrl Pts',(-2.82918530071001,-1.44859721773142,5.98178028193269));
#2364=CARTESIAN_POINT('Ctrl Pts',(-0.311743101861894,-3.1631524644408,6.09311549338221));
#2365=CARTESIAN_POINT('Ctrl Pts',(2.49196909297363,-1.97302071328435,6.20445070483173));
#2366=CARTESIAN_POINT('Ctrl Pts',(3.00733332126651,1.02891527884706,6.31578591628124));
#2367=CARTESIAN_POINT('Ctrl Pts',(0.761096017102252,3.08600915947647,6.42712112773076));
#2368=CARTESIAN_POINT('Ctrl Pts',(-2.18404749508212,2.30925459829121,6.53845633918028));
#2369=CARTESIAN_POINT('Ctrl Pts',(-3.12360386007708,-0.58806343614706,6.64979155062979));
#2370=CARTESIAN_POINT('Ctrl Pts',(-1.19478897752149,-2.94536918830865,6.7611267620793));
#2371=CARTESIAN_POINT('Ctrl Pts',(1.8311880322201,-2.59797441981995,6.87246197352883));
#2372=CARTESIAN_POINT('Ctrl Pts',(3.17560420235319,0.135111897526223,6.98379718497833));
#2373=CARTESIAN_POINT('Ctrl Pts',(1.6038990937062,2.74412664834939,7.09513239642787));
#2374=CARTESIAN_POINT('Ctrl Pts',(-1.44065203216995,2.83323931251187,7.20646760787737));
#2375=CARTESIAN_POINT('Ctrl Pts',(-3.16226243853291,0.320619972452754,7.31780281932689));
#2376=CARTESIAN_POINT('Ctrl Pts',(-1.98001247158969,-2.48642281875357,7.42913803077641));
#2377=CARTESIAN_POINT('Ctrl Pts',(1.0204822425614,-3.01020746637784,7.54047324222592));
#2378=CARTESIAN_POINT('Ctrl Pts',(3.08383913891353,-0.769757330762185,7.65180845367544));
#2379=CARTESIAN_POINT('Ctrl Pts',(2.31541719018496,2.17756411508472,7.76314366512496));
#2380=CARTESIAN_POINT('Ctrl Pts',(-0.579375489248757,3.1252299458768,7.87447887657447));
#2381=CARTESIAN_POINT('Ctrl Pts',(-2.94184864161189,1.20307376654384,7.98581408802399));
#2382=CARTESIAN_POINT('Ctrl Pts',(-2.6034031112573,-1.82393402268011,8.09714929947351));
#2383=CARTESIAN_POINT('Ctrl Pts',(0.12677559833987,-3.1758852225734,8.20848451092302));
#2384=CARTESIAN_POINT('Ctrl Pts',(2.73850146843448,-1.61175878490517,8.31981972237255));
#2385=CARTESIAN_POINT('Ctrl Pts',(2.83944469088953,1.4330079813661,8.43115493382206));
#2386=CARTESIAN_POINT('Ctrl Pts',(0.325012352007044,3.16077654857183,8.54249014527158));
#2387=CARTESIAN_POINT('Ctrl Pts',(-1.53802861210508,2.37886207473447,8.61671361957125));
#2388=CARTESIAN_POINT('Ctrl Pts',(-2.09769090464406,1.68009150237461,8.65382535672109));
#2389=CARTESIAN_POINT('Ctrl Pts',(-1.48331076107624,2.07954156211782,4.5));
#2390=CARTESIAN_POINT('Ctrl Pts',(-2.17603553019744,1.58542972361477,4.53711173714984));
#2391=CARTESIAN_POINT('Ctrl Pts',(-3.01664426580218,-0.141132406465401,
4.61133521144952));
#2392=CARTESIAN_POINT('Ctrl Pts',(-1.51014688162886,-2.61866724605834,4.72267042289904));
#2393=CARTESIAN_POINT('Ctrl Pts',(1.38454973085971,-2.68402684904093,4.83400563434854));
#2394=CARTESIAN_POINT('Ctrl Pts',(3.00706996549407,-0.288394774443253,4.94534084579807));
#2395=CARTESIAN_POINT('Ctrl Pts',(1.86862606917275,2.37398329047581,5.05667605724758));
#2396=CARTESIAN_POINT('Ctrl Pts',(-0.985962494486927,2.85536417724644,5.1680112686971));
#2397=CARTESIAN_POINT('Ctrl Pts',(-2.93504550317592,0.715211762636496,5.27934648014662));
#2398=CARTESIAN_POINT('Ctrl Pts',(-2.18896373054701,-2.08198033042104,5.39068169159613));
#2399=CARTESIAN_POINT('Ctrl Pts',(0.567248517820084,-2.96717296569472,5.50201690304565));
#2400=CARTESIAN_POINT('Ctrl Pts',(2.80254760419481,-1.12771548869767,5.61335211449517));
#2401=CARTESIAN_POINT('Ctrl Pts',(2.46430551526428,1.74734856706482,5.72468732594468));
#2402=CARTESIAN_POINT('Ctrl Pts',(-0.136885581610604,3.01782183654643,5.8360225373942));
#2403=CARTESIAN_POINT('Ctrl Pts',(-2.6123740294503,1.51707232812611,5.94735774884372));
#2404=CARTESIAN_POINT('Ctrl Pts',(-2.68894891520283,-1.37679349465275,6.05869296029323));
#2405=CARTESIAN_POINT('Ctrl Pts',(-0.296290693777864,-3.00636207382553,
6.17002817174276));
#2406=CARTESIAN_POINT('Ctrl Pts',(2.36844776041668,-1.87522249084471,6.28136338319226));
#2407=CARTESIAN_POINT('Ctrl Pts',(2.85826653695801,0.977914250507768,6.39269859464179));
#2408=CARTESIAN_POINT('Ctrl Pts',(0.723370190364941,2.93304258989248,6.50403380609129));
#2409=CARTESIAN_POINT('Ctrl Pts',(-2.0757891472074,2.19479001444125,6.61536901754082));
#2410=CARTESIAN_POINT('Ctrl Pts',(-2.96877380529645,-0.55891444731501,6.72670422899034));
#2411=CARTESIAN_POINT('Ctrl Pts',(-1.13556596105474,-2.79937382743605,6.83803944043985));
#2412=CARTESIAN_POINT('Ctrl Pts',(1.7404201384529,-2.46919864038117,6.94937465188937));
#2413=CARTESIAN_POINT('Ctrl Pts',(3.01819660694837,0.128414703057081,7.06070986333889));
#2414=CARTESIAN_POINT('Ctrl Pts',(1.52439740409854,2.60810642993461,7.1720450747884));
#2415=CARTESIAN_POINT('Ctrl Pts',(-1.36924213416348,2.69280197870987,7.28338028623793));
#2416=CARTESIAN_POINT('Ctrl Pts',(-3.0055161645106,0.304727557754111,7.39471549768743));
#2417=CARTESIAN_POINT('Ctrl Pts',(-1.88186768333379,-2.36317640260081,7.50605070913696));
#2418=CARTESIAN_POINT('Ctrl Pts',(0.969899220963217,-2.86099821712661,7.61738592058646));
#2419=CARTESIAN_POINT('Ctrl Pts',(2.93098013239378,-0.731602182085056,7.728721132036));
#2420=CARTESIAN_POINT('Ctrl Pts',(2.20064714044264,2.06962713385094,7.84005634348549));
#2421=CARTESIAN_POINT('Ctrl Pts',(-0.550657142506562,2.97031928966118,7.95139155493503));
#2422=CARTESIAN_POINT('Ctrl Pts',(-2.79602778636239,1.14344009162114,8.06272676638453));
#2423=CARTESIAN_POINT('Ctrl Pts',(-2.47435824372979,-1.73352569393613,8.17406197783405));
#2424=CARTESIAN_POINT('Ctrl Pts',(0.120491615570259,-3.018463697625,8.28539718928358));
#2425=CARTESIAN_POINT('Ctrl Pts',(2.60276007760264,-1.53186750798958,8.39673240073309));
#2426=CARTESIAN_POINT('Ctrl Pts',(2.69869977036489,1.36197698185564,8.50806761218261));
#2427=CARTESIAN_POINT('Ctrl Pts',(0.308902216881143,3.00410392679045,8.61940282363212));
#2428=CARTESIAN_POINT('Ctrl Pts',(-1.46179197489574,2.2609472040128,8.6936262979318));
#2429=CARTESIAN_POINT('Ctrl Pts',(-1.9937130597483,1.59681312553757,8.73073803508164));
#2430=CARTESIAN_POINT('Ctrl Pts',(-1.29042740588871,-2.66266968591169,4.5));
#2431=CARTESIAN_POINT('Ctrl Pts',(-1.35243333625707,-2.62786630230816,4.5));
#2432=CARTESIAN_POINT('Ctrl Pts',(-1.41295800630801,-2.5907510355173,4.5));
#2433=CARTESIAN_POINT('Ctrl Pts',(-1.4718609742752,-2.5513240342604,4.5));
#2434=CARTESIAN_POINT('Ctrl Pts',(-1.55232163320975,-2.49746728288736,4.5));
#2435=CARTESIAN_POINT('Ctrl Pts',(-1.62975795513467,-2.43929848250501,4.5));
#2436=CARTESIAN_POINT('Ctrl Pts',(-1.70402450107206,-2.37720033313949,4.5));
#2437=CARTESIAN_POINT('Ctrl Pts',(-1.77973034166709,-2.31389871411609,4.5));
#2438=CARTESIAN_POINT('Ctrl Pts',(-1.85214288383162,-2.24651317212616,4.5));
#2439=CARTESIAN_POINT('Ctrl Pts',(-1.92106842120924,-2.17541309693321,4.5));
#2440=CARTESIAN_POINT('Ctrl Pts',(-1.98545322194579,-2.10899701447932,4.5));
#2441=CARTESIAN_POINT('Ctrl Pts',(-2.04679523003579,-2.03933876296172,4.5));
#2442=CARTESIAN_POINT('Ctrl Pts',(-2.10490018023374,-1.96672143740477,4.5));
#2443=CARTESIAN_POINT('Ctrl Pts',(-2.11597701886663,-1.95287803173268,4.5));
#2444=CARTESIAN_POINT('Ctrl Pts',(-2.12693610675129,-1.93892705464614,4.5));
#2445=CARTESIAN_POINT('Ctrl Pts',(-2.13777593850801,-1.92487042694715,4.5));
#2446=CARTESIAN_POINT('Ctrl Pts',(-2.14639249231468,-1.91369685049072,4.5));
#2447=CARTESIAN_POINT('Ctrl Pts',(-2.1549277704994,-1.90246419076873,4.5));
#2448=CARTESIAN_POINT('Ctrl Pts',(-2.16338093598345,-1.89117418963925,4.5));
#2449=CARTESIAN_POINT('Ctrl Pts',(-2.22205775652514,-1.81280575222487,4.5));
#2450=CARTESIAN_POINT('Ctrl Pts',(-2.27678857990469,-1.73166799623338,4.5));
#2451=CARTESIAN_POINT('Ctrl Pts',(-2.32741484360713,-1.64813568005076,4.5));
#2452=CARTESIAN_POINT('Ctrl Pts',(-2.37804451043175,-1.56459774878504,4.5));
#2453=CARTESIAN_POINT('Ctrl Pts',(-2.42456945080505,-1.47866401428476,4.5));
#2454=CARTESIAN_POINT('Ctrl Pts',(-2.46678475343037,-1.39068606321959,4.5));
#2455=CARTESIAN_POINT('Ctrl Pts',(-2.50836624957881,-1.30402898377536,4.5));
#2456=CARTESIAN_POINT('Ctrl Pts',(-2.54576678927615,-1.21538773506554,4.5));
#2457=CARTESIAN_POINT('Ctrl Pts',(-2.57874113095896,-1.12508911813773,4.5));
#2458=CARTESIAN_POINT('Ctrl Pts',(-2.59273528928141,-1.08676680214605,4.5));
#2459=CARTESIAN_POINT('Ctrl Pts',(-2.605931602975,-1.04814593645739,4.5));
#2460=CARTESIAN_POINT('Ctrl Pts',(-2.61830840688149,-1.00925156707691,4.5));
#2461=CARTESIAN_POINT('Ctrl Pts',(-2.62427006364786,-0.990516933956565,
4.5));
#2462=CARTESIAN_POINT('Ctrl Pts',(-2.63004155470195,-0.971718846425206,
4.5));
#2463=CARTESIAN_POINT('Ctrl Pts',(-2.63562030677035,-0.952860124418723,
4.5));
#2464=CARTESIAN_POINT('Ctrl Pts',(-2.63956590313935,-0.939522212254779,
4.5));
#2465=CARTESIAN_POINT('Ctrl Pts',(-2.64341469814649,-0.926155076763551,
4.5));
#2466=CARTESIAN_POINT('Ctrl Pts',(-2.64716266377142,-0.912771599621647,
4.5));
#2467=CARTESIAN_POINT('Ctrl Pts',(-2.67277811489454,-0.821302296300092,
4.5));
#2468=CARTESIAN_POINT('Ctrl Pts',(-2.69373251168043,-0.728921616677572,
4.49999999999998));
#2469=CARTESIAN_POINT('Ctrl Pts',(-2.70984028601126,-0.635957574668233,
4.49999999999995));
#2470=CARTESIAN_POINT('Ctrl Pts',(-2.72553052198203,-0.545403304043034,
4.49999999999993));
#2471=CARTESIAN_POINT('Ctrl Pts',(-2.73662223393616,-0.454294737540406,
4.4999999999999));
#2472=CARTESIAN_POINT('Ctrl Pts',(-2.74289535846075,-0.36293191548519,4.49999999999987));
#2473=CARTESIAN_POINT('Ctrl Pts',(-2.74726944814148,-0.299226950664687,
4.49999999999985));
#2474=CARTESIAN_POINT('Ctrl Pts',(-2.74929978730526,-0.235398298925226,
4.49999999999984));
#2475=CARTESIAN_POINT('Ctrl Pts',(-2.74889680912857,-0.171549693292551,
4.49999999999982));
#2476=CARTESIAN_POINT('',(-2.30564659443556,1.84664825604869,8.5));
#2477=CARTESIAN_POINT('Ctrl Pts',(-2.30564659443557,1.84664825604869,8.5));
#2478=CARTESIAN_POINT('Ctrl Pts',(-1.69050188652378,2.61469181617782,8.46288826285016));
#2479=CARTESIAN_POINT('Ctrl Pts',(-0.666634632132463,3.0444068041562,8.42577652570032));
#2480=CARTESIAN_POINT('Ctrl Pts',(0.305915980009842,2.94275566285414,8.38866478855048));
#2481=CARTESIAN_POINT('Ctrl Pts',(1.27846659215217,2.84110452155207,8.35155305140064));
#2482=CARTESIAN_POINT('Ctrl Pts',(2.19970056204549,2.20808725096954,8.31444131425082));
#2483=CARTESIAN_POINT('Ctrl Pts',(2.64182583335204,1.33381006249104,8.27732957710098));
#2484=CARTESIAN_POINT('Ctrl Pts',(2.84870111176324,0.924726147788395,8.25996458701003));
#2485=CARTESIAN_POINT('Ctrl Pts',(2.95067999385399,0.462820616532964,8.24259959691908));
#2486=CARTESIAN_POINT('Ctrl Pts',(2.94972535182768,0.000596135558726951,
8.22523460682813));
#2487=CARTESIAN_POINT('Ctrl Pts',(0.441447771178316,2.71818055032588,8.49999999999923));
#2488=CARTESIAN_POINT('Ctrl Pts',(0.389959716462831,2.73061637905592,8.49999999999933));
#2489=CARTESIAN_POINT('Ctrl Pts',(0.338107463645428,2.74145787423151,8.49999999999947));
#2490=CARTESIAN_POINT('Ctrl Pts',(0.28594566854724,2.75065145455602,8.4999999999996));
#2491=CARTESIAN_POINT('Ctrl Pts',(0.204316602596629,2.76503867748842,8.49999999999981));
#2492=CARTESIAN_POINT('Ctrl Pts',(0.121929544966082,2.77539185504032,8.5));
#2493=CARTESIAN_POINT('Ctrl Pts',(0.039010959943449,2.78181211452356,8.5));
#2494=CARTESIAN_POINT('Ctrl Pts',(-0.0521922330318233,2.78887383855613,
8.5));
#2495=CARTESIAN_POINT('Ctrl Pts',(-0.143591311100115,2.7911437109615,8.5));
#2496=CARTESIAN_POINT('Ctrl Pts',(-0.23486648684261,2.78884813833163,8.5));
#2497=CARTESIAN_POINT('Ctrl Pts',(-0.331509766695269,2.78641755776813,8.5));
#2498=CARTESIAN_POINT('Ctrl Pts',(-0.428014816656656,2.77886904070492,8.5));
#2499=CARTESIAN_POINT('Ctrl Pts',(-0.524019541139915,2.76641334076249,8.5));
#2500=CARTESIAN_POINT('Ctrl Pts',(-0.619348206140347,2.75404535310825,8.5));
#2501=CARTESIAN_POINT('Ctrl Pts',(-0.714184469358566,2.73683875731105,8.5));
#2502=CARTESIAN_POINT('Ctrl Pts',(-0.808178264175208,2.71494516045359,8.5));
#2503=CARTESIAN_POINT('Ctrl Pts',(-0.883962191682619,2.69729311480144,8.5));
#2504=CARTESIAN_POINT('Ctrl Pts',(-0.959198739257523,2.67659314231336,8.5));
#2505=CARTESIAN_POINT('Ctrl Pts',(-1.03370050859992,2.65290037817236,8.5));
#2506=CARTESIAN_POINT('Ctrl Pts',(-1.04946753127476,2.64788621068697,8.5));
#2507=CARTESIAN_POINT('Ctrl Pts',(-1.06519355775282,2.64274045911234,8.5));
#2508=CARTESIAN_POINT('Ctrl Pts',(-1.08087187143618,2.63746571286206,8.5));
#2509=CARTESIAN_POINT('Ctrl Pts',(-1.17410301563521,2.60609941683015,8.5));
#2510=CARTESIAN_POINT('Ctrl Pts',(-1.26570352392502,2.57015813397527,8.5));
#2511=CARTESIAN_POINT('Ctrl Pts',(-1.35531255116356,2.52982172214484,8.5));
#2512=CARTESIAN_POINT('Ctrl Pts',(-1.44490878502685,2.4894910690964,8.5));
#2513=CARTESIAN_POINT('Ctrl Pts',(-1.5325150190602,2.44476629127374,8.5));
#2514=CARTESIAN_POINT('Ctrl Pts',(-1.61776091697543,2.39577667443842,8.5));
#2515=CARTESIAN_POINT('Ctrl Pts',(-1.6430897554648,2.38122054771767,8.5));
#2516=CARTESIAN_POINT('Ctrl Pts',(-1.6682100979415,2.36628757761283,8.5));
#2517=CARTESIAN_POINT('Ctrl Pts',(-1.69311188047916,2.35098034599231,8.5));
#2518=CARTESIAN_POINT('Ctrl Pts',(-1.71235871312367,2.33914923611874,8.5));
#2519=CARTESIAN_POINT('Ctrl Pts',(-1.73147773031589,2.32709261390085,8.5));
#2520=CARTESIAN_POINT('Ctrl Pts',(-1.75044270013153,2.31482586263044,8.5));
#2521=CARTESIAN_POINT('Ctrl Pts',(-1.83435528433727,2.26055027933579,8.5));
#2522=CARTESIAN_POINT('Ctrl Pts',(-1.91533841213917,2.20211440459185,8.5));
#2523=CARTESIAN_POINT('Ctrl Pts',(-1.99301829277543,2.13967257273841,8.5));
#2524=CARTESIAN_POINT('Ctrl Pts',(-2.06935515734138,2.07831030464011,8.5));
#2525=CARTESIAN_POINT('Ctrl Pts',(-2.14250283777941,2.01307901640008,8.50000000000001));
#2526=CARTESIAN_POINT('Ctrl Pts',(-2.21208454051231,1.94408060779607,8.50000000000001));
#2527=CARTESIAN_POINT('Ctrl Pts',(-2.24403718889649,1.91239581419947,8.50000000000001));
#2528=CARTESIAN_POINT('Ctrl Pts',(-2.27523747975865,1.87991604224975,8.5));
#2529=CARTESIAN_POINT('Ctrl Pts',(-2.30564659443557,1.84664825604869,8.5));
#2530=CARTESIAN_POINT('Origin',(0.,0.,7.7));
#2531=CARTESIAN_POINT('',(0.45,5.51091059616309E-17,7.7));
#2532=CARTESIAN_POINT('Origin',(0.,0.,7.7));
#2533=CARTESIAN_POINT('',(0.45,5.51091059616309E-17,6.7));
#2534=CARTESIAN_POINT('',(0.45,-5.51091059616309E-17,7.7));
#2535=CARTESIAN_POINT('Origin',(0.,0.,6.7));
#2536=CARTESIAN_POINT('Origin',(0.,0.,6.7));
#2537=CARTESIAN_POINT('Origin',(0.,0.,9.7));
#2538=CARTESIAN_POINT('',(2.25,2.75545529808154E-16,9.7));
#2539=CARTESIAN_POINT('Origin',(0.,0.,9.7));
#2540=CARTESIAN_POINT('',(2.25,2.75545529808154E-16,7.7));
#2541=CARTESIAN_POINT('',(2.25,-2.75545529808154E-16,9.7));
#2542=CARTESIAN_POINT('Origin',(0.,0.,7.7));
#2543=CARTESIAN_POINT('Origin',(0.,0.,7.7));
#2544=CARTESIAN_POINT('Origin',(0.,0.,1.75));
#2545=CARTESIAN_POINT('',(0.,-3.25,1.5));
#2546=CARTESIAN_POINT('',(3.25,0.,1.5));
#2547=CARTESIAN_POINT('Origin',(0.,0.,1.5));
#2548=CARTESIAN_POINT('',(2.75,-3.36777869765522E-16,2.));
#2549=CARTESIAN_POINT('',(3.,-3.67394039744206E-16,1.75));
#2550=CARTESIAN_POINT('Origin',(0.,0.,2.));
#2551=CARTESIAN_POINT('',(0.,3.25,1.5));
#2552=CARTESIAN_POINT('Origin',(0.,0.,1.5));
#2553=CARTESIAN_POINT('',(-3.25,0.,1.5));
#2554=CARTESIAN_POINT('Origin',(0.,0.,1.5));
#2555=CARTESIAN_POINT('Origin',(0.,0.,1.5));
#2556=CARTESIAN_POINT('Origin',(0.,0.,1.5));
#2557=CARTESIAN_POINT('',(-2.95,3.25,1.5));
#2558=CARTESIAN_POINT('',(3.25,3.25,1.5));
#2559=CARTESIAN_POINT('',(-3.25,2.95,1.5));
#2560=CARTESIAN_POINT('',(-3.1,3.1,1.5));
#2561=CARTESIAN_POINT('',(-3.25,3.25,1.5));
#2562=CARTESIAN_POINT('Origin',(0.,0.,1.5));
#2563=CARTESIAN_POINT('',(3.25,2.95,1.5));
#2564=CARTESIAN_POINT('',(3.25,-3.25,1.5));
#2565=CARTESIAN_POINT('',(2.95,3.25,1.5));
#2566=CARTESIAN_POINT('',(3.1,3.1,1.5));
#2567=CARTESIAN_POINT('',(3.25,3.25,1.5));
#2568=CARTESIAN_POINT('Origin',(0.,0.,1.5));
#2569=CARTESIAN_POINT('',(2.95,-3.25,1.5));
#2570=CARTESIAN_POINT('',(-3.25,-3.25,1.5));
#2571=CARTESIAN_POINT('',(3.25,-2.95,1.5));
#2572=CARTESIAN_POINT('',(3.1,-3.1,1.5));
#2573=CARTESIAN_POINT('',(3.25,-3.25,1.5));
#2574=CARTESIAN_POINT('Origin',(0.,0.,1.5));
#2575=CARTESIAN_POINT('',(-3.25,-2.95,1.5));
#2576=CARTESIAN_POINT('',(-3.25,3.25,1.5));
#2577=CARTESIAN_POINT('',(-2.95,-3.25,1.5));
#2578=CARTESIAN_POINT('',(-3.1,-3.1,1.5));
#2579=CARTESIAN_POINT('',(-3.25,-3.25,1.5));
#2580=CARTESIAN_POINT('Origin',(0.,0.,1.5));
#2581=CARTESIAN_POINT('Origin',(0.,0.,4.5));
#2582=CARTESIAN_POINT('',(2.75,3.36777869765522E-16,1.5));
#2583=CARTESIAN_POINT('Origin',(3.2,-2.6,-3.95));
#2584=CARTESIAN_POINT('',(3.15,-2.35,-4.));
#2585=CARTESIAN_POINT('',(3.15,-1.55,-4.));
#2586=CARTESIAN_POINT('',(3.15,-2.6,-4.));
#2587=CARTESIAN_POINT('',(3.25,-1.45,-3.9));
#2588=CARTESIAN_POINT('',(3.15,-1.55,-4.));
#2589=CARTESIAN_POINT('',(3.25,-2.45,-3.9));
#2590=CARTESIAN_POINT('',(3.25,-2.6,-3.9));
#2591=CARTESIAN_POINT('',(3.15,-2.35,-4.));
#2592=CARTESIAN_POINT('Origin',(2.5,-1.5,-3.95));
#2593=CARTESIAN_POINT('',(2.35,-1.55,-4.));
#2594=CARTESIAN_POINT('',(2.5,-1.55,-4.));
#2595=CARTESIAN_POINT('',(2.25,-1.45,-3.9));
#2596=CARTESIAN_POINT('',(2.35,-1.55,-4.));
#2597=CARTESIAN_POINT('',(2.5,-1.45,-3.9));
#2598=CARTESIAN_POINT('Origin',(2.3,-2.2,-3.95));
#2599=CARTESIAN_POINT('',(2.35,-2.35,-4.));
#2600=CARTESIAN_POINT('',(2.35,-2.2,-4.));
#2601=CARTESIAN_POINT('',(2.25,-2.45,-3.9));
#2602=CARTESIAN_POINT('',(2.35,-2.35,-4.));
#2603=CARTESIAN_POINT('',(2.25,-2.2,-3.9));
#2604=CARTESIAN_POINT('Origin',(3.,-2.4,-3.95));
#2605=CARTESIAN_POINT('',(3.,-2.45,-3.9));
#2606=CARTESIAN_POINT('',(3.,-2.35,-4.));
#2607=CARTESIAN_POINT('Origin',(3.25,-2.45,0.));
#2608=CARTESIAN_POINT('',(3.25,-2.45,0.));
#2609=CARTESIAN_POINT('',(3.25,-2.45,0.));
#2610=CARTESIAN_POINT('',(2.25,-2.45,0.));
#2611=CARTESIAN_POINT('',(1.625,-2.45,0.));
#2612=CARTESIAN_POINT('',(2.25,-2.45,0.));
#2613=CARTESIAN_POINT('Origin',(3.25,-3.25,0.));
#2614=CARTESIAN_POINT('',(3.25,-1.45,0.));
#2615=CARTESIAN_POINT('',(3.25,-1.45,0.));
#2616=CARTESIAN_POINT('',(3.25,2.95,0.));
#2617=CARTESIAN_POINT('',(3.25,-3.25,0.));
#2618=CARTESIAN_POINT('',(3.25,2.95,0.));
#2619=CARTESIAN_POINT('',(3.25,-2.95,0.));
#2620=CARTESIAN_POINT('',(3.25,-2.95,0.));
#2621=CARTESIAN_POINT('',(3.25,-3.25,0.));
#2622=CARTESIAN_POINT('Origin',(2.75,-1.95,-4.));
#2623=CARTESIAN_POINT('Origin',(-2.5,-2.4,-3.95));
#2624=CARTESIAN_POINT('',(-3.15,-2.35,-4.));
#2625=CARTESIAN_POINT('',(-2.35,-2.35,-4.));
#2626=CARTESIAN_POINT('',(-2.5,-2.35,-4.));
#2627=CARTESIAN_POINT('',(-2.25,-2.45,-3.9));
#2628=CARTESIAN_POINT('',(-2.35,-2.35,-4.));
#2629=CARTESIAN_POINT('',(-3.25,-2.45,-3.9));
#2630=CARTESIAN_POINT('',(-2.5,-2.45,-3.9));
#2631=CARTESIAN_POINT('',(-3.15,-2.35,-4.));
#2632=CARTESIAN_POINT('Origin',(-2.3,-1.7,-3.95));
#2633=CARTESIAN_POINT('',(-2.35,-1.55,-4.));
#2634=CARTESIAN_POINT('',(-2.35,-1.7,-4.));
#2635=CARTESIAN_POINT('',(-2.25,-1.45,-3.9));
#2636=CARTESIAN_POINT('',(-2.35,-1.55,-4.));
#2637=CARTESIAN_POINT('',(-2.25,-1.7,-3.9));
#2638=CARTESIAN_POINT('Origin',(-3.,-1.5,-3.95));
#2639=CARTESIAN_POINT('',(-3.15,-1.55,-4.));
#2640=CARTESIAN_POINT('',(-3.,-1.55,-4.));
#2641=CARTESIAN_POINT('',(-3.25,-1.45,-3.9));
#2642=CARTESIAN_POINT('',(-3.15,-1.55,-4.));
#2643=CARTESIAN_POINT('',(-3.,-1.45,-3.9));
#2644=CARTESIAN_POINT('Origin',(-3.2,0.65,-3.95));
#2645=CARTESIAN_POINT('',(-3.25,0.65,-3.9));
#2646=CARTESIAN_POINT('',(-3.15,0.65,-4.));
#2647=CARTESIAN_POINT('Origin',(-3.25,3.25,0.));
#2648=CARTESIAN_POINT('',(-3.25,-2.45,0.));
#2649=CARTESIAN_POINT('',(-3.25,-2.45,0.));
#2650=CARTESIAN_POINT('',(-3.25,-2.95,0.));
#2651=CARTESIAN_POINT('',(-3.25,3.25,0.));
#2652=CARTESIAN_POINT('',(-3.25,-2.95,0.));
#2653=CARTESIAN_POINT('',(-3.25,2.95,0.));
#2654=CARTESIAN_POINT('',(-3.25,2.95,0.));
#2655=CARTESIAN_POINT('',(-3.25,-1.45,0.));
#2656=CARTESIAN_POINT('',(-3.25,3.25,0.));
#2657=CARTESIAN_POINT('',(-3.25,-1.45,0.));
#2658=CARTESIAN_POINT('Origin',(-2.25,-2.45,0.));
#2659=CARTESIAN_POINT('',(-2.25,-2.45,0.));
#2660=CARTESIAN_POINT('',(-2.25,-2.45,0.));
#2661=CARTESIAN_POINT('',(-1.125,-2.45,0.));
#2662=CARTESIAN_POINT('Origin',(-2.75,-1.95,-4.));
#2663=CARTESIAN_POINT('Origin',(0.,0.,-3.95));
#2664=CARTESIAN_POINT('',(-0.35,-4.28626379701574E-17,-4.));
#2665=CARTESIAN_POINT('Origin',(0.,0.,-4.));
#2666=CARTESIAN_POINT('',(-0.45,5.51091059616309E-17,-3.9));
#2667=CARTESIAN_POINT('',(-0.4,4.89858719658941E-17,-3.95));
#2668=CARTESIAN_POINT('Origin',(0.,0.,-3.9));
#2669=CARTESIAN_POINT('Origin',(0.,0.,0.));
#2670=CARTESIAN_POINT('',(-0.45,5.51091059616309E-17,0.));
#2671=CARTESIAN_POINT('',(-0.45,5.51091059616309E-17,0.));
#2672=CARTESIAN_POINT('Origin',(0.,0.,0.));
#2673=CARTESIAN_POINT('Origin',(0.,0.,-4.));
#2674=CARTESIAN_POINT('Origin',(3.1,3.1,0.));
#2675=CARTESIAN_POINT('',(2.95,3.25,0.));
#2676=CARTESIAN_POINT('',(3.1,3.1,0.));
#2677=CARTESIAN_POINT('',(2.95,3.25,0.));
#2678=CARTESIAN_POINT('Origin',(3.25,3.25,0.));
#2679=CARTESIAN_POINT('',(-2.95,3.25,0.));
#2680=CARTESIAN_POINT('',(3.25,3.25,0.));
#2681=CARTESIAN_POINT('',(-2.95,3.25,0.));
#2682=CARTESIAN_POINT('Origin',(0.,0.,0.));
#2683=CARTESIAN_POINT('',(2.25,-1.45,0.));
#2684=CARTESIAN_POINT('',(1.125,-1.45,0.));
#2685=CARTESIAN_POINT('',(2.25,-1.225,0.));
#2686=CARTESIAN_POINT('',(2.95,-3.25,0.));
#2687=CARTESIAN_POINT('',(3.1,-3.1,0.));
#2688=CARTESIAN_POINT('',(-2.95,-3.25,0.));
#2689=CARTESIAN_POINT('',(-3.25,-3.25,0.));
#2690=CARTESIAN_POINT('',(-3.1,-3.1,0.));
#2691=CARTESIAN_POINT('',(-2.25,-1.45,0.));
#2692=CARTESIAN_POINT('',(-2.25,-0.725,0.));
#2693=CARTESIAN_POINT('',(-1.625,-1.45,0.));
#2694=CARTESIAN_POINT('',(-3.1,3.1,0.));
#2695=CARTESIAN_POINT('Origin',(-3.1,3.1,0.));
#2696=CARTESIAN_POINT('Origin',(-3.1,-3.1,0.));
#2697=CARTESIAN_POINT('',(-2.95,-3.25,0.));
#2698=CARTESIAN_POINT('Origin',(-3.25,-3.25,0.));
#2699=CARTESIAN_POINT('',(2.95,-3.25,0.));
#2700=CARTESIAN_POINT('Origin',(3.1,-3.1,0.));
#2701=CARTESIAN_POINT('Origin',(2.25,-1.45,0.));
#2702=CARTESIAN_POINT('',(2.25,-1.45,0.));
#2703=CARTESIAN_POINT('Origin',(2.25,-2.45,0.));
#2704=CARTESIAN_POINT('Origin',(-2.25,-1.45,0.));
#2705=CARTESIAN_POINT('',(-2.25,-1.45,0.));
#2706=CARTESIAN_POINT('Origin',(-3.25,-1.45,0.));
#2707=CARTESIAN_POINT('Origin',(0.,0.,9.7));
#2708=CARTESIAN_POINT('',(2.75,3.36777869765522E-16,9.7));
#2709=CARTESIAN_POINT('Origin',(0.,0.,9.7));
#2710=CARTESIAN_POINT('Origin',(0.,0.,8.5));
#2711=CARTESIAN_POINT('',(2.75,3.36777869765522E-16,8.5));
#2712=CARTESIAN_POINT('Origin',(0.,0.,8.5));
#2713=CARTESIAN_POINT('Origin',(0.,0.,4.5));
#2714=CARTESIAN_POINT('Origin',(0.,0.,4.5));
#2715=CARTESIAN_POINT('Origin',(0.,0.,8.5));
#2716=CARTESIAN_POINT('Origin',(0.,0.,8.5));
#2717=UNCERTAINTY_MEASURE_WITH_UNIT(LENGTH_MEASURE(0.01),#2721,
'DISTANCE_ACCURACY_VALUE',
'Maximum model space distance between geometric entities at asserted c
onnectivities');
#2718=UNCERTAINTY_MEASURE_WITH_UNIT(LENGTH_MEASURE(0.01),#2721,
'DISTANCE_ACCURACY_VALUE',
'Maximum model space distance between geometric entities at asserted c
onnectivities');
#2719=(
GEOMETRIC_REPRESENTATION_CONTEXT(3)
GLOBAL_UNCERTAINTY_ASSIGNED_CONTEXT((#2717))
GLOBAL_UNIT_ASSIGNED_CONTEXT((#2721,#2723,#2724))
REPRESENTATION_CONTEXT('','3D')
);
#2720=(
GEOMETRIC_REPRESENTATION_CONTEXT(3)
GLOBAL_UNCERTAINTY_ASSIGNED_CONTEXT((#2718))
GLOBAL_UNIT_ASSIGNED_CONTEXT((#2721,#2723,#2724))
REPRESENTATION_CONTEXT('','3D')
);
#2721=(
LENGTH_UNIT()
NAMED_UNIT(*)
SI_UNIT(.MILLI.,.METRE.)
);
#2722=(
LENGTH_UNIT()
NAMED_UNIT(*)
SI_UNIT($,.METRE.)
);
#2723=(
NAMED_UNIT(*)
PLANE_ANGLE_UNIT()
SI_UNIT($,.RADIAN.)
);
#2724=(
NAMED_UNIT(*)
SI_UNIT($,.STERADIAN.)
SOLID_ANGLE_UNIT()
);
#2725=SHAPE_DEFINITION_REPRESENTATION(#2726,#2727);
#2726=PRODUCT_DEFINITION_SHAPE('',$,#2729);
#2727=SHAPE_REPRESENTATION('',(#1036),#2719);
#2728=PRODUCT_DEFINITION_CONTEXT('part definition',#2733,'design');
#2729=PRODUCT_DEFINITION('2026-08-08-15-43-03-547','s-l1200',#2730,#2728);
#2730=PRODUCT_DEFINITION_FORMATION('',$,#2735);
#2731=PRODUCT_RELATED_PRODUCT_CATEGORY('s-l1200','s-l1200',(#2735));
#2732=APPLICATION_PROTOCOL_DEFINITION('international standard',
'automotive_design',2009,#2733);
#2733=APPLICATION_CONTEXT(
'Core Data for Automotive Mechanical Design Process');
#2734=PRODUCT_CONTEXT('part definition',#2733,'mechanical');
#2735=PRODUCT('2026-08-08-15-43-03-547','s-l1200',$,(#2734));
#2736=PRESENTATION_STYLE_ASSIGNMENT((#2737));
#2737=SURFACE_STYLE_USAGE(.BOTH.,#2738);
#2738=SURFACE_SIDE_STYLE('',(#2739));
#2739=SURFACE_STYLE_FILL_AREA(#2740);
#2740=FILL_AREA_STYLE('Steel - Satin',(#2741));
#2741=FILL_AREA_STYLE_COLOUR('Steel - Satin',#2742);
#2742=COLOUR_RGB('Steel - Satin',0.627450980392157,0.627450980392157,0.627450980392157);
ENDSEC;
END-ISO-10303-21;
